SeriesID,ObservationDate,RealtimeStart,RealtimeEnd,Value
CPIAUCSL,1947-01-01,1994-02-17,9999-12-31,21.48
CPIAUCSL,1947-02-01,1994-02-17,9999-12-31,21.62
CPIAUCSL,1947-03-01,1994-02-17,9999-12-31,22
CPIAUCSL,1947-04-01,1994-02-17,9999-12-31,22
CPIAUCSL,1947-05-01,1994-02-17,9999-12-31,21.95
CPIAUCSL,1947-06-01,1994-02-17,9999-12-31,22.08
CPIAUCSL,1947-07-01,1994-02-17,9999-12-31,22.23
CPIAUCSL,1947-08-01,1994-02-17,9999-12-31,22.4
CPIAUCSL,1947-09-01,1994-02-17,9999-12-31,22.84
CPIAUCSL,1947-10-01,1994-02-17,9999-12-31,22.91
CPIAUCSL,1947-11-01,1994-02-17,9999-12-31,23.06
CPIAUCSL,1947-12-01,1994-02-17,9999-12-31,23.41
CPIAUCSL,1948-01-01,1994-02-17,9999-12-31,23.68
CPIAUCSL,1948-02-01,1994-02-17,9999-12-31,23.67
CPIAUCSL,1948-03-01,1994-02-17,9999-12-31,23.5
CPIAUCSL,1948-04-01,1994-02-17,9999-12-31,23.82
CPIAUCSL,1948-05-01,1994-02-17,9999-12-31,24.01
CPIAUCSL,1948-06-01,1994-02-17,9999-12-31,24.15
CPIAUCSL,1948-07-01,1994-02-17,9999-12-31,24.4
CPIAUCSL,1948-08-01,1994-02-17,9999-12-31,24.43
CPIAUCSL,1948-09-01,1994-02-17,9999-12-31,24.36
CPIAUCSL,1948-10-01,1994-02-17,9999-12-31,24.31
CPIAUCSL,1948-11-01,1994-02-17,9999-12-31,24.16
CPIAUCSL,1948-12-01,1994-02-17,9999-12-31,24.05
CPIAUCSL,1949-01-01,1994-02-17,9999-12-31,24.01
CPIAUCSL,1949-02-01,1994-02-17,9999-12-31,23.91
CPIAUCSL,1949-03-01,1994-02-17,9999-12-31,23.91
CPIAUCSL,1949-04-01,1994-02-17,9999-12-31,23.92
CPIAUCSL,1949-05-01,1994-02-17,9999-12-31,23.91
CPIAUCSL,1949-06-01,1994-02-17,9999-12-31,23.92
CPIAUCSL,1949-07-01,1994-02-17,9999-12-31,23.7
CPIAUCSL,1949-08-01,1994-02-17,9999-12-31,23.7
CPIAUCSL,1949-09-01,1994-02-17,9999-12-31,23.75
CPIAUCSL,1949-10-01,1994-02-17,9999-12-31,23.67
CPIAUCSL,1949-11-01,1994-02-17,9999-12-31,23.7
CPIAUCSL,1949-12-01,1994-02-17,9999-12-31,23.61
CPIAUCSL,1950-01-01,1994-02-17,9999-12-31,23.51
CPIAUCSL,1950-02-01,1994-02-17,9999-12-31,23.61
CPIAUCSL,1950-03-01,1994-02-17,9999-12-31,23.64
CPIAUCSL,1950-04-01,1994-02-17,9999-12-31,23.65
CPIAUCSL,1950-05-01,1994-02-17,9999-12-31,23.77
CPIAUCSL,1950-06-01,1994-02-17,9999-12-31,23.88
CPIAUCSL,1950-07-01,1994-02-17,9999-12-31,24.07
CPIAUCSL,1950-08-01,1994-02-17,9999-12-31,24.2
CPIAUCSL,1950-09-01,1994-02-17,9999-12-31,24.34
CPIAUCSL,1950-10-01,1994-02-17,9999-12-31,24.5
CPIAUCSL,1950-11-01,1994-02-17,9999-12-31,24.6
CPIAUCSL,1950-12-01,1994-02-17,9999-12-31,24.98
CPIAUCSL,1951-01-01,1994-02-17,9999-12-31,25.38
CPIAUCSL,1951-02-01,1994-02-17,9999-12-31,25.83
CPIAUCSL,1951-03-01,1994-02-17,9999-12-31,25.88
CPIAUCSL,1951-04-01,1994-02-17,9999-12-31,25.92
CPIAUCSL,1951-05-01,1994-02-17,9999-12-31,25.99
CPIAUCSL,1951-06-01,1994-02-17,9999-12-31,25.93
CPIAUCSL,1951-07-01,1994-02-17,9999-12-31,25.91
CPIAUCSL,1951-08-01,1994-02-17,9999-12-31,25.86
CPIAUCSL,1951-09-01,1994-02-17,9999-12-31,26.03
CPIAUCSL,1951-10-01,1994-02-17,9999-12-31,26.16
CPIAUCSL,1951-11-01,1994-02-17,9999-12-31,26.32
CPIAUCSL,1951-12-01,1994-02-17,9999-12-31,26.47
CPIAUCSL,1952-01-01,1994-02-17,9999-12-31,26.45
CPIAUCSL,1952-02-01,1994-02-17,9999-12-31,26.41
CPIAUCSL,1952-03-01,1994-02-17,9999-12-31,26.39
CPIAUCSL,1952-04-01,1994-02-17,9999-12-31,26.46
CPIAUCSL,1952-05-01,1994-02-17,9999-12-31,26.47
CPIAUCSL,1952-06-01,1994-02-17,9999-12-31,26.53
CPIAUCSL,1952-07-01,1994-02-17,9999-12-31,26.68
CPIAUCSL,1952-08-01,1994-02-17,9999-12-31,26.69
CPIAUCSL,1952-09-01,1994-02-17,9999-12-31,26.63
CPIAUCSL,1952-10-01,1994-02-17,9999-12-31,26.69
CPIAUCSL,1952-11-01,1994-02-17,9999-12-31,26.69
CPIAUCSL,1952-12-01,1994-02-17,9999-12-31,26.71
CPIAUCSL,1953-01-01,1994-02-17,9999-12-31,26.64
CPIAUCSL,1953-02-01,1994-02-17,9999-12-31,26.59
CPIAUCSL,1953-03-01,1994-02-17,9999-12-31,26.63
CPIAUCSL,1953-04-01,1994-02-17,9999-12-31,26.69
CPIAUCSL,1953-05-01,1994-02-17,9999-12-31,26.7
CPIAUCSL,1953-06-01,1994-02-17,9999-12-31,26.77
CPIAUCSL,1953-07-01,1994-02-17,9999-12-31,26.79
CPIAUCSL,1953-08-01,1994-02-17,9999-12-31,26.85
CPIAUCSL,1953-09-01,1994-02-17,9999-12-31,26.89
CPIAUCSL,1953-10-01,1994-02-17,9999-12-31,26.95
CPIAUCSL,1953-11-01,1994-02-17,9999-12-31,26.85
CPIAUCSL,1953-12-01,1994-02-17,9999-12-31,26.87
CPIAUCSL,1954-01-01,1994-02-17,9999-12-31,26.94
CPIAUCSL,1954-02-01,1994-02-17,9999-12-31,26.99
CPIAUCSL,1954-03-01,1994-02-17,9999-12-31,26.93
CPIAUCSL,1954-04-01,1994-02-17,9999-12-31,26.86
CPIAUCSL,1954-05-01,1994-02-17,9999-12-31,26.93
CPIAUCSL,1954-06-01,1994-02-17,9999-12-31,26.94
CPIAUCSL,1954-07-01,1994-02-17,9999-12-31,26.86
CPIAUCSL,1954-08-01,1994-02-17,9999-12-31,26.85
CPIAUCSL,1954-09-01,1994-02-17,9999-12-31,26.81
CPIAUCSL,1954-10-01,1994-02-17,9999-12-31,26.72
CPIAUCSL,1954-11-01,1994-02-17,9999-12-31,26.78
CPIAUCSL,1954-12-01,1994-02-17,9999-12-31,26.77
CPIAUCSL,1955-01-01,1994-02-17,9999-12-31,26.77
CPIAUCSL,1955-02-01,1994-02-17,9999-12-31,26.82
CPIAUCSL,1955-03-01,1994-02-17,9999-12-31,26.79
CPIAUCSL,1955-04-01,1994-02-17,9999-12-31,26.79
CPIAUCSL,1955-05-01,1994-02-17,9999-12-31,26.77
CPIAUCSL,1955-06-01,1994-02-17,9999-12-31,26.71
CPIAUCSL,1955-07-01,1994-02-17,9999-12-31,26.76
CPIAUCSL,1955-08-01,1994-02-17,9999-12-31,26.72
CPIAUCSL,1955-09-01,1994-02-17,9999-12-31,26.85
CPIAUCSL,1955-10-01,1994-02-17,9999-12-31,26.82
CPIAUCSL,1955-11-01,1994-02-17,9999-12-31,26.88
CPIAUCSL,1955-12-01,1994-02-17,9999-12-31,26.87
CPIAUCSL,1956-01-01,1994-02-17,9999-12-31,26.83
CPIAUCSL,1956-02-01,1994-02-17,9999-12-31,26.86
CPIAUCSL,1956-03-01,1994-02-17,9999-12-31,26.89
CPIAUCSL,1956-04-01,1994-02-17,9999-12-31,26.93
CPIAUCSL,1956-05-01,1994-02-17,9999-12-31,27.03
CPIAUCSL,1956-06-01,1994-02-17,9999-12-31,27.15
CPIAUCSL,1956-07-01,1994-02-17,9999-12-31,27.29
CPIAUCSL,1956-08-01,1994-02-17,9999-12-31,27.31
CPIAUCSL,1956-09-01,1994-02-17,9999-12-31,27.35
CPIAUCSL,1956-10-01,1994-02-17,9999-12-31,27.51
CPIAUCSL,1956-11-01,1994-02-17,9999-12-31,27.51
CPIAUCSL,1956-12-01,1994-02-17,9999-12-31,27.63
CPIAUCSL,1957-01-01,1994-02-17,9999-12-31,27.67
CPIAUCSL,1957-02-01,1994-02-17,9999-12-31,27.8
CPIAUCSL,1957-03-01,1994-02-17,9999-12-31,27.86
CPIAUCSL,1957-04-01,1994-02-17,9999-12-31,27.93
CPIAUCSL,1957-05-01,1994-02-17,9999-12-31,28
CPIAUCSL,1957-06-01,1994-02-17,9999-12-31,28.11
CPIAUCSL,1957-07-01,1994-02-17,9999-12-31,28.19
CPIAUCSL,1957-08-01,1994-02-17,9999-12-31,28.28
CPIAUCSL,1957-09-01,1994-02-17,9999-12-31,28.32
CPIAUCSL,1957-10-01,1994-02-17,9999-12-31,28.32
CPIAUCSL,1957-11-01,1994-02-17,9999-12-31,28.41
CPIAUCSL,1957-12-01,1994-02-17,9999-12-31,28.47
CPIAUCSL,1958-01-01,1994-02-17,9999-12-31,28.64
CPIAUCSL,1958-02-01,1994-02-17,9999-12-31,28.7
CPIAUCSL,1958-03-01,1994-02-17,9999-12-31,28.87
CPIAUCSL,1958-04-01,1994-02-17,9999-12-31,28.94
CPIAUCSL,1958-05-01,1994-02-17,9999-12-31,28.94
CPIAUCSL,1958-06-01,1994-02-17,9999-12-31,28.91
CPIAUCSL,1958-07-01,1994-02-17,9999-12-31,28.89
CPIAUCSL,1958-08-01,1994-02-17,9999-12-31,28.94
CPIAUCSL,1958-09-01,1994-02-17,9999-12-31,28.91
CPIAUCSL,1958-10-01,1994-02-17,9999-12-31,28.91
CPIAUCSL,1958-11-01,1994-02-17,9999-12-31,28.95
CPIAUCSL,1958-12-01,1994-02-17,9999-12-31,28.97
CPIAUCSL,1959-01-01,1994-02-17,9999-12-31,29.01
CPIAUCSL,1959-02-01,1994-02-17,9999-12-31,29
CPIAUCSL,1959-03-01,1994-02-17,9999-12-31,28.97
CPIAUCSL,1959-04-01,1994-02-17,9999-12-31,28.98
CPIAUCSL,1959-05-01,1994-02-17,9999-12-31,29.04
CPIAUCSL,1959-06-01,1994-02-17,9999-12-31,29.11
CPIAUCSL,1959-07-01,1994-02-17,9999-12-31,29.15
CPIAUCSL,1959-08-01,1994-02-17,9999-12-31,29.18
CPIAUCSL,1959-09-01,1994-02-17,9999-12-31,29.25
CPIAUCSL,1959-10-01,1994-02-17,9999-12-31,29.35
CPIAUCSL,1959-11-01,1994-02-17,9999-12-31,29.35
CPIAUCSL,1959-12-01,1994-02-17,9999-12-31,29.41
CPIAUCSL,1960-01-01,1994-02-17,9999-12-31,29.37
CPIAUCSL,1960-02-01,1994-02-17,9999-12-31,29.41
CPIAUCSL,1960-03-01,1994-02-17,9999-12-31,29.41
CPIAUCSL,1960-04-01,1994-02-17,9999-12-31,29.54
CPIAUCSL,1960-05-01,1994-02-17,9999-12-31,29.57
CPIAUCSL,1960-06-01,1994-02-17,9999-12-31,29.61
CPIAUCSL,1960-07-01,1994-02-17,9999-12-31,29.55
CPIAUCSL,1960-08-01,1994-02-17,9999-12-31,29.61
CPIAUCSL,1960-09-01,1994-02-17,9999-12-31,29.61
CPIAUCSL,1960-10-01,1994-02-17,9999-12-31,29.75
CPIAUCSL,1960-11-01,1994-02-17,9999-12-31,29.78
CPIAUCSL,1960-12-01,1994-02-17,9999-12-31,29.81
CPIAUCSL,1961-01-01,1994-02-17,9999-12-31,29.84
CPIAUCSL,1961-02-01,1994-02-17,9999-12-31,29.84
CPIAUCSL,1961-03-01,1994-02-17,9999-12-31,29.84
CPIAUCSL,1961-04-01,1994-02-17,9999-12-31,29.81
CPIAUCSL,1961-05-01,1994-02-17,9999-12-31,29.84
CPIAUCSL,1961-06-01,1994-02-17,9999-12-31,29.84
CPIAUCSL,1961-07-01,1994-02-17,9999-12-31,29.92
CPIAUCSL,1961-08-01,1994-02-17,9999-12-31,29.94
CPIAUCSL,1961-09-01,1994-02-17,9999-12-31,29.98
CPIAUCSL,1961-10-01,1994-02-17,9999-12-31,29.98
CPIAUCSL,1961-11-01,1994-02-17,9999-12-31,29.98
CPIAUCSL,1961-12-01,1994-02-17,9999-12-31,30.01
CPIAUCSL,1962-01-01,1994-02-17,9999-12-31,30.04
CPIAUCSL,1962-02-01,1994-02-17,9999-12-31,30.11
CPIAUCSL,1962-03-01,1994-02-17,9999-12-31,30.17
CPIAUCSL,1962-04-01,1994-02-17,9999-12-31,30.21
CPIAUCSL,1962-05-01,1994-02-17,9999-12-31,30.24
CPIAUCSL,1962-06-01,1994-02-17,9999-12-31,30.21
CPIAUCSL,1962-07-01,1994-02-17,9999-12-31,30.22
CPIAUCSL,1962-08-01,1994-02-17,9999-12-31,30.28
CPIAUCSL,1962-09-01,1994-02-17,9999-12-31,30.42
CPIAUCSL,1962-10-01,1994-02-17,9999-12-31,30.38
CPIAUCSL,1962-11-01,1994-02-17,9999-12-31,30.38
CPIAUCSL,1962-12-01,1994-02-17,9999-12-31,30.38
CPIAUCSL,1963-01-01,1994-02-17,9999-12-31,30.44
CPIAUCSL,1963-02-01,1994-02-17,9999-12-31,30.48
CPIAUCSL,1963-03-01,1994-02-17,9999-12-31,30.51
CPIAUCSL,1963-04-01,1994-02-17,9999-12-31,30.48
CPIAUCSL,1963-05-01,1994-02-17,9999-12-31,30.51
CPIAUCSL,1963-06-01,1994-02-17,9999-12-31,30.61
CPIAUCSL,1963-07-01,1994-02-17,9999-12-31,30.69
CPIAUCSL,1963-08-01,1994-02-17,9999-12-31,30.75
CPIAUCSL,1963-09-01,1994-02-17,9999-12-31,30.72
CPIAUCSL,1963-10-01,1994-02-17,9999-12-31,30.75
CPIAUCSL,1963-11-01,1994-02-17,9999-12-31,30.78
CPIAUCSL,1963-12-01,1994-02-17,9999-12-31,30.88
CPIAUCSL,1964-01-01,1994-02-17,9999-12-31,30.94
CPIAUCSL,1964-02-01,1994-02-17,9999-12-31,30.91
CPIAUCSL,1964-03-01,1994-02-17,9999-12-31,30.94
CPIAUCSL,1964-04-01,1994-02-17,9999-12-31,30.95
CPIAUCSL,1964-05-01,1994-02-17,9999-12-31,30.98
CPIAUCSL,1964-06-01,1994-02-17,9999-12-31,31.01
CPIAUCSL,1964-07-01,1994-02-17,9999-12-31,31.02
CPIAUCSL,1964-08-01,1994-02-17,9999-12-31,31.05
CPIAUCSL,1964-09-01,1994-02-17,9999-12-31,31.08
CPIAUCSL,1964-10-01,1994-02-17,9999-12-31,31.12
CPIAUCSL,1964-11-01,1994-02-17,9999-12-31,31.21
CPIAUCSL,1964-12-01,1994-02-17,9999-12-31,31.25
CPIAUCSL,1965-01-01,1994-02-17,9999-12-31,31.28
CPIAUCSL,1965-02-01,1994-02-17,9999-12-31,31.28
CPIAUCSL,1965-03-01,1994-02-17,9999-12-31,31.31
CPIAUCSL,1965-04-01,1994-02-17,9999-12-31,31.38
CPIAUCSL,1965-05-01,1994-02-17,9999-12-31,31.48
CPIAUCSL,1965-06-01,1994-02-17,9999-12-31,31.61
CPIAUCSL,1965-07-01,1994-02-17,9999-12-31,31.58
CPIAUCSL,1965-08-01,1994-02-17,9999-12-31,31.55
CPIAUCSL,1965-09-01,1994-02-17,9999-12-31,31.62
CPIAUCSL,1965-10-01,1994-02-17,9999-12-31,31.65
CPIAUCSL,1965-11-01,1994-02-17,9999-12-31,31.75
CPIAUCSL,1965-12-01,1994-02-17,9999-12-31,31.85
CPIAUCSL,1966-01-01,1994-02-17,9999-12-31,31.88
CPIAUCSL,1966-02-01,1994-02-17,9999-12-31,32.08
CPIAUCSL,1966-03-01,1994-02-17,9999-12-31,32.18
CPIAUCSL,1966-04-01,1994-02-17,9999-12-31,32.28
CPIAUCSL,1966-05-01,1994-02-17,9999-12-31,32.35
CPIAUCSL,1966-06-01,1994-02-17,9999-12-31,32.38
CPIAUCSL,1966-07-01,1994-02-17,9999-12-31,32.45
CPIAUCSL,1966-08-01,1994-02-17,9999-12-31,32.65
CPIAUCSL,1966-09-01,1994-02-17,9999-12-31,32.75
CPIAUCSL,1966-10-01,1994-02-17,9999-12-31,32.85
CPIAUCSL,1966-11-01,1994-02-17,9999-12-31,32.88
CPIAUCSL,1966-12-01,1994-02-17,9999-12-31,32.92
CPIAUCSL,1967-01-01,1994-02-17,9999-12-31,32.9
CPIAUCSL,1967-02-01,1994-02-17,9999-12-31,33
CPIAUCSL,1967-03-01,1994-02-17,9999-12-31,33
CPIAUCSL,1967-04-01,1994-02-17,9999-12-31,33.1
CPIAUCSL,1967-05-01,1994-02-17,9999-12-31,33.1
CPIAUCSL,1967-06-01,1994-02-17,9999-12-31,33.3
CPIAUCSL,1967-07-01,1994-02-17,9999-12-31,33.4
CPIAUCSL,1967-08-01,1994-02-17,9999-12-31,33.5
CPIAUCSL,1967-09-01,1994-02-17,9999-12-31,33.6
CPIAUCSL,1967-10-01,1994-02-17,9999-12-31,33.7
CPIAUCSL,1967-11-01,1994-02-17,9999-12-31,33.9
CPIAUCSL,1967-12-01,1994-02-17,9999-12-31,34
CPIAUCSL,1968-01-01,1994-02-17,9999-12-31,34.1
CPIAUCSL,1968-02-01,1994-02-17,9999-12-31,34.2
CPIAUCSL,1968-03-01,1994-02-17,9999-12-31,34.3
CPIAUCSL,1968-04-01,1994-02-17,9999-12-31,34.4
CPIAUCSL,1968-05-01,1994-02-17,9999-12-31,34.5
CPIAUCSL,1968-06-01,1994-02-17,9999-12-31,34.7
CPIAUCSL,1968-07-01,1994-02-17,9999-12-31,34.9
CPIAUCSL,1968-08-01,1994-02-17,9999-12-31,35
CPIAUCSL,1968-09-01,1994-02-17,9999-12-31,35.1
CPIAUCSL,1968-10-01,1994-02-17,9999-12-31,35.3
CPIAUCSL,1968-11-01,1994-02-17,9999-12-31,35.4
CPIAUCSL,1968-12-01,1994-02-17,9999-12-31,35.6
CPIAUCSL,1969-01-01,1994-02-17,9999-12-31,35.7
CPIAUCSL,1969-02-01,1994-02-17,9999-12-31,35.8
CPIAUCSL,1969-03-01,1994-02-17,9999-12-31,36.1
CPIAUCSL,1969-04-01,1994-02-17,9999-12-31,36.3
CPIAUCSL,1969-05-01,1994-02-17,9999-12-31,36.4
CPIAUCSL,1969-06-01,1994-02-17,9999-12-31,36.6
CPIAUCSL,1969-07-01,1994-02-17,9999-12-31,36.8
CPIAUCSL,1969-08-01,1994-02-17,9999-12-31,36.9
CPIAUCSL,1969-09-01,1994-02-17,9999-12-31,37.1
CPIAUCSL,1969-10-01,1994-02-17,9999-12-31,37.3
CPIAUCSL,1969-11-01,1994-02-17,9999-12-31,37.5
CPIAUCSL,1969-12-01,1994-02-17,9999-12-31,37.7
CPIAUCSL,1970-01-01,1994-02-17,9999-12-31,37.9
CPIAUCSL,1970-02-01,1994-02-17,9999-12-31,38.1
CPIAUCSL,1970-03-01,1994-02-17,9999-12-31,38.3
CPIAUCSL,1970-04-01,1994-02-17,9999-12-31,38.5
CPIAUCSL,1970-05-01,1994-02-17,9999-12-31,38.6
CPIAUCSL,1970-06-01,1994-02-17,9999-12-31,38.8
CPIAUCSL,1970-07-01,1994-02-17,9999-12-31,38.9
CPIAUCSL,1970-08-01,1994-02-17,9999-12-31,39
CPIAUCSL,1970-09-01,1994-02-17,9999-12-31,39.2
CPIAUCSL,1970-10-01,1994-02-17,9999-12-31,39.4
CPIAUCSL,1970-11-01,1994-02-17,9999-12-31,39.6
CPIAUCSL,1970-12-01,1972-07-21,1972-08-21,119.03
CPIAUCSL,1970-12-01,1994-02-17,9999-12-31,39.8
CPIAUCSL,1971-01-01,1972-07-21,1972-09-21,119.36
CPIAUCSL,1971-01-01,1994-02-17,9999-12-31,39.9
CPIAUCSL,1971-02-01,1972-07-21,1972-10-19,119.65
CPIAUCSL,1971-02-01,1994-02-17,9999-12-31,39.9
CPIAUCSL,1971-03-01,1972-07-21,1972-11-20,119.9
CPIAUCSL,1971-03-01,1994-02-17,9999-12-31,40
CPIAUCSL,1971-04-01,1972-07-21,1972-12-21,120.21
CPIAUCSL,1971-04-01,1994-02-17,9999-12-31,40.1
CPIAUCSL,1971-05-01,1972-07-21,1973-01-22,120.82
CPIAUCSL,1971-05-01,1994-02-17,9999-12-31,40.3
CPIAUCSL,1971-06-01,1972-07-21,1973-02-21,121.29
CPIAUCSL,1971-06-01,1994-02-17,9999-12-31,40.5
CPIAUCSL,1971-07-01,1972-07-21,1973-03-20,121.62
CPIAUCSL,1971-07-01,1994-02-17,9999-12-31,40.6
CPIAUCSL,1971-08-01,1972-07-21,1973-04-19,122.03
CPIAUCSL,1971-08-01,1994-02-17,9999-12-31,40.7
CPIAUCSL,1971-09-01,1972-07-21,1973-05-21,122.2
CPIAUCSL,1971-09-01,1994-02-17,9999-12-31,40.8
CPIAUCSL,1971-10-01,1972-07-21,1973-05-21,122.39
CPIAUCSL,1971-10-01,1973-05-22,1973-06-20,122.4
CPIAUCSL,1971-10-01,1994-02-17,9999-12-31,40.9
CPIAUCSL,1971-11-01,1972-07-21,1973-05-21,122.62
CPIAUCSL,1971-11-01,1973-05-22,1973-07-19,122.65
CPIAUCSL,1971-11-01,1994-02-17,9999-12-31,41
CPIAUCSL,1971-12-01,1972-07-21,1973-05-21,123
CPIAUCSL,1971-12-01,1973-05-22,1973-08-20,123.06
CPIAUCSL,1971-12-01,1994-02-17,9999-12-31,41.1
CPIAUCSL,1972-01-01,1972-07-21,1973-09-20,123.36
CPIAUCSL,1972-01-01,1994-02-17,9999-12-31,41.2
CPIAUCSL,1972-02-01,1972-07-21,1973-05-21,124.06
CPIAUCSL,1972-02-01,1973-05-22,1973-10-18,123.95
CPIAUCSL,1972-02-01,1994-02-17,9999-12-31,41.4
CPIAUCSL,1972-03-01,1972-07-21,1973-05-21,124.1
CPIAUCSL,1972-03-01,1973-05-22,1973-11-20,124.07
CPIAUCSL,1972-03-01,1994-02-17,9999-12-31,41.4
CPIAUCSL,1972-04-01,1972-07-21,1973-05-21,124.31
CPIAUCSL,1972-04-01,1973-05-22,1973-12-20,124.3
CPIAUCSL,1972-04-01,1994-02-17,9999-12-31,41.5
CPIAUCSL,1972-05-01,1972-07-21,1973-05-21,124.72
CPIAUCSL,1972-05-01,1973-05-22,1974-01-21,124.68
CPIAUCSL,1972-05-01,1994-02-17,9999-12-31,41.6
CPIAUCSL,1972-06-01,1972-07-21,1973-05-21,124.79
CPIAUCSL,1972-06-01,1973-05-22,1974-02-21,124.83
CPIAUCSL,1972-06-01,1994-02-17,9999-12-31,41.7
CPIAUCSL,1972-07-01,1972-08-22,1973-05-21,125.31
CPIAUCSL,1972-07-01,1973-05-22,1974-03-20,125.32
CPIAUCSL,1972-07-01,1994-02-17,9999-12-31,41.8
CPIAUCSL,1972-08-01,1972-09-22,1973-05-21,125.62
CPIAUCSL,1972-08-01,1973-05-22,1974-04-18,125.66
CPIAUCSL,1972-08-01,1994-02-17,9999-12-31,41.9
CPIAUCSL,1972-09-01,1972-10-20,1973-05-21,126.2
CPIAUCSL,1972-09-01,1973-05-22,1974-05-20,126.19
CPIAUCSL,1972-09-01,1994-02-17,9999-12-31,42.1
CPIAUCSL,1972-10-01,1972-11-21,1973-05-21,126.59
CPIAUCSL,1972-10-01,1973-05-22,1974-06-20,126.61
CPIAUCSL,1972-10-01,1994-02-17,9999-12-31,42.2
CPIAUCSL,1972-11-01,1972-12-22,1973-05-21,126.93
CPIAUCSL,1972-11-01,1973-05-22,1974-05-20,126.98
CPIAUCSL,1972-11-01,1974-05-21,1974-07-18,126.96
CPIAUCSL,1972-11-01,1994-02-17,9999-12-31,42.4
CPIAUCSL,1972-12-01,1973-01-23,1973-05-21,127.2
CPIAUCSL,1972-12-01,1973-05-22,1974-05-20,127.24
CPIAUCSL,1972-12-01,1974-05-21,1974-08-20,127.29
CPIAUCSL,1972-12-01,1994-02-17,9999-12-31,42.5
CPIAUCSL,1973-01-01,1973-02-22,1974-05-20,127.87
CPIAUCSL,1973-01-01,1974-05-21,1974-09-19,127.94
CPIAUCSL,1973-01-01,1994-02-17,9999-12-31,42.7
CPIAUCSL,1973-02-01,1973-03-21,1973-05-21,128.87
CPIAUCSL,1973-02-01,1973-05-22,1974-05-20,128.75
CPIAUCSL,1973-02-01,1974-05-21,1974-10-21,128.77
CPIAUCSL,1973-02-01,1994-02-17,9999-12-31,43
CPIAUCSL,1973-03-01,1973-04-20,1973-05-21,129.9
CPIAUCSL,1973-03-01,1973-05-22,1974-11-20,129.88
CPIAUCSL,1973-03-01,1994-02-17,9999-12-31,43.4
CPIAUCSL,1973-04-01,1973-05-22,1974-05-20,130.7
CPIAUCSL,1973-04-01,1974-05-21,1974-12-19,130.71
CPIAUCSL,1973-04-01,1994-02-17,9999-12-31,43.7
CPIAUCSL,1973-05-01,1973-06-21,1974-05-20,131.47
CPIAUCSL,1973-05-01,1974-05-21,1975-01-20,131.45
CPIAUCSL,1973-05-01,1994-02-17,9999-12-31,43.9
CPIAUCSL,1973-06-01,1973-07-20,1974-05-20,132.21
CPIAUCSL,1973-06-01,1974-05-21,1975-02-20,132.25
CPIAUCSL,1973-06-01,1994-02-17,9999-12-31,44.2
CPIAUCSL,1973-07-01,1973-08-21,1974-05-20,132.51
CPIAUCSL,1973-07-01,1974-05-21,1975-03-19,132.47
CPIAUCSL,1973-07-01,1994-02-17,9999-12-31,44.2
CPIAUCSL,1973-08-01,1973-09-21,1974-05-20,135.06
CPIAUCSL,1973-08-01,1974-05-21,1975-04-21,134.95
CPIAUCSL,1973-08-01,1994-02-17,9999-12-31,45
CPIAUCSL,1973-09-01,1973-10-19,1974-05-20,135.49
CPIAUCSL,1973-09-01,1974-05-21,1975-05-20,135.5
CPIAUCSL,1973-09-01,1994-02-17,9999-12-31,45.2
CPIAUCSL,1973-10-01,1973-11-21,1974-05-20,136.61
CPIAUCSL,1973-10-01,1974-05-21,1975-05-20,136.6
CPIAUCSL,1973-10-01,1975-05-21,1975-06-19,136.48
CPIAUCSL,1973-10-01,1994-02-17,9999-12-31,45.6
CPIAUCSL,1973-11-01,1973-12-21,1974-05-20,137.68
CPIAUCSL,1973-11-01,1974-05-21,1975-05-20,137.67
CPIAUCSL,1973-11-01,1975-05-21,1975-07-21,137.6
CPIAUCSL,1973-11-01,1994-02-17,9999-12-31,45.9
CPIAUCSL,1973-12-01,1974-01-22,1974-05-20,138.43
CPIAUCSL,1973-12-01,1974-05-21,1975-05-20,138.5
CPIAUCSL,1973-12-01,1975-05-21,1975-08-20,138.54
CPIAUCSL,1973-12-01,1994-02-17,9999-12-31,46.3
CPIAUCSL,1974-01-01,1974-02-22,1974-05-20,139.88
CPIAUCSL,1974-01-01,1974-05-21,1975-05-20,139.97
CPIAUCSL,1974-01-01,1975-05-21,1975-09-18,140.04
CPIAUCSL,1974-01-01,1994-02-17,9999-12-31,46.8
CPIAUCSL,1974-02-01,1974-03-21,1974-05-20,141.67
CPIAUCSL,1974-02-01,1974-05-21,1975-05-20,141.68
CPIAUCSL,1974-02-01,1975-05-21,1975-10-21,141.63
CPIAUCSL,1974-02-01,1994-02-17,9999-12-31,47.3
CPIAUCSL,1974-03-01,1974-04-19,1975-05-20,143.19
CPIAUCSL,1974-03-01,1975-05-21,1975-11-19,143.07
CPIAUCSL,1974-03-01,1994-02-17,9999-12-31,47.8
CPIAUCSL,1974-04-01,1974-05-21,1974-12-19,144.01
CPIAUCSL,1974-04-01,1974-12-20,1975-05-20,143.91
CPIAUCSL,1974-04-01,1975-05-21,1975-12-18,144
CPIAUCSL,1974-04-01,1994-02-17,9999-12-31,48.1
CPIAUCSL,1974-05-01,1974-06-21,1974-12-19,145.54
CPIAUCSL,1974-05-01,1974-12-20,1975-05-20,145.44
CPIAUCSL,1974-05-01,1975-05-21,1976-01-20,145.47
CPIAUCSL,1974-05-01,1994-02-17,9999-12-31,48.6
CPIAUCSL,1974-06-01,1974-07-19,1974-12-19,146.94
CPIAUCSL,1974-06-01,1974-12-20,1975-05-20,146.74
CPIAUCSL,1974-06-01,1975-05-21,1976-02-19,146.81
CPIAUCSL,1974-06-01,1994-02-17,9999-12-31,49
CPIAUCSL,1974-07-01,1974-08-21,1974-12-19,148.05
CPIAUCSL,1974-07-01,1974-12-20,1975-05-20,147.75
CPIAUCSL,1974-07-01,1975-05-21,1976-02-19,148.04
CPIAUCSL,1974-07-01,1976-02-20,1976-03-18,147.9
CPIAUCSL,1974-07-01,1994-02-17,9999-12-31,49.3
CPIAUCSL,1974-08-01,1974-09-20,1974-10-21,150.04
CPIAUCSL,1974-08-01,1974-10-22,1974-12-19,150.03
CPIAUCSL,1974-08-01,1974-12-20,1976-02-19,149.74
CPIAUCSL,1974-08-01,1976-02-20,1976-04-20,149.8
CPIAUCSL,1974-08-01,1994-02-17,9999-12-31,49.9
CPIAUCSL,1974-09-01,1974-10-22,1974-12-19,151.9
CPIAUCSL,1974-09-01,1974-12-20,1975-05-20,151.7
CPIAUCSL,1974-09-01,1975-05-21,1976-02-19,151.49
CPIAUCSL,1974-09-01,1976-02-20,1976-05-20,151.5
CPIAUCSL,1974-09-01,1994-02-17,9999-12-31,50.6
CPIAUCSL,1974-10-01,1974-11-21,1974-12-19,153.2
CPIAUCSL,1974-10-01,1974-12-20,1975-05-20,153
CPIAUCSL,1974-10-01,1975-05-21,1976-02-19,152.85
CPIAUCSL,1974-10-01,1976-02-20,1976-06-21,152.8
CPIAUCSL,1974-10-01,1994-02-17,9999-12-31,51
CPIAUCSL,1974-11-01,1974-12-20,1975-05-20,154.38
CPIAUCSL,1974-11-01,1975-05-21,1976-02-19,154.27
CPIAUCSL,1974-11-01,1976-02-20,1976-07-20,154.2
CPIAUCSL,1974-11-01,1994-02-17,9999-12-31,51.5
CPIAUCSL,1974-12-01,1975-01-21,1975-05-20,155.4
CPIAUCSL,1974-12-01,1975-05-21,1976-02-19,155.48
CPIAUCSL,1974-12-01,1976-02-20,1976-08-19,155.4
CPIAUCSL,1974-12-01,1994-02-17,9999-12-31,51.9
CPIAUCSL,1975-01-01,1975-02-21,1975-05-20,156.4
CPIAUCSL,1975-01-01,1975-05-21,1976-02-19,156.48
CPIAUCSL,1975-01-01,1976-02-20,1976-09-20,156.5
CPIAUCSL,1975-01-01,1994-02-17,9999-12-31,52.3
CPIAUCSL,1975-02-01,1975-03-20,1975-05-20,157.4
CPIAUCSL,1975-02-01,1975-05-21,1976-02-19,157.34
CPIAUCSL,1975-02-01,1976-02-20,1976-10-20,157.3
CPIAUCSL,1975-02-01,1994-02-17,9999-12-31,52.6
CPIAUCSL,1975-03-01,1975-04-22,1975-05-20,157.89
CPIAUCSL,1975-03-01,1975-05-21,1976-02-19,157.77
CPIAUCSL,1975-03-01,1976-02-20,1976-11-18,157.9
CPIAUCSL,1975-03-01,1994-02-17,9999-12-31,52.8
CPIAUCSL,1975-04-01,1975-05-21,1976-02-19,158.71
CPIAUCSL,1975-04-01,1976-02-20,1976-12-20,158.7
CPIAUCSL,1975-04-01,1994-02-17,9999-12-31,53
CPIAUCSL,1975-05-01,1975-06-20,1976-02-19,159.27
CPIAUCSL,1975-05-01,1976-02-20,1977-01-18,159.5
CPIAUCSL,1975-05-01,1994-02-17,9999-12-31,53.1
CPIAUCSL,1975-06-01,1975-07-22,1976-02-19,160.5
CPIAUCSL,1975-06-01,1976-02-20,1977-02-17,160.6
CPIAUCSL,1975-06-01,1994-02-17,9999-12-31,53.5
CPIAUCSL,1975-07-01,1975-08-21,1976-02-19,162.35
CPIAUCSL,1975-07-01,1976-02-20,1977-03-17,162.2
CPIAUCSL,1975-07-01,1994-02-17,9999-12-31,54
CPIAUCSL,1975-08-01,1975-09-19,1976-02-19,162.62
CPIAUCSL,1975-08-01,1976-02-20,1977-02-17,162.8
CPIAUCSL,1975-08-01,1977-02-18,1977-04-20,162.7
CPIAUCSL,1975-08-01,1994-02-17,9999-12-31,54.2
CPIAUCSL,1975-09-01,1975-10-22,1976-02-19,163.37
CPIAUCSL,1975-09-01,1976-02-20,1977-02-17,163.5
CPIAUCSL,1975-09-01,1977-02-18,1977-05-19,163.4
CPIAUCSL,1975-09-01,1994-02-17,9999-12-31,54.6
CPIAUCSL,1975-10-01,1975-11-20,1976-02-19,164.44
CPIAUCSL,1975-10-01,1976-02-20,1977-02-17,164.5
CPIAUCSL,1975-10-01,1977-02-18,1977-06-20,164.4
CPIAUCSL,1975-10-01,1994-02-17,9999-12-31,54.9
CPIAUCSL,1975-11-01,1975-12-19,1976-02-19,165.57
CPIAUCSL,1975-11-01,1976-02-20,1977-02-17,165.5
CPIAUCSL,1975-11-01,1977-02-18,1977-07-20,165.3
CPIAUCSL,1975-11-01,1994-02-17,9999-12-31,55.3
CPIAUCSL,1975-12-01,1976-01-21,1976-02-19,166.38
CPIAUCSL,1975-12-01,1976-02-20,1977-02-17,166.4
CPIAUCSL,1975-12-01,1977-02-18,1977-08-18,166.1
CPIAUCSL,1975-12-01,1994-02-17,9999-12-31,55.6
CPIAUCSL,1976-01-01,1976-02-20,1977-09-20,167.1
CPIAUCSL,1976-01-01,1994-02-17,9999-12-31,55.8
CPIAUCSL,1976-02-01,1976-03-19,1977-10-20,167.3
CPIAUCSL,1976-02-01,1994-02-17,9999-12-31,55.9
CPIAUCSL,1976-03-01,1976-04-21,1977-02-17,167.6
CPIAUCSL,1976-03-01,1977-02-18,1977-11-21,167.7
CPIAUCSL,1976-03-01,1994-02-17,9999-12-31,56
CPIAUCSL,1976-04-01,1976-05-21,1977-02-17,168.3
CPIAUCSL,1976-04-01,1977-02-18,1977-12-20,168.4
CPIAUCSL,1976-04-01,1994-02-17,9999-12-31,56.1
CPIAUCSL,1976-05-01,1976-06-22,1977-02-17,169.3
CPIAUCSL,1976-05-01,1977-02-18,1978-01-19,169.5
CPIAUCSL,1976-05-01,1994-02-17,9999-12-31,56.4
CPIAUCSL,1976-06-01,1976-07-21,1977-02-17,170.1
CPIAUCSL,1976-06-01,1977-02-18,1978-02-26,170.2
CPIAUCSL,1976-06-01,1994-02-17,9999-12-31,56.7
CPIAUCSL,1976-07-01,1976-08-20,1977-02-17,170.9
CPIAUCSL,1976-07-01,1977-02-18,1978-02-26,171
CPIAUCSL,1976-07-01,1978-02-27,1978-03-27,170.9
CPIAUCSL,1976-07-01,1994-02-17,9999-12-31,57
CPIAUCSL,1976-08-01,1976-09-21,1978-02-26,171.8
CPIAUCSL,1976-08-01,1978-02-27,1978-04-27,171.7
CPIAUCSL,1976-08-01,1994-02-17,9999-12-31,57.3
CPIAUCSL,1976-09-01,1976-10-21,1977-02-17,172.5
CPIAUCSL,1976-09-01,1977-02-18,1978-05-30,172.4
CPIAUCSL,1976-09-01,1994-02-17,9999-12-31,57.6
CPIAUCSL,1976-10-01,1976-11-19,1977-02-17,173.1
CPIAUCSL,1976-10-01,1977-02-18,1978-02-26,173
CPIAUCSL,1976-10-01,1978-02-27,1978-06-29,173.1
CPIAUCSL,1976-10-01,1994-02-17,9999-12-31,57.9
CPIAUCSL,1976-11-01,1976-12-21,1977-02-17,173.6
CPIAUCSL,1976-11-01,1977-02-18,1978-07-27,173.5
CPIAUCSL,1976-11-01,1994-02-17,9999-12-31,58.1
CPIAUCSL,1976-12-01,1977-01-19,1977-02-17,174.3
CPIAUCSL,1976-12-01,1977-02-18,1978-08-28,174.2
CPIAUCSL,1976-12-01,1994-02-17,9999-12-31,58.4
CPIAUCSL,1977-01-01,1977-02-18,1978-09-25,175.6
CPIAUCSL,1977-01-01,1994-02-17,9999-12-31,58.7
CPIAUCSL,1977-02-01,1977-03-18,1978-10-25,177.3
CPIAUCSL,1977-02-01,1994-02-17,9999-12-31,59.3
CPIAUCSL,1977-03-01,1977-04-21,1978-11-27,178.4
CPIAUCSL,1977-03-01,1994-02-17,9999-12-31,59.6
CPIAUCSL,1977-04-01,1977-05-20,1978-02-26,179.8
CPIAUCSL,1977-04-01,1978-02-27,1978-12-21,179.9
CPIAUCSL,1977-04-01,1994-02-17,9999-12-31,60
CPIAUCSL,1977-05-01,1977-06-21,1979-01-23,180.9
CPIAUCSL,1977-05-01,1994-02-17,9999-12-31,60.2
CPIAUCSL,1977-06-01,1977-07-21,1978-02-26,181.9
CPIAUCSL,1977-06-01,1978-02-27,1979-02-22,181.8
CPIAUCSL,1977-06-01,1994-02-17,9999-12-31,60.5
CPIAUCSL,1977-07-01,1977-08-19,1978-02-26,182.6
CPIAUCSL,1977-07-01,1978-02-27,1979-02-22,182.4
CPIAUCSL,1977-07-01,1979-02-23,1979-03-22,182.2
CPIAUCSL,1977-07-01,1994-02-17,9999-12-31,60.8
CPIAUCSL,1977-08-01,1977-09-21,1978-02-26,183.2
CPIAUCSL,1977-08-01,1978-02-27,1979-02-22,183.1
CPIAUCSL,1977-08-01,1979-02-23,1979-04-25,183
CPIAUCSL,1977-08-01,1994-02-17,9999-12-31,61.1
CPIAUCSL,1977-09-01,1977-10-21,1979-02-22,183.8
CPIAUCSL,1977-09-01,1979-02-23,1979-05-24,183.7
CPIAUCSL,1977-09-01,1994-02-17,9999-12-31,61.3
CPIAUCSL,1977-10-01,1977-11-22,1978-02-26,184.3
CPIAUCSL,1977-10-01,1978-02-27,1979-02-22,184.4
CPIAUCSL,1977-10-01,1979-02-23,1979-06-25,184.3
CPIAUCSL,1977-10-01,1994-02-17,9999-12-31,61.6
CPIAUCSL,1977-11-01,1977-12-21,1979-02-22,185.2
CPIAUCSL,1977-11-01,1979-02-23,1979-07-25,185.4
CPIAUCSL,1977-11-01,1994-02-17,9999-12-31,62
CPIAUCSL,1977-12-01,1978-01-20,1978-02-26,185.9
CPIAUCSL,1977-12-01,1978-02-27,1979-02-22,186
CPIAUCSL,1977-12-01,1979-02-23,1979-08-23,186.3
CPIAUCSL,1977-12-01,1994-02-17,9999-12-31,62.3
CPIAUCSL,1978-01-01,1978-02-27,1979-02-22,187.5
CPIAUCSL,1978-01-01,1979-02-23,1979-09-24,187.6
CPIAUCSL,1978-01-01,1994-02-17,9999-12-31,62.7
CPIAUCSL,1978-02-01,1978-03-28,1979-02-22,188.7
CPIAUCSL,1978-02-01,1979-02-23,1979-10-25,188.8
CPIAUCSL,1978-02-01,1994-02-17,9999-12-31,63
CPIAUCSL,1978-03-01,1978-04-28,1979-11-26,190.2
CPIAUCSL,1978-03-01,1994-02-17,9999-12-31,63.4
CPIAUCSL,1978-04-01,1978-05-31,1979-12-20,191.8
CPIAUCSL,1978-04-01,1994-02-17,9999-12-31,63.9
CPIAUCSL,1978-05-01,1978-06-30,1979-02-22,193.6
CPIAUCSL,1978-05-01,1979-02-23,1980-01-24,193.4
CPIAUCSL,1978-05-01,1994-02-17,9999-12-31,64.5
CPIAUCSL,1978-06-01,1978-07-28,1979-02-22,195.3
CPIAUCSL,1978-06-01,1979-02-23,1980-02-21,195
CPIAUCSL,1978-06-01,1994-02-17,9999-12-31,65
CPIAUCSL,1978-07-01,1978-08-29,1979-02-22,196.3
CPIAUCSL,1978-07-01,1979-02-23,1980-02-21,196.2
CPIAUCSL,1978-07-01,1980-02-22,1980-03-24,196.1
CPIAUCSL,1978-07-01,1994-02-17,9999-12-31,65.5
CPIAUCSL,1978-08-01,1978-09-26,1979-02-22,197.4
CPIAUCSL,1978-08-01,1979-02-23,1980-04-21,197.3
CPIAUCSL,1978-08-01,1994-02-17,9999-12-31,65.9
CPIAUCSL,1978-09-01,1978-10-26,1979-02-22,198.8
CPIAUCSL,1978-09-01,1979-02-23,1980-05-22,198.9
CPIAUCSL,1978-09-01,1994-02-17,9999-12-31,66.5
CPIAUCSL,1978-10-01,1978-11-28,1979-02-22,200.4
CPIAUCSL,1978-10-01,1979-02-23,1980-02-21,200.6
CPIAUCSL,1978-10-01,1980-02-22,1980-06-23,200.7
CPIAUCSL,1978-10-01,1994-02-17,9999-12-31,67.1
CPIAUCSL,1978-11-01,1978-12-22,1979-02-22,201.5
CPIAUCSL,1978-11-01,1979-02-23,1980-02-21,201.8
CPIAUCSL,1978-11-01,1980-02-22,1980-07-22,202
CPIAUCSL,1978-11-01,1994-02-17,9999-12-31,67.5
CPIAUCSL,1978-12-01,1979-01-24,1979-02-22,202.8
CPIAUCSL,1978-12-01,1979-02-23,1980-02-21,203.2
CPIAUCSL,1978-12-01,1980-02-22,1980-08-21,203.5
CPIAUCSL,1978-12-01,1994-02-17,9999-12-31,67.9
CPIAUCSL,1979-01-01,1979-02-23,1980-02-21,205.2
CPIAUCSL,1979-01-01,1980-02-22,1980-09-22,205.4
CPIAUCSL,1979-01-01,1994-02-17,9999-12-31,68.5
CPIAUCSL,1979-02-01,1979-03-23,1980-10-23,207.7
CPIAUCSL,1979-02-01,1994-02-17,9999-12-31,69.2
CPIAUCSL,1979-03-01,1979-04-26,1980-11-24,209.9
CPIAUCSL,1979-03-01,1994-02-17,9999-12-31,69.9
CPIAUCSL,1979-04-01,1979-05-25,1980-02-21,212.2
CPIAUCSL,1979-04-01,1980-02-22,1980-12-22,212
CPIAUCSL,1979-04-01,1994-02-17,9999-12-31,70.6
CPIAUCSL,1979-05-01,1979-06-26,1980-02-21,214.4
CPIAUCSL,1979-05-01,1980-02-22,1981-01-22,214.1
CPIAUCSL,1979-05-01,1994-02-17,9999-12-31,71.4
CPIAUCSL,1979-06-01,1979-07-26,1980-02-21,216.6
CPIAUCSL,1979-06-01,1980-02-22,1981-02-24,216.4
CPIAUCSL,1979-06-01,1994-02-17,9999-12-31,72.2
CPIAUCSL,1979-07-01,1979-08-24,1981-02-24,218.7
CPIAUCSL,1979-07-01,1981-02-25,1981-03-23,218.4
CPIAUCSL,1979-07-01,1994-02-17,9999-12-31,73
CPIAUCSL,1979-08-01,1979-09-25,1981-02-24,220.9
CPIAUCSL,1979-08-01,1981-02-25,1981-04-22,220.7
CPIAUCSL,1979-08-01,1994-02-17,9999-12-31,73.7
CPIAUCSL,1979-09-01,1979-10-26,1981-02-24,223.4
CPIAUCSL,1979-09-01,1981-02-25,1981-05-21,223.3
CPIAUCSL,1979-09-01,1994-02-17,9999-12-31,74.4
CPIAUCSL,1979-10-01,1979-11-27,1980-02-21,225.4
CPIAUCSL,1979-10-01,1980-02-22,1981-02-24,225.6
CPIAUCSL,1979-10-01,1981-02-25,1981-06-22,225.7
CPIAUCSL,1979-10-01,1994-02-17,9999-12-31,75.2
CPIAUCSL,1979-11-01,1979-12-21,1980-02-21,227.7
CPIAUCSL,1979-11-01,1980-02-22,1981-02-24,227.9
CPIAUCSL,1979-11-01,1981-02-25,1981-07-22,228.2
CPIAUCSL,1979-11-01,1994-02-17,9999-12-31,76
CPIAUCSL,1979-12-01,1980-01-25,1980-02-21,230.3
CPIAUCSL,1979-12-01,1980-02-22,1981-02-24,230.7
CPIAUCSL,1979-12-01,1981-02-25,1981-08-24,230.9
CPIAUCSL,1979-12-01,1994-02-17,9999-12-31,76.9
CPIAUCSL,1980-01-01,1980-02-22,1981-02-24,234
CPIAUCSL,1980-01-01,1981-02-25,1981-09-23,234.1
CPIAUCSL,1980-01-01,1994-02-17,9999-12-31,78
CPIAUCSL,1980-02-01,1980-03-25,1981-02-24,237.2
CPIAUCSL,1980-02-01,1981-02-25,1981-10-22,237.1
CPIAUCSL,1980-02-01,1994-02-17,9999-12-31,79
CPIAUCSL,1980-03-01,1980-04-22,1981-02-24,240.5
CPIAUCSL,1980-03-01,1981-02-25,1981-11-23,240.3
CPIAUCSL,1980-03-01,1994-02-17,9999-12-31,80.1
CPIAUCSL,1980-04-01,1980-05-23,1981-02-24,242.8
CPIAUCSL,1980-04-01,1981-02-25,1981-12-21,242.4
CPIAUCSL,1980-04-01,1994-02-17,9999-12-31,80.9
CPIAUCSL,1980-05-01,1980-06-24,1981-02-24,244.9
CPIAUCSL,1980-05-01,1981-02-25,1982-01-21,244.5
CPIAUCSL,1980-05-01,1994-02-17,9999-12-31,81.7
CPIAUCSL,1980-06-01,1980-07-23,1981-02-24,247.1
CPIAUCSL,1980-06-01,1981-02-25,1982-02-24,246.9
CPIAUCSL,1980-06-01,1994-02-17,9999-12-31,82.5
CPIAUCSL,1980-07-01,1980-08-22,1981-02-24,247.2
CPIAUCSL,1980-07-01,1981-02-25,1982-02-24,247.1
CPIAUCSL,1980-07-01,1982-02-25,1982-03-22,247.2
CPIAUCSL,1980-07-01,1994-02-17,9999-12-31,82.6
CPIAUCSL,1980-08-01,1980-09-23,1981-02-24,248.9
CPIAUCSL,1980-08-01,1981-02-25,1982-02-24,249
CPIAUCSL,1980-08-01,1982-02-25,1982-04-22,248.9
CPIAUCSL,1980-08-01,1994-02-17,9999-12-31,83.2
CPIAUCSL,1980-09-01,1980-10-24,1981-02-24,251.5
CPIAUCSL,1980-09-01,1981-02-25,1982-02-24,251.6
CPIAUCSL,1980-09-01,1982-02-25,1982-05-20,251.4
CPIAUCSL,1980-09-01,1994-02-17,9999-12-31,83.9
CPIAUCSL,1980-10-01,1980-11-25,1981-02-24,254
CPIAUCSL,1980-10-01,1981-02-25,1982-02-24,254.2
CPIAUCSL,1980-10-01,1982-02-25,1982-06-21,254.1
CPIAUCSL,1980-10-01,1994-02-17,9999-12-31,84.7
CPIAUCSL,1980-11-01,1980-12-23,1981-02-24,256.6
CPIAUCSL,1980-11-01,1981-02-25,1982-02-24,257
CPIAUCSL,1980-11-01,1982-02-25,1982-07-22,256.9
CPIAUCSL,1980-11-01,1994-02-17,9999-12-31,85.6
CPIAUCSL,1980-12-01,1981-01-23,1981-02-24,259.4
CPIAUCSL,1980-12-01,1981-02-25,1982-02-24,259.5
CPIAUCSL,1980-12-01,1982-02-25,1982-08-23,259.4
CPIAUCSL,1980-12-01,1994-02-17,9999-12-31,86.4
CPIAUCSL,1981-01-01,1981-02-25,1982-09-22,261.4
CPIAUCSL,1981-01-01,1994-02-17,9999-12-31,87.2
CPIAUCSL,1981-02-01,1981-03-24,1982-10-25,263.9
CPIAUCSL,1981-02-01,1994-02-17,9999-12-31,88
CPIAUCSL,1981-03-01,1981-04-23,1982-02-24,265.5
CPIAUCSL,1981-03-01,1982-02-25,1982-11-22,265.4
CPIAUCSL,1981-03-01,1994-02-17,9999-12-31,88.6
CPIAUCSL,1981-04-01,1981-05-22,1982-02-24,266.6
CPIAUCSL,1981-04-01,1982-02-25,1982-12-20,266.5
CPIAUCSL,1981-04-01,1994-02-17,9999-12-31,89.1
CPIAUCSL,1981-05-01,1981-06-23,1982-02-24,268.4
CPIAUCSL,1981-05-01,1982-02-25,1983-01-20,268.6
CPIAUCSL,1981-05-01,1994-02-17,9999-12-31,89.7
CPIAUCSL,1981-06-01,1981-07-23,1982-02-24,270.3
CPIAUCSL,1981-06-01,1982-02-25,1983-02-24,270.6
CPIAUCSL,1981-06-01,1994-02-17,9999-12-31,90.5
CPIAUCSL,1981-07-01,1981-08-25,1982-02-24,273.5
CPIAUCSL,1981-07-01,1982-02-25,1983-02-24,273.7
CPIAUCSL,1981-07-01,1983-02-25,1983-03-22,273.9
CPIAUCSL,1981-07-01,1994-02-17,9999-12-31,91.5
CPIAUCSL,1981-08-01,1981-09-24,1982-02-24,275.8
CPIAUCSL,1981-08-01,1982-02-25,1983-02-24,275.9
CPIAUCSL,1981-08-01,1983-02-25,1983-04-21,276.2
CPIAUCSL,1981-08-01,1994-02-17,9999-12-31,92.2
CPIAUCSL,1981-09-01,1981-10-23,1982-02-24,279
CPIAUCSL,1981-09-01,1982-02-25,1983-02-24,278.9
CPIAUCSL,1981-09-01,1983-02-25,1983-05-23,279
CPIAUCSL,1981-09-01,1994-02-17,9999-12-31,93.1
CPIAUCSL,1981-10-01,1981-11-24,1982-02-24,280
CPIAUCSL,1981-10-01,1982-02-25,1983-02-24,280.1
CPIAUCSL,1981-10-01,1983-02-25,1983-06-21,280
CPIAUCSL,1981-10-01,1994-02-17,9999-12-31,93.4
CPIAUCSL,1981-11-01,1981-12-22,1982-02-24,281.4
CPIAUCSL,1981-11-01,1982-02-25,1983-02-24,281.5
CPIAUCSL,1981-11-01,1983-02-25,1983-07-21,281.3
CPIAUCSL,1981-11-01,1994-02-17,9999-12-31,93.8
CPIAUCSL,1981-12-01,1982-01-22,1983-02-24,282.6
CPIAUCSL,1981-12-01,1983-02-25,1983-08-22,282.4
CPIAUCSL,1981-12-01,1994-02-17,9999-12-31,94.1
CPIAUCSL,1982-01-01,1982-02-25,1983-02-24,283.4
CPIAUCSL,1982-01-01,1983-02-25,1983-09-22,283.2
CPIAUCSL,1982-01-01,1994-02-17,9999-12-31,94.4
CPIAUCSL,1982-02-01,1982-03-23,1983-02-24,284.1
CPIAUCSL,1982-02-01,1983-02-25,1983-10-24,283.4
CPIAUCSL,1982-02-01,1994-02-17,9999-12-31,94.7
CPIAUCSL,1982-03-01,1982-04-23,1983-11-22,283.3
CPIAUCSL,1982-03-01,1994-02-17,9999-12-31,94.7
CPIAUCSL,1982-04-01,1982-05-21,1983-12-20,284
CPIAUCSL,1982-04-01,1994-02-17,9999-12-31,95
CPIAUCSL,1982-05-01,1982-06-22,1983-02-24,286.7
CPIAUCSL,1982-05-01,1983-02-25,1984-01-23,286.9
CPIAUCSL,1982-05-01,1994-02-17,9999-12-31,95.9
CPIAUCSL,1982-06-01,1982-07-23,1983-02-24,289.7
CPIAUCSL,1982-06-01,1983-02-25,1984-02-23,290
CPIAUCSL,1982-06-01,1994-02-17,9999-12-31,97
CPIAUCSL,1982-07-01,1982-08-24,1983-02-24,291.4
CPIAUCSL,1982-07-01,1983-02-25,1984-03-22,291.7
CPIAUCSL,1982-07-01,1994-02-17,9999-12-31,97.5
CPIAUCSL,1982-08-01,1982-09-23,1983-02-24,292.2
CPIAUCSL,1982-08-01,1983-02-25,1984-02-23,292.6
CPIAUCSL,1982-08-01,1984-02-24,1984-04-23,292.5
CPIAUCSL,1982-08-01,1994-02-17,9999-12-31,97.7
CPIAUCSL,1982-09-01,1982-10-26,1983-02-24,292.7
CPIAUCSL,1982-09-01,1983-02-25,1984-02-23,292.9
CPIAUCSL,1982-09-01,1984-02-24,1984-05-21,292.6
CPIAUCSL,1982-09-01,1994-02-17,9999-12-31,97.7
CPIAUCSL,1982-10-01,1982-11-23,1984-02-23,294.1
CPIAUCSL,1982-10-01,1984-02-24,1984-06-21,293.7
CPIAUCSL,1982-10-01,1994-02-17,9999-12-31,98.1
CPIAUCSL,1982-11-01,1982-12-21,1983-02-24,294.3
CPIAUCSL,1982-11-01,1983-02-25,1984-02-23,294.1
CPIAUCSL,1982-11-01,1984-02-24,1984-07-23,293.7
CPIAUCSL,1982-11-01,1994-02-17,9999-12-31,98
CPIAUCSL,1982-12-01,1983-01-21,1983-02-24,293.5
CPIAUCSL,1982-12-01,1983-02-25,1984-02-23,293.3
CPIAUCSL,1982-12-01,1984-02-24,1984-08-21,292.8
CPIAUCSL,1982-12-01,1994-02-17,9999-12-31,97.7
CPIAUCSL,1983-01-01,1983-02-25,1984-02-23,293.8
CPIAUCSL,1983-01-01,1984-02-24,1984-09-20,293.7
CPIAUCSL,1983-01-01,1994-02-17,9999-12-31,97.9
CPIAUCSL,1983-02-01,1983-03-23,1984-02-23,293.2
CPIAUCSL,1983-02-01,1984-02-24,1984-10-23,293.5
CPIAUCSL,1983-02-01,1994-02-17,9999-12-31,98
CPIAUCSL,1983-03-01,1983-04-22,1984-02-23,293.6
CPIAUCSL,1983-03-01,1984-02-24,1984-11-20,293.7
CPIAUCSL,1983-03-01,1994-02-17,9999-12-31,98.1
CPIAUCSL,1983-04-01,1983-05-24,1984-02-23,295.3
CPIAUCSL,1983-04-01,1984-02-24,1984-12-19,295.7
CPIAUCSL,1983-04-01,1994-02-17,9999-12-31,98.8
CPIAUCSL,1983-05-01,1983-06-22,1984-02-23,296.9
CPIAUCSL,1983-05-01,1984-02-24,1985-01-22,297
CPIAUCSL,1983-05-01,1994-02-17,9999-12-31,99.2
CPIAUCSL,1983-06-01,1983-07-22,1984-02-23,297.5
CPIAUCSL,1983-06-01,1984-02-24,1985-02-25,297.6
CPIAUCSL,1983-06-01,1994-02-17,9999-12-31,99.4
CPIAUCSL,1983-07-01,1983-08-23,1985-02-25,298.7
CPIAUCSL,1983-07-01,1985-02-26,1985-03-21,298.9
CPIAUCSL,1983-07-01,1994-02-17,9999-12-31,99.8
CPIAUCSL,1983-08-01,1983-09-23,1984-02-23,300
CPIAUCSL,1983-08-01,1984-02-24,1985-02-25,299.8
CPIAUCSL,1983-08-01,1985-02-26,1985-04-22,299.9
CPIAUCSL,1983-08-01,1994-02-17,9999-12-31,100.1
CPIAUCSL,1983-09-01,1983-10-25,1984-02-23,301.4
CPIAUCSL,1983-09-01,1984-02-24,1985-02-25,300.9
CPIAUCSL,1983-09-01,1985-02-26,1985-05-20,301
CPIAUCSL,1983-09-01,1994-02-17,9999-12-31,100.4
CPIAUCSL,1983-10-01,1983-11-23,1984-02-23,302.7
CPIAUCSL,1983-10-01,1984-02-24,1985-02-25,302.1
CPIAUCSL,1983-10-01,1985-02-26,1985-06-19,302
CPIAUCSL,1983-10-01,1994-02-17,9999-12-31,100.8
CPIAUCSL,1983-11-01,1983-12-21,1984-02-23,303.6
CPIAUCSL,1983-11-01,1984-02-24,1985-02-25,303.2
CPIAUCSL,1983-11-01,1985-02-26,1985-07-22,303
CPIAUCSL,1983-11-01,1994-02-17,9999-12-31,101.1
CPIAUCSL,1983-12-01,1984-01-24,1984-02-23,304.4
CPIAUCSL,1983-12-01,1984-02-24,1985-08-21,303.9
CPIAUCSL,1983-12-01,1994-02-17,9999-12-31,101.4
CPIAUCSL,1984-01-01,1984-02-24,1985-09-23,305.8
CPIAUCSL,1984-01-01,1994-02-17,9999-12-31,102.1
CPIAUCSL,1984-02-01,1984-03-23,1985-02-25,306.9
CPIAUCSL,1984-02-01,1985-02-26,1985-10-22,307
CPIAUCSL,1984-02-01,1994-02-17,9999-12-31,102.6
CPIAUCSL,1984-03-01,1984-04-24,1985-02-25,307.6
CPIAUCSL,1984-03-01,1985-02-26,1985-11-21,307.9
CPIAUCSL,1984-03-01,1994-02-17,9999-12-31,102.9
CPIAUCSL,1984-04-01,1984-05-22,1985-02-25,309
CPIAUCSL,1984-04-01,1985-02-26,1985-12-19,309.2
CPIAUCSL,1984-04-01,1994-02-17,9999-12-31,103.3
CPIAUCSL,1984-05-01,1984-06-22,1985-02-25,309.6
CPIAUCSL,1984-05-01,1985-02-26,1986-01-21,309.7
CPIAUCSL,1984-05-01,1994-02-17,9999-12-31,103.5
CPIAUCSL,1984-06-01,1984-07-24,1985-02-25,310.1
CPIAUCSL,1984-06-01,1985-02-26,1986-02-24,310.3
CPIAUCSL,1984-06-01,1994-02-17,9999-12-31,103.7
CPIAUCSL,1984-07-01,1984-08-22,1985-02-25,311
CPIAUCSL,1984-07-01,1985-02-26,1986-03-24,311.3
CPIAUCSL,1984-07-01,1994-02-17,9999-12-31,104.1
CPIAUCSL,1984-08-01,1984-09-21,1985-02-25,312.4
CPIAUCSL,1984-08-01,1985-02-26,1986-04-21,312.6
CPIAUCSL,1984-08-01,1994-02-17,9999-12-31,104.4
CPIAUCSL,1984-09-01,1984-10-24,1985-02-25,313.5
CPIAUCSL,1984-09-01,1985-02-26,1986-05-20,313.7
CPIAUCSL,1984-09-01,1994-02-17,9999-12-31,104.7
CPIAUCSL,1984-10-01,1984-11-21,1986-02-24,314.6
CPIAUCSL,1984-10-01,1986-02-25,1986-06-19,314.7
CPIAUCSL,1984-10-01,1994-02-17,9999-12-31,105.1
CPIAUCSL,1984-11-01,1984-12-20,1985-02-25,315.3
CPIAUCSL,1984-11-01,1985-02-26,1986-02-24,315.2
CPIAUCSL,1984-11-01,1986-02-25,1986-07-22,315.3
CPIAUCSL,1984-11-01,1994-02-17,9999-12-31,105.3
CPIAUCSL,1984-12-01,1985-01-23,1985-02-25,315.9
CPIAUCSL,1984-12-01,1985-02-26,1986-02-24,316
CPIAUCSL,1984-12-01,1986-02-25,1986-08-20,316.1
CPIAUCSL,1984-12-01,1994-02-17,9999-12-31,105.5
CPIAUCSL,1985-01-01,1985-02-26,1986-02-24,316.6
CPIAUCSL,1985-01-01,1986-02-25,1986-09-22,316.7
CPIAUCSL,1985-01-01,1994-02-17,9999-12-31,105.7
CPIAUCSL,1985-02-01,1985-03-22,1986-10-22,317.7
CPIAUCSL,1985-02-01,1994-02-17,9999-12-31,106.3
CPIAUCSL,1985-03-01,1985-04-23,1986-11-24,319.2
CPIAUCSL,1985-03-01,1994-02-17,9999-12-31,106.8
CPIAUCSL,1985-04-01,1985-05-21,1986-02-24,320.4
CPIAUCSL,1985-04-01,1986-02-25,1986-12-18,320.3
CPIAUCSL,1985-04-01,1994-02-17,9999-12-31,107
CPIAUCSL,1985-05-01,1985-06-20,1986-02-24,321.1
CPIAUCSL,1985-05-01,1986-02-25,1987-01-20,321
CPIAUCSL,1985-05-01,1994-02-17,9999-12-31,107.2
CPIAUCSL,1985-06-01,1985-07-23,1987-02-26,321.8
CPIAUCSL,1985-06-01,1994-02-17,9999-12-31,107.5
CPIAUCSL,1985-07-01,1985-08-22,1987-02-26,322.4
CPIAUCSL,1985-07-01,1987-02-27,1987-03-26,322.8
CPIAUCSL,1985-07-01,1994-02-17,9999-12-31,107.7
CPIAUCSL,1985-08-01,1985-09-24,1986-02-24,323
CPIAUCSL,1985-08-01,1986-02-25,1987-02-26,323.1
CPIAUCSL,1985-08-01,1987-02-27,1987-04-23,323.3
CPIAUCSL,1985-08-01,1994-02-17,9999-12-31,107.9
CPIAUCSL,1985-09-01,1985-10-23,1986-02-24,323.6
CPIAUCSL,1985-09-01,1986-02-25,1987-05-21,323.7
CPIAUCSL,1985-09-01,1994-02-17,9999-12-31,108.1
CPIAUCSL,1985-10-01,1985-11-22,1986-02-24,324.6
CPIAUCSL,1985-10-01,1986-02-25,1987-06-22,324.9
CPIAUCSL,1985-10-01,1994-02-17,9999-12-31,108.5
CPIAUCSL,1985-11-01,1985-12-20,1986-02-24,326.4
CPIAUCSL,1985-11-01,1986-02-25,1987-02-26,326.7
CPIAUCSL,1985-11-01,1987-02-27,1987-07-21,326.6
CPIAUCSL,1985-11-01,1994-02-17,9999-12-31,109
CPIAUCSL,1985-12-01,1986-01-22,1986-02-24,327.8
CPIAUCSL,1985-12-01,1986-02-25,1987-02-26,327.9
CPIAUCSL,1985-12-01,1987-02-27,1987-08-20,327.6
CPIAUCSL,1985-12-01,1994-02-17,9999-12-31,109.5
CPIAUCSL,1986-01-01,1986-02-25,1987-02-26,329
CPIAUCSL,1986-01-01,1987-02-27,1987-09-22,328.7
CPIAUCSL,1986-01-01,1994-02-17,9999-12-31,109.9
CPIAUCSL,1986-02-01,1986-03-25,1987-02-26,327.7
CPIAUCSL,1986-02-01,1987-02-27,1987-10-22,327.8
CPIAUCSL,1986-02-01,1994-02-17,9999-12-31,109.7
CPIAUCSL,1986-03-01,1986-04-22,1987-02-26,326.3
CPIAUCSL,1986-03-01,1987-02-27,1987-11-19,326.5
CPIAUCSL,1986-03-01,1994-02-17,9999-12-31,109.1
CPIAUCSL,1986-04-01,1986-05-21,1987-02-26,325.4
CPIAUCSL,1986-04-01,1987-02-27,1987-12-17,325.6
CPIAUCSL,1986-04-01,1994-02-17,9999-12-31,108.7
CPIAUCSL,1986-05-01,1986-06-20,1987-02-26,326
CPIAUCSL,1986-05-01,1987-02-27,1988-01-19,326.4
CPIAUCSL,1986-05-01,1994-02-17,9999-12-31,109
CPIAUCSL,1986-06-01,1986-07-23,1987-02-26,327.5
CPIAUCSL,1986-06-01,1987-02-27,1988-02-25,327.8
CPIAUCSL,1986-06-01,1994-02-17,9999-12-31,109.4
CPIAUCSL,1986-07-01,1986-08-21,1987-02-26,327.6
CPIAUCSL,1986-07-01,1987-02-27,1988-02-25,327.9
CPIAUCSL,1986-07-01,1988-02-26,1988-03-22,109.4
CPIAUCSL,1986-07-01,1994-02-17,9999-12-31,109.5
CPIAUCSL,1986-08-01,1986-09-23,1987-02-26,328.2
CPIAUCSL,1986-08-01,1987-02-27,1988-02-25,328.4
CPIAUCSL,1986-08-01,1988-02-26,1988-04-19,109.6
CPIAUCSL,1986-08-01,1994-02-17,9999-12-31,109.6
CPIAUCSL,1986-09-01,1986-10-23,1987-02-26,329.3
CPIAUCSL,1986-09-01,1987-02-27,1988-02-25,329.4
CPIAUCSL,1986-09-01,1988-02-26,1988-05-19,109.9
CPIAUCSL,1986-09-01,1994-02-17,9999-12-31,110
CPIAUCSL,1986-10-01,1986-11-25,1987-02-26,329.8
CPIAUCSL,1986-10-01,1987-02-27,1988-02-25,330
CPIAUCSL,1986-10-01,1988-02-26,1988-06-20,110.1
CPIAUCSL,1986-10-01,1994-02-17,9999-12-31,110.2
CPIAUCSL,1986-11-01,1986-12-19,1987-02-26,330.7
CPIAUCSL,1986-11-01,1987-02-27,1988-02-25,330.8
CPIAUCSL,1986-11-01,1988-02-26,1988-07-21,110.4
CPIAUCSL,1986-11-01,1994-02-17,9999-12-31,110.4
CPIAUCSL,1986-12-01,1987-01-21,1987-02-26,331.5
CPIAUCSL,1986-12-01,1987-02-27,1988-02-25,331.4
CPIAUCSL,1986-12-01,1988-02-26,1988-08-22,110.6
CPIAUCSL,1986-12-01,1994-02-17,9999-12-31,110.8
CPIAUCSL,1987-01-01,1987-02-27,1988-02-25,333.6
CPIAUCSL,1987-01-01,1988-02-26,1988-09-20,111.4
CPIAUCSL,1987-01-01,1994-02-17,2002-02-19,111.5
CPIAUCSL,1987-01-01,2002-02-20,9999-12-31,111.4
CPIAUCSL,1987-02-01,1987-03-27,1988-02-25,335
CPIAUCSL,1987-02-01,1988-02-26,1988-10-20,111.8
CPIAUCSL,1987-02-01,1994-02-17,2002-02-19,111.9
CPIAUCSL,1987-02-01,2002-02-20,9999-12-31,111.8
CPIAUCSL,1987-03-01,1987-04-24,1988-02-25,336.4
CPIAUCSL,1987-03-01,1988-02-26,1988-11-21,112.3
CPIAUCSL,1987-03-01,1994-02-17,2002-02-19,112.3
CPIAUCSL,1987-03-01,2002-02-20,9999-12-31,112.2
CPIAUCSL,1987-04-01,1987-05-22,1988-02-25,337.9
CPIAUCSL,1987-04-01,1988-02-26,1988-12-19,112.8
CPIAUCSL,1987-04-01,1994-02-17,2002-02-19,112.8
CPIAUCSL,1987-04-01,2002-02-20,9999-12-31,112.7
CPIAUCSL,1987-05-01,1987-06-23,1988-02-25,339
CPIAUCSL,1987-05-01,1988-02-26,1989-01-18,113.2
CPIAUCSL,1987-05-01,1994-02-17,2002-02-19,113.1
CPIAUCSL,1987-05-01,2002-02-20,9999-12-31,113
CPIAUCSL,1987-06-01,1987-07-22,1988-02-25,340.2
CPIAUCSL,1987-06-01,1988-02-26,1989-02-21,113.5
CPIAUCSL,1987-06-01,1994-02-17,2002-02-19,113.6
CPIAUCSL,1987-06-01,2002-02-20,9999-12-31,113.5
CPIAUCSL,1987-07-01,1987-08-21,1988-02-25,341
CPIAUCSL,1987-07-01,1988-02-26,1989-02-21,113.8
CPIAUCSL,1987-07-01,1989-02-22,1989-03-20,113.9
CPIAUCSL,1987-07-01,1994-02-17,2002-02-19,113.9
CPIAUCSL,1987-07-01,2002-02-20,9999-12-31,113.8
CPIAUCSL,1987-08-01,1987-09-23,1988-02-25,342.6
CPIAUCSL,1987-08-01,1988-02-26,1989-02-21,114.3
CPIAUCSL,1987-08-01,1989-02-22,1989-04-17,114.4
CPIAUCSL,1987-08-01,1994-02-17,2002-02-19,114.4
CPIAUCSL,1987-08-01,2002-02-20,9999-12-31,114.3
CPIAUCSL,1987-09-01,1987-10-23,1988-02-25,343.2
CPIAUCSL,1987-09-01,1988-02-26,1989-05-17,114.6
CPIAUCSL,1987-09-01,1994-02-17,2002-02-19,114.8
CPIAUCSL,1987-09-01,2002-02-20,9999-12-31,114.7
CPIAUCSL,1987-10-01,1987-11-20,1988-02-25,344.5
CPIAUCSL,1987-10-01,1988-02-26,1989-06-15,115
CPIAUCSL,1987-10-01,1994-02-17,2002-02-19,115.1
CPIAUCSL,1987-10-01,2002-02-20,9999-12-31,115
CPIAUCSL,1987-11-01,1987-12-18,1988-02-25,345.5
CPIAUCSL,1987-11-01,1988-02-26,1989-02-21,115.3
CPIAUCSL,1987-11-01,1989-02-22,1989-07-18,115.4
CPIAUCSL,1987-11-01,1994-02-17,2002-02-19,115.5
CPIAUCSL,1987-11-01,2002-02-20,9999-12-31,115.4
CPIAUCSL,1987-12-01,1988-01-20,1988-02-25,345.9
CPIAUCSL,1987-12-01,1988-02-26,1989-02-21,115.5
CPIAUCSL,1987-12-01,1989-02-22,1989-08-17,115.6
CPIAUCSL,1987-12-01,1994-02-17,2002-02-19,115.7
CPIAUCSL,1987-12-01,2002-02-20,9999-12-31,115.6
CPIAUCSL,1988-01-01,1988-02-26,1989-02-21,115.9
CPIAUCSL,1988-01-01,1989-02-22,1989-09-18,116.1
CPIAUCSL,1988-01-01,1994-02-17,2002-02-19,116.1
CPIAUCSL,1988-01-01,2002-02-20,9999-12-31,116
CPIAUCSL,1988-02-01,1988-03-23,1989-02-21,116.1
CPIAUCSL,1988-02-01,1989-02-22,1989-10-18,116.3
CPIAUCSL,1988-02-01,1994-02-17,9999-12-31,116.2
CPIAUCSL,1988-03-01,1988-04-20,1989-11-20,116.7
CPIAUCSL,1988-03-01,1994-02-17,2002-02-19,116.6
CPIAUCSL,1988-03-01,2002-02-20,9999-12-31,116.5
CPIAUCSL,1988-04-01,1988-05-20,1989-12-18,117.2
CPIAUCSL,1988-04-01,1994-02-17,9999-12-31,117.2
CPIAUCSL,1988-05-01,1988-06-21,1989-02-21,117.6
CPIAUCSL,1988-05-01,1989-02-22,1990-01-17,117.7
CPIAUCSL,1988-05-01,1994-02-17,2002-02-19,117.6
CPIAUCSL,1988-05-01,2002-02-20,9999-12-31,117.5
CPIAUCSL,1988-06-01,1988-07-22,1989-02-21,118
CPIAUCSL,1988-06-01,1989-02-22,1990-02-20,118.1
CPIAUCSL,1988-06-01,1994-02-17,2002-02-19,118.1
CPIAUCSL,1988-06-01,2002-02-20,9999-12-31,118
CPIAUCSL,1988-07-01,1988-08-23,1989-02-21,118.5
CPIAUCSL,1988-07-01,1989-02-22,1990-02-20,118.6
CPIAUCSL,1988-07-01,1994-02-17,2002-02-19,118.6
CPIAUCSL,1988-07-01,2002-02-20,9999-12-31,118.5
CPIAUCSL,1988-08-01,1988-09-21,1990-02-20,119
CPIAUCSL,1988-08-01,1994-02-17,9999-12-31,119
CPIAUCSL,1988-09-01,1988-10-21,1989-02-21,119.4
CPIAUCSL,1988-09-01,1989-02-22,1990-02-20,119.5
CPIAUCSL,1988-09-01,1994-02-17,2002-02-19,119.6
CPIAUCSL,1988-09-01,2002-02-20,9999-12-31,119.5
CPIAUCSL,1988-10-01,1988-11-22,1989-02-21,119.9
CPIAUCSL,1988-10-01,1989-02-22,1990-06-14,120
CPIAUCSL,1988-10-01,1994-02-17,2002-02-19,120
CPIAUCSL,1988-10-01,2002-02-20,9999-12-31,119.9
CPIAUCSL,1988-11-01,1988-12-20,1989-02-21,120.2
CPIAUCSL,1988-11-01,1989-02-22,1990-07-17,120.3
CPIAUCSL,1988-11-01,1994-02-17,2002-02-19,120.4
CPIAUCSL,1988-11-01,2002-02-20,9999-12-31,120.3
CPIAUCSL,1988-12-01,1989-01-19,1989-02-21,120.6
CPIAUCSL,1988-12-01,1989-02-22,1990-08-15,120.7
CPIAUCSL,1988-12-01,1994-02-17,2002-02-19,120.8
CPIAUCSL,1988-12-01,2002-02-20,9999-12-31,120.7
CPIAUCSL,1989-01-01,1989-02-22,1990-09-17,121.4
CPIAUCSL,1989-01-01,1994-02-17,2002-02-19,121.3
CPIAUCSL,1989-01-01,2002-02-20,9999-12-31,121.2
CPIAUCSL,1989-02-01,1989-03-21,1990-10-17,121.9
CPIAUCSL,1989-02-01,1994-02-17,2002-02-19,121.7
CPIAUCSL,1989-02-01,2002-02-20,9999-12-31,121.6
CPIAUCSL,1989-03-01,1989-04-18,1990-11-15,122.5
CPIAUCSL,1989-03-01,1994-02-17,2002-02-19,122.3
CPIAUCSL,1989-03-01,2002-02-20,9999-12-31,122.2
CPIAUCSL,1989-04-01,1989-05-18,1990-12-17,123.3
CPIAUCSL,1989-04-01,1994-02-17,2002-02-19,123.2
CPIAUCSL,1989-04-01,2002-02-20,9999-12-31,123.1
CPIAUCSL,1989-05-01,1989-06-16,1990-02-20,124
CPIAUCSL,1989-05-01,1990-02-21,1991-01-15,123.8
CPIAUCSL,1989-05-01,1994-02-17,2002-02-19,123.8
CPIAUCSL,1989-05-01,2002-02-20,9999-12-31,123.7
CPIAUCSL,1989-06-01,1989-07-19,1990-02-20,124.2
CPIAUCSL,1989-06-01,1990-02-21,1991-02-19,124.1
CPIAUCSL,1989-06-01,1994-02-17,9999-12-31,124.1
CPIAUCSL,1989-07-01,1989-08-18,1991-03-18,124.5
CPIAUCSL,1989-07-01,1994-02-17,2002-02-19,124.6
CPIAUCSL,1989-07-01,2002-02-20,9999-12-31,124.5
CPIAUCSL,1989-08-01,1989-09-19,1991-02-19,124.5
CPIAUCSL,1989-08-01,1991-02-20,1991-04-11,124.6
CPIAUCSL,1989-08-01,1994-02-17,2002-02-19,124.6
CPIAUCSL,1989-08-01,2002-02-20,9999-12-31,124.5
CPIAUCSL,1989-09-01,1989-10-19,1990-02-20,124.7
CPIAUCSL,1989-09-01,1990-02-21,1991-02-19,124.8
CPIAUCSL,1989-09-01,1991-02-20,1991-05-13,124.9
CPIAUCSL,1989-09-01,1994-02-17,2002-02-19,124.9
CPIAUCSL,1989-09-01,2002-02-20,9999-12-31,124.8
CPIAUCSL,1989-10-01,1989-11-21,1990-02-20,125.3
CPIAUCSL,1989-10-01,1990-02-21,1991-06-13,125.4
CPIAUCSL,1989-10-01,1994-02-17,2002-02-19,125.5
CPIAUCSL,1989-10-01,2002-02-20,9999-12-31,125.4
CPIAUCSL,1989-11-01,1989-12-19,1991-02-19,125.8
CPIAUCSL,1989-11-01,1991-02-20,1991-07-16,125.9
CPIAUCSL,1989-11-01,1994-02-17,9999-12-31,125.9
CPIAUCSL,1989-12-01,1990-01-18,1991-02-19,126.3
CPIAUCSL,1989-12-01,1991-02-20,1991-08-13,126.4
CPIAUCSL,1989-12-01,1994-02-17,2002-02-19,126.4
CPIAUCSL,1989-12-01,2002-02-20,9999-12-31,126.3
CPIAUCSL,1990-01-01,1990-02-21,1991-02-19,127.7
CPIAUCSL,1990-01-01,1991-02-20,1991-09-12,127.6
CPIAUCSL,1990-01-01,1994-02-17,1995-02-14,127.5
CPIAUCSL,1990-01-01,1995-02-15,2002-02-19,127.6
CPIAUCSL,1990-01-01,2002-02-20,9999-12-31,127.5
CPIAUCSL,1990-02-01,1990-03-20,1991-02-19,128.3
CPIAUCSL,1990-02-01,1991-02-20,1991-10-16,128.2
CPIAUCSL,1990-02-01,1994-02-17,1995-02-14,128
CPIAUCSL,1990-02-01,1995-02-15,2002-02-19,128.1
CPIAUCSL,1990-02-01,2002-02-20,9999-12-31,128
CPIAUCSL,1990-03-01,1990-04-17,1991-02-19,128.9
CPIAUCSL,1990-03-01,1991-02-20,1991-11-13,128.7
CPIAUCSL,1990-03-01,1994-02-17,1995-02-14,128.7
CPIAUCSL,1990-03-01,1995-02-15,9999-12-31,128.6
CPIAUCSL,1990-04-01,1990-05-16,1991-02-19,129.1
CPIAUCSL,1990-04-01,1991-02-20,1991-12-12,129
CPIAUCSL,1990-04-01,1994-02-17,2002-02-19,129
CPIAUCSL,1990-04-01,2002-02-20,9999-12-31,128.9
CPIAUCSL,1990-05-01,1990-06-15,1991-02-19,129.3
CPIAUCSL,1990-05-01,1991-02-20,1992-01-15,129.2
CPIAUCSL,1990-05-01,1994-02-17,2002-02-19,129.2
CPIAUCSL,1990-05-01,2002-02-20,9999-12-31,129.1
CPIAUCSL,1990-06-01,1990-07-18,1992-02-18,130
CPIAUCSL,1990-06-01,1994-02-17,2002-02-19,130
CPIAUCSL,1990-06-01,2002-02-20,9999-12-31,129.9
CPIAUCSL,1990-07-01,1990-08-16,1992-02-18,130.5
CPIAUCSL,1990-07-01,1992-02-19,1992-03-16,130.6
CPIAUCSL,1990-07-01,1994-02-17,2002-02-19,130.6
CPIAUCSL,1990-07-01,2002-02-20,9999-12-31,130.5
CPIAUCSL,1990-08-01,1990-09-18,1991-02-19,131.5
CPIAUCSL,1990-08-01,1991-02-20,1992-02-18,131.6
CPIAUCSL,1990-08-01,1992-02-19,1992-04-09,131.7
CPIAUCSL,1990-08-01,1994-02-17,2002-02-19,131.7
CPIAUCSL,1990-08-01,2002-02-20,9999-12-31,131.6
CPIAUCSL,1990-09-01,1990-10-18,1991-02-19,132.5
CPIAUCSL,1990-09-01,1991-02-20,1992-05-12,132.6
CPIAUCSL,1990-09-01,1994-02-17,2002-02-19,132.6
CPIAUCSL,1990-09-01,2002-02-20,9999-12-31,132.5
CPIAUCSL,1990-10-01,1990-11-16,1991-02-19,133.3
CPIAUCSL,1990-10-01,1991-02-20,1992-02-18,133.4
CPIAUCSL,1990-10-01,1992-02-19,1992-06-11,133.5
CPIAUCSL,1990-10-01,1994-02-17,1995-02-14,133.4
CPIAUCSL,1990-10-01,1995-02-15,2002-02-19,133.5
CPIAUCSL,1990-10-01,2002-02-20,9999-12-31,133.4
CPIAUCSL,1990-11-01,1990-12-18,1991-02-19,133.7
CPIAUCSL,1990-11-01,1991-02-20,1992-07-13,133.8
CPIAUCSL,1990-11-01,1994-02-17,1995-02-14,133.9
CPIAUCSL,1990-11-01,1995-02-15,2002-02-19,133.8
CPIAUCSL,1990-11-01,2002-02-20,9999-12-31,133.7
CPIAUCSL,1990-12-01,1991-01-16,1991-02-19,134.1
CPIAUCSL,1990-12-01,1991-02-20,1992-08-12,134.2
CPIAUCSL,1990-12-01,1994-02-17,2002-02-19,134.3
CPIAUCSL,1990-12-01,2002-02-20,9999-12-31,134.2
CPIAUCSL,1991-01-01,1991-02-20,1992-02-18,134.8
CPIAUCSL,1991-01-01,1992-02-19,1992-09-14,134.7
CPIAUCSL,1991-01-01,1994-02-17,2002-02-19,134.8
CPIAUCSL,1991-01-01,2002-02-20,9999-12-31,134.7
CPIAUCSL,1991-02-01,1991-03-19,1992-02-18,135.1
CPIAUCSL,1991-02-01,1992-02-19,1992-10-14,134.9
CPIAUCSL,1991-02-01,1994-02-17,2002-02-19,134.9
CPIAUCSL,1991-02-01,2002-02-20,9999-12-31,134.8
CPIAUCSL,1991-03-01,1991-04-12,1992-02-18,135
CPIAUCSL,1991-03-01,1992-02-19,1992-11-12,135.1
CPIAUCSL,1991-03-01,1994-02-17,1996-02-27,135
CPIAUCSL,1991-03-01,1996-02-28,2002-02-19,134.9
CPIAUCSL,1991-03-01,2002-02-20,9999-12-31,134.8
CPIAUCSL,1991-04-01,1991-05-14,1992-02-18,135.3
CPIAUCSL,1991-04-01,1992-02-19,1992-12-12,135.4
CPIAUCSL,1991-04-01,1994-02-17,1996-02-27,135.3
CPIAUCSL,1991-04-01,1996-02-28,2002-02-19,135.2
CPIAUCSL,1991-04-01,2002-02-20,9999-12-31,135.1
CPIAUCSL,1991-05-01,1991-06-14,1993-01-14,135.7
CPIAUCSL,1991-05-01,1994-02-17,2002-02-19,135.7
CPIAUCSL,1991-05-01,2002-02-20,9999-12-31,135.6
CPIAUCSL,1991-06-01,1991-07-17,1992-02-18,136
CPIAUCSL,1991-06-01,1992-02-19,1993-02-17,136.1
CPIAUCSL,1991-06-01,1994-02-17,1996-02-27,136
CPIAUCSL,1991-06-01,1996-02-28,2002-02-19,136.1
CPIAUCSL,1991-06-01,2002-02-20,9999-12-31,136
CPIAUCSL,1991-07-01,1991-08-14,1992-02-18,136.3
CPIAUCSL,1991-07-01,1992-02-19,1993-02-17,136.2
CPIAUCSL,1991-07-01,1993-02-18,1993-03-16,136.3
CPIAUCSL,1991-07-01,1994-02-17,1996-02-27,136.4
CPIAUCSL,1991-07-01,1996-02-28,2002-02-19,136.3
CPIAUCSL,1991-07-01,2002-02-20,9999-12-31,136.2
CPIAUCSL,1991-08-01,1991-09-13,1993-04-08,136.6
CPIAUCSL,1991-08-01,1994-02-17,2002-02-19,136.7
CPIAUCSL,1991-08-01,2002-02-20,9999-12-31,136.6
CPIAUCSL,1991-09-01,1991-10-17,1993-02-17,137.1
CPIAUCSL,1991-09-01,1993-02-18,1993-05-12,137
CPIAUCSL,1991-09-01,1994-02-17,2002-02-19,137.1
CPIAUCSL,1991-09-01,2002-02-20,9999-12-31,137
CPIAUCSL,1991-10-01,1991-11-14,1992-02-18,137.2
CPIAUCSL,1991-10-01,1992-02-19,1993-02-17,137.4
CPIAUCSL,1991-10-01,1993-02-18,1993-06-14,137.3
CPIAUCSL,1991-10-01,1994-02-17,2002-02-19,137.3
CPIAUCSL,1991-10-01,2002-02-20,9999-12-31,137.2
CPIAUCSL,1991-11-01,1991-12-13,1992-02-18,137.8
CPIAUCSL,1991-11-01,1992-02-19,1993-02-17,137.9
CPIAUCSL,1991-11-01,1993-02-18,1993-07-13,137.8
CPIAUCSL,1991-11-01,1994-02-17,2002-02-19,137.9
CPIAUCSL,1991-11-01,2002-02-20,9999-12-31,137.8
CPIAUCSL,1991-12-01,1992-01-16,1993-02-17,138.2
CPIAUCSL,1991-12-01,1993-02-18,1993-08-12,138.1
CPIAUCSL,1991-12-01,1994-02-17,2002-02-19,138.3
CPIAUCSL,1991-12-01,2002-02-20,9999-12-31,138.2
CPIAUCSL,1992-01-01,1992-02-19,1993-02-17,138.3
CPIAUCSL,1992-01-01,1993-02-18,1993-09-13,138.5
CPIAUCSL,1992-01-01,1994-02-17,2002-02-19,138.4
CPIAUCSL,1992-01-01,2002-02-20,9999-12-31,138.3
CPIAUCSL,1992-02-01,1992-03-17,1993-02-17,138.7
CPIAUCSL,1992-02-01,1993-02-18,1993-10-14,138.8
CPIAUCSL,1992-02-01,1994-02-17,1997-02-18,138.6
CPIAUCSL,1992-02-01,1997-02-19,2002-02-19,138.7
CPIAUCSL,1992-02-01,2002-02-20,9999-12-31,138.6
CPIAUCSL,1992-03-01,1992-04-10,1993-02-17,139.4
CPIAUCSL,1992-03-01,1993-02-18,1993-11-09,139.3
CPIAUCSL,1992-03-01,1994-02-17,2002-02-19,139.2
CPIAUCSL,1992-03-01,2002-02-20,9999-12-31,139.1
CPIAUCSL,1992-04-01,1992-05-13,1993-12-09,139.7
CPIAUCSL,1992-04-01,1994-02-17,2002-02-19,139.5
CPIAUCSL,1992-04-01,2002-02-20,9999-12-31,139.4
CPIAUCSL,1992-05-01,1992-06-12,1994-01-12,139.9
CPIAUCSL,1992-05-01,1994-02-17,2002-02-19,139.8
CPIAUCSL,1992-05-01,2002-02-20,9999-12-31,139.7
CPIAUCSL,1992-06-01,1992-07-14,1993-02-17,140.3
CPIAUCSL,1992-06-01,1993-02-18,1994-02-16,140.2
CPIAUCSL,1992-06-01,1994-02-17,1997-02-18,140.3
CPIAUCSL,1992-06-01,1997-02-19,2002-02-19,140.2
CPIAUCSL,1992-06-01,2002-02-20,9999-12-31,140.1
CPIAUCSL,1992-07-01,1992-08-13,1993-02-17,140.5
CPIAUCSL,1992-07-01,1993-02-18,2002-02-19,140.6
CPIAUCSL,1992-07-01,2002-02-20,9999-12-31,140.5
CPIAUCSL,1992-08-01,1992-09-15,1994-02-16,140.9
CPIAUCSL,1992-08-01,1994-02-17,1996-02-27,141
CPIAUCSL,1992-08-01,1996-02-28,2002-02-19,140.9
CPIAUCSL,1992-08-01,2002-02-20,9999-12-31,140.8
CPIAUCSL,1992-09-01,1992-10-15,1993-02-17,141.2
CPIAUCSL,1992-09-01,1993-02-18,1994-02-16,141.1
CPIAUCSL,1992-09-01,1994-02-17,2002-02-19,141.2
CPIAUCSL,1992-09-01,2002-02-20,9999-12-31,141.1
CPIAUCSL,1992-10-01,1992-11-13,1993-02-17,141.8
CPIAUCSL,1992-10-01,1993-02-18,1996-02-27,141.7
CPIAUCSL,1992-10-01,1996-02-28,2002-02-19,141.8
CPIAUCSL,1992-10-01,2002-02-20,9999-12-31,141.7
CPIAUCSL,1992-11-01,1992-12-13,1993-02-17,142.1
CPIAUCSL,1992-11-01,1993-02-18,1994-02-16,142
CPIAUCSL,1992-11-01,1994-02-17,1996-02-27,142.1
CPIAUCSL,1992-11-01,1996-02-28,2002-02-19,142.2
CPIAUCSL,1992-11-01,2002-02-20,9999-12-31,142.1
CPIAUCSL,1992-12-01,1993-01-15,1994-02-16,142.2
CPIAUCSL,1992-12-01,1994-02-17,2002-02-19,142.4
CPIAUCSL,1992-12-01,2002-02-20,9999-12-31,142.3
CPIAUCSL,1993-01-01,1993-02-18,1994-02-16,142.9
CPIAUCSL,1993-01-01,1994-02-17,1996-02-27,142.7
CPIAUCSL,1993-01-01,1996-02-28,9999-12-31,142.8
CPIAUCSL,1993-02-01,1993-03-17,1994-02-16,143.4
CPIAUCSL,1993-02-01,1994-02-17,2002-02-19,143.2
CPIAUCSL,1993-02-01,2002-02-20,9999-12-31,143.1
CPIAUCSL,1993-03-01,1993-04-09,1994-02-16,143.6
CPIAUCSL,1993-03-01,1994-02-17,1998-02-23,143.5
CPIAUCSL,1993-03-01,1998-02-24,2002-02-19,143.4
CPIAUCSL,1993-03-01,2002-02-20,9999-12-31,143.3
CPIAUCSL,1993-04-01,1993-05-13,1994-02-16,144.2
CPIAUCSL,1993-04-01,1994-02-17,1996-02-27,144
CPIAUCSL,1993-04-01,1996-02-28,2002-02-19,143.9
CPIAUCSL,1993-04-01,2002-02-20,9999-12-31,143.8
CPIAUCSL,1993-05-01,1993-06-15,1994-02-16,144.4
CPIAUCSL,1993-05-01,1994-02-17,2002-02-19,144.3
CPIAUCSL,1993-05-01,2002-02-20,9999-12-31,144.2
CPIAUCSL,1993-06-01,1993-07-14,2002-02-19,144.4
CPIAUCSL,1993-06-01,2002-02-20,9999-12-31,144.3
CPIAUCSL,1993-07-01,1993-08-13,1994-02-16,144.5
CPIAUCSL,1993-07-01,1994-02-17,2002-02-19,144.6
CPIAUCSL,1993-07-01,2002-02-20,9999-12-31,144.5
CPIAUCSL,1993-08-01,1993-09-14,1994-02-16,144.9
CPIAUCSL,1993-08-01,1994-02-17,1995-02-14,145
CPIAUCSL,1993-08-01,1995-02-15,2002-02-19,144.9
CPIAUCSL,1993-08-01,2002-02-20,9999-12-31,144.8
CPIAUCSL,1993-09-01,1993-10-15,1994-02-16,144.9
CPIAUCSL,1993-09-01,1994-02-17,1995-02-14,145.1
CPIAUCSL,1993-09-01,1995-02-15,1996-02-27,145
CPIAUCSL,1993-09-01,1996-02-28,2002-02-19,145.1
CPIAUCSL,1993-09-01,2002-02-20,9999-12-31,145
CPIAUCSL,1993-10-01,1993-11-10,1994-02-16,145.5
CPIAUCSL,1993-10-01,1994-02-17,1995-02-14,145.6
CPIAUCSL,1993-10-01,1995-02-15,2002-02-19,145.7
CPIAUCSL,1993-10-01,2002-02-20,9999-12-31,145.6
CPIAUCSL,1993-11-01,1993-12-10,1994-02-16,145.8
CPIAUCSL,1993-11-01,1994-02-17,9999-12-31,146
CPIAUCSL,1993-12-01,1994-01-13,1994-02-16,146.1
CPIAUCSL,1993-12-01,1994-02-17,1997-02-18,146.3
CPIAUCSL,1993-12-01,1997-02-19,2002-02-19,146.4
CPIAUCSL,1993-12-01,2002-02-20,9999-12-31,146.3
CPIAUCSL,1994-01-01,1994-02-17,1995-02-14,146.3
CPIAUCSL,1994-01-01,1995-02-15,2002-02-19,146.4
CPIAUCSL,1994-01-01,2002-02-20,9999-12-31,146.3
CPIAUCSL,1994-02-01,1994-03-16,1995-02-14,146.7
CPIAUCSL,1994-02-01,1995-02-15,1996-02-27,146.8
CPIAUCSL,1994-02-01,1996-02-28,1997-02-18,146.7
CPIAUCSL,1994-02-01,1997-02-19,1998-02-23,146.8
CPIAUCSL,1994-02-01,1998-02-24,1999-02-18,146.7
CPIAUCSL,1994-02-01,1999-02-19,2002-02-19,146.8
CPIAUCSL,1994-02-01,2002-02-20,9999-12-31,146.7
CPIAUCSL,1994-03-01,1994-04-13,1995-02-14,147.2
CPIAUCSL,1994-03-01,1995-02-15,1999-02-18,147.1
CPIAUCSL,1994-03-01,1999-02-19,2002-02-19,147.2
CPIAUCSL,1994-03-01,2002-02-20,9999-12-31,147.1
CPIAUCSL,1994-04-01,1994-05-13,1996-02-27,147.4
CPIAUCSL,1994-04-01,1996-02-28,2002-02-19,147.3
CPIAUCSL,1994-04-01,2002-02-20,9999-12-31,147.2
CPIAUCSL,1994-05-01,1994-06-14,1995-02-14,147.7
CPIAUCSL,1994-05-01,1995-02-15,2002-02-19,147.6
CPIAUCSL,1994-05-01,2002-02-20,9999-12-31,147.5
CPIAUCSL,1994-06-01,1994-07-13,1997-02-18,148.1
CPIAUCSL,1994-06-01,1997-02-19,1998-02-23,148
CPIAUCSL,1994-06-01,1998-02-24,1999-02-18,148.1
CPIAUCSL,1994-06-01,1999-02-19,2002-02-19,148
CPIAUCSL,1994-06-01,2002-02-20,9999-12-31,147.9
CPIAUCSL,1994-07-01,1994-08-12,1995-02-14,148.6
CPIAUCSL,1994-07-01,1995-02-15,1996-02-27,148.5
CPIAUCSL,1994-07-01,1996-02-28,1997-02-18,148.6
CPIAUCSL,1994-07-01,1997-02-19,2002-02-19,148.5
CPIAUCSL,1994-07-01,2002-02-20,9999-12-31,148.4
CPIAUCSL,1994-08-01,1994-09-13,1998-02-23,149.1
CPIAUCSL,1994-08-01,1998-02-24,1999-02-18,149.2
CPIAUCSL,1994-08-01,1999-02-19,2002-02-19,149.1
CPIAUCSL,1994-08-01,2002-02-20,9999-12-31,149
CPIAUCSL,1994-09-01,1994-10-14,2002-02-19,149.4
CPIAUCSL,1994-09-01,2002-02-20,9999-12-31,149.3
CPIAUCSL,1994-10-01,1994-11-16,1995-02-14,149.5
CPIAUCSL,1994-10-01,1995-02-15,1996-02-27,149.6
CPIAUCSL,1994-10-01,1996-02-28,1997-02-18,149.5
CPIAUCSL,1994-10-01,1997-02-19,1999-02-18,149.6
CPIAUCSL,1994-10-01,1999-02-19,2002-02-19,149.5
CPIAUCSL,1994-10-01,2002-02-20,9999-12-31,149.4
CPIAUCSL,1994-11-01,1994-12-14,1995-02-14,149.9
CPIAUCSL,1994-11-01,1995-02-15,1996-02-27,149.8
CPIAUCSL,1994-11-01,1996-02-28,1998-02-23,149.9
CPIAUCSL,1994-11-01,1998-02-24,1999-02-18,150
CPIAUCSL,1994-11-01,1999-02-19,2002-02-19,149.9
CPIAUCSL,1994-11-01,2002-02-20,9999-12-31,149.8
CPIAUCSL,1994-12-01,1995-01-11,1995-02-14,150.2
CPIAUCSL,1994-12-01,1995-02-15,1996-02-27,150.1
CPIAUCSL,1994-12-01,1996-02-28,1997-02-18,150.2
CPIAUCSL,1994-12-01,1997-02-19,1998-02-23,150.3
CPIAUCSL,1994-12-01,1998-02-24,2002-02-19,150.2
CPIAUCSL,1994-12-01,2002-02-20,9999-12-31,150.1
CPIAUCSL,1995-01-01,1995-02-15,2002-02-19,150.6
CPIAUCSL,1995-01-01,2002-02-20,9999-12-31,150.5
CPIAUCSL,1995-02-01,1995-03-16,1996-02-27,151
CPIAUCSL,1995-02-01,1996-02-28,1997-02-18,150.9
CPIAUCSL,1995-02-01,1997-02-19,1998-02-23,151
CPIAUCSL,1995-02-01,1998-02-24,1999-02-18,150.9
CPIAUCSL,1995-02-01,1999-02-19,2002-02-19,151
CPIAUCSL,1995-02-01,2002-02-20,9999-12-31,150.9
CPIAUCSL,1995-03-01,1995-04-12,1998-02-23,151.3
CPIAUCSL,1995-03-01,1998-02-24,1999-02-18,151.2
CPIAUCSL,1995-03-01,1999-02-19,2002-02-19,151.3
CPIAUCSL,1995-03-01,2002-02-20,9999-12-31,151.2
CPIAUCSL,1995-04-01,1995-05-12,1996-02-27,151.9
CPIAUCSL,1995-04-01,1996-02-28,2000-02-17,151.8
CPIAUCSL,1995-04-01,2000-02-18,2002-02-19,151.9
CPIAUCSL,1995-04-01,2002-02-20,9999-12-31,151.8
CPIAUCSL,1995-05-01,1995-06-13,1996-02-27,152.3
CPIAUCSL,1995-05-01,1996-02-28,1997-02-18,152.2
CPIAUCSL,1995-05-01,1997-02-19,1998-02-23,152.1
CPIAUCSL,1995-05-01,1998-02-24,2002-02-19,152.2
CPIAUCSL,1995-05-01,2002-02-20,9999-12-31,152.1
CPIAUCSL,1995-06-01,1995-07-14,1996-02-27,152.5
CPIAUCSL,1995-06-01,1996-02-28,1997-02-18,152.6
CPIAUCSL,1995-06-01,1997-02-19,2002-02-19,152.5
CPIAUCSL,1995-06-01,2002-02-20,9999-12-31,152.4
CPIAUCSL,1995-07-01,1995-08-11,1996-02-27,152.8
CPIAUCSL,1995-07-01,1996-02-28,1997-02-18,152.7
CPIAUCSL,1995-07-01,1997-02-19,1998-02-23,152.6
CPIAUCSL,1995-07-01,1998-02-24,2002-02-19,152.7
CPIAUCSL,1995-07-01,2002-02-20,9999-12-31,152.6
CPIAUCSL,1995-08-01,1995-09-13,2002-02-19,153
CPIAUCSL,1995-08-01,2002-02-20,9999-12-31,152.9
CPIAUCSL,1995-09-01,1995-10-13,2002-02-19,153.2
CPIAUCSL,1995-09-01,2002-02-20,9999-12-31,153.1
CPIAUCSL,1995-10-01,1995-11-15,2002-02-19,153.7
CPIAUCSL,1995-10-01,2002-02-20,9999-12-31,153.5
CPIAUCSL,1995-11-01,1995-12-14,1996-02-27,153.7
CPIAUCSL,1995-11-01,1996-02-28,1998-02-23,153.8
CPIAUCSL,1995-11-01,1998-02-24,1999-02-18,153.9
CPIAUCSL,1995-11-01,1999-02-19,2002-02-19,153.8
CPIAUCSL,1995-11-01,2002-02-20,9999-12-31,153.7
CPIAUCSL,1995-12-01,1996-02-01,1996-02-27,154
CPIAUCSL,1995-12-01,1996-02-28,2002-02-19,154.1
CPIAUCSL,1995-12-01,2002-02-20,9999-12-31,153.9
CPIAUCSL,1996-01-01,1996-02-28,2001-02-20,154.7
CPIAUCSL,1996-01-01,2001-02-21,2002-02-19,154.8
CPIAUCSL,1996-01-01,2002-02-20,9999-12-31,154.7
CPIAUCSL,1996-02-01,1996-03-15,1997-02-18,155
CPIAUCSL,1996-02-01,1997-02-19,1998-02-23,155.1
CPIAUCSL,1996-02-01,1998-02-24,1999-02-18,155
CPIAUCSL,1996-02-01,1999-02-19,2002-02-19,155.1
CPIAUCSL,1996-02-01,2002-02-20,9999-12-31,155
CPIAUCSL,1996-03-01,1996-04-12,2000-02-17,155.6
CPIAUCSL,1996-03-01,2000-02-18,2001-02-20,155.7
CPIAUCSL,1996-03-01,2001-02-21,2002-02-19,155.6
CPIAUCSL,1996-03-01,2002-02-20,9999-12-31,155.5
CPIAUCSL,1996-04-01,1996-05-14,1997-02-18,156.2
CPIAUCSL,1996-04-01,1997-02-19,1998-02-23,156.1
CPIAUCSL,1996-04-01,1998-02-24,2002-02-19,156.2
CPIAUCSL,1996-04-01,2002-02-20,9999-12-31,156.1
CPIAUCSL,1996-05-01,1996-06-12,1997-02-18,156.7
CPIAUCSL,1996-05-01,1997-02-19,1998-02-23,156.5
CPIAUCSL,1996-05-01,1998-02-24,2001-02-20,156.6
CPIAUCSL,1996-05-01,2001-02-21,2002-02-19,156.5
CPIAUCSL,1996-05-01,2002-02-20,9999-12-31,156.4
CPIAUCSL,1996-06-01,1996-07-16,1997-02-18,156.8
CPIAUCSL,1996-06-01,1997-02-19,1998-02-23,156.7
CPIAUCSL,1996-06-01,1998-02-24,2002-02-19,156.8
CPIAUCSL,1996-06-01,2002-02-20,9999-12-31,156.7
CPIAUCSL,1996-07-01,1996-08-13,1997-02-18,157.2
CPIAUCSL,1996-07-01,1997-02-19,1998-02-23,157.1
CPIAUCSL,1996-07-01,1998-02-24,2001-02-20,157.2
CPIAUCSL,1996-07-01,2001-02-21,2002-02-19,157.1
CPIAUCSL,1996-07-01,2002-02-20,9999-12-31,157
CPIAUCSL,1996-08-01,1996-09-13,1999-02-18,157.4
CPIAUCSL,1996-08-01,1999-02-19,2002-02-19,157.3
CPIAUCSL,1996-08-01,2002-02-20,9999-12-31,157.2
CPIAUCSL,1996-09-01,1996-10-16,1997-02-18,157.8
CPIAUCSL,1996-09-01,1997-02-19,1998-02-23,157.9
CPIAUCSL,1996-09-01,1998-02-24,2002-02-19,157.8
CPIAUCSL,1996-09-01,2002-02-20,9999-12-31,157.7
CPIAUCSL,1996-10-01,1996-11-14,2002-02-19,158.3
CPIAUCSL,1996-10-01,2002-02-20,9999-12-31,158.2
CPIAUCSL,1996-11-01,1996-12-12,1997-02-18,158.7
CPIAUCSL,1996-11-01,1997-02-19,1999-02-18,158.8
CPIAUCSL,1996-11-01,1999-02-19,2001-02-20,158.7
CPIAUCSL,1996-11-01,2001-02-21,2002-02-19,158.8
CPIAUCSL,1996-11-01,2002-02-20,9999-12-31,158.7
CPIAUCSL,1996-12-01,1997-01-14,1997-02-18,159.1
CPIAUCSL,1996-12-01,1997-02-19,1999-02-18,159.2
CPIAUCSL,1996-12-01,1999-02-19,2001-02-20,159.1
CPIAUCSL,1996-12-01,2001-02-21,2002-02-19,159.2
CPIAUCSL,1996-12-01,2002-02-20,9999-12-31,159.1
CPIAUCSL,1997-01-01,1997-02-19,2001-02-20,159.4
CPIAUCSL,1997-01-01,2001-02-21,2002-02-19,159.5
CPIAUCSL,1997-01-01,2002-02-20,9999-12-31,159.4
CPIAUCSL,1997-02-01,1997-03-19,1998-02-23,159.8
CPIAUCSL,1997-02-01,1998-02-24,1999-02-18,159.7
CPIAUCSL,1997-02-01,1999-02-19,2001-02-20,159.8
CPIAUCSL,1997-02-01,2001-02-21,2002-02-19,159.9
CPIAUCSL,1997-02-01,2002-02-20,9999-12-31,159.7
CPIAUCSL,1997-03-01,1997-04-15,1998-02-23,159.9
CPIAUCSL,1997-03-01,1998-02-24,1999-02-18,159.8
CPIAUCSL,1997-03-01,1999-02-19,2000-02-17,159.9
CPIAUCSL,1997-03-01,2000-02-18,2001-02-20,160
CPIAUCSL,1997-03-01,2001-02-21,2002-02-19,159.9
CPIAUCSL,1997-03-01,2002-02-20,9999-12-31,159.8
CPIAUCSL,1997-04-01,1997-05-15,1999-02-18,160
CPIAUCSL,1997-04-01,1999-02-19,2001-02-20,160.1
CPIAUCSL,1997-04-01,2001-02-21,2002-02-19,160
CPIAUCSL,1997-04-01,2002-02-20,9999-12-31,159.9
CPIAUCSL,1997-05-01,1997-06-17,2002-02-19,160.1
CPIAUCSL,1997-05-01,2002-02-20,9999-12-31,159.9
CPIAUCSL,1997-06-01,1997-07-16,1998-02-23,160.3
CPIAUCSL,1997-06-01,1998-02-24,1999-02-18,160.4
CPIAUCSL,1997-06-01,1999-02-19,2000-02-17,160.3
CPIAUCSL,1997-06-01,2000-02-18,2001-02-20,160.4
CPIAUCSL,1997-06-01,2001-02-21,2002-02-19,160.3
CPIAUCSL,1997-06-01,2002-02-20,9999-12-31,160.2
CPIAUCSL,1997-07-01,1997-08-14,2001-02-20,160.6
CPIAUCSL,1997-07-01,2001-02-21,2002-02-19,160.5
CPIAUCSL,1997-07-01,2002-02-20,9999-12-31,160.4
CPIAUCSL,1997-08-01,1997-09-16,2000-02-17,160.9
CPIAUCSL,1997-08-01,2000-02-18,9999-12-31,160.8
CPIAUCSL,1997-09-01,1997-10-16,2002-02-19,161.3
CPIAUCSL,1997-09-01,2002-02-20,9999-12-31,161.2
CPIAUCSL,1997-10-01,1997-11-18,1999-02-18,161.6
CPIAUCSL,1997-10-01,1999-02-19,2000-02-17,161.5
CPIAUCSL,1997-10-01,2000-02-18,2002-02-19,161.6
CPIAUCSL,1997-10-01,2002-02-20,9999-12-31,161.5
CPIAUCSL,1997-11-01,1997-12-16,1999-02-18,161.8
CPIAUCSL,1997-11-01,1999-02-19,2001-02-20,161.7
CPIAUCSL,1997-11-01,2001-02-21,2002-02-19,161.8
CPIAUCSL,1997-11-01,2002-02-20,9999-12-31,161.7
CPIAUCSL,1997-12-01,1998-01-13,1999-02-18,161.9
CPIAUCSL,1997-12-01,1999-02-19,2001-02-20,161.8
CPIAUCSL,1997-12-01,2001-02-21,2002-02-19,161.9
CPIAUCSL,1997-12-01,2002-02-20,9999-12-31,161.8
CPIAUCSL,1998-01-01,1998-02-24,1999-02-18,161.9
CPIAUCSL,1998-01-01,1999-02-19,2001-02-20,162
CPIAUCSL,1998-01-01,2001-02-21,2002-02-19,162.1
CPIAUCSL,1998-01-01,2002-02-20,9999-12-31,162
CPIAUCSL,1998-02-01,1998-03-19,1999-02-18,162
CPIAUCSL,1998-02-01,1999-02-19,2001-02-20,162.1
CPIAUCSL,1998-02-01,2001-02-21,2002-02-19,162.2
CPIAUCSL,1998-02-01,2002-02-20,9999-12-31,162
CPIAUCSL,1998-03-01,1998-04-14,1999-02-18,162
CPIAUCSL,1998-03-01,1999-02-19,2000-02-17,162.1
CPIAUCSL,1998-03-01,2000-02-18,2002-02-19,162.2
CPIAUCSL,1998-03-01,2002-02-20,9999-12-31,162
CPIAUCSL,1998-04-01,1998-05-14,1999-02-18,162.4
CPIAUCSL,1998-04-01,1999-02-19,2001-02-20,162.5
CPIAUCSL,1998-04-01,2001-02-21,2002-02-19,162.4
CPIAUCSL,1998-04-01,2002-02-20,9999-12-31,162.2
CPIAUCSL,1998-05-01,1998-06-16,2000-02-17,162.9
CPIAUCSL,1998-05-01,2000-02-18,2001-02-20,162.8
CPIAUCSL,1998-05-01,2001-02-21,2002-02-19,162.7
CPIAUCSL,1998-05-01,2002-02-20,9999-12-31,162.6
CPIAUCSL,1998-06-01,1998-07-14,2001-02-20,163
CPIAUCSL,1998-06-01,2001-02-21,2002-02-19,162.9
CPIAUCSL,1998-06-01,2002-02-20,9999-12-31,162.8
CPIAUCSL,1998-07-01,1998-08-18,2001-02-20,163.3
CPIAUCSL,1998-07-01,2001-02-21,2002-02-19,163.2
CPIAUCSL,1998-07-01,2002-02-20,2003-02-20,163.1
CPIAUCSL,1998-07-01,2003-02-21,9999-12-31,163.2
CPIAUCSL,1998-08-01,1998-09-17,1999-02-18,163.6
CPIAUCSL,1998-08-01,1999-02-19,2002-02-19,163.5
CPIAUCSL,1998-08-01,2002-02-20,9999-12-31,163.4
CPIAUCSL,1998-09-01,1998-10-16,2001-02-20,163.6
CPIAUCSL,1998-09-01,2001-02-21,9999-12-31,163.5
CPIAUCSL,1998-10-01,1998-11-17,1999-02-18,164
CPIAUCSL,1998-10-01,1999-02-19,9999-12-31,163.9
CPIAUCSL,1998-11-01,1998-12-15,1999-02-18,164.3
CPIAUCSL,1998-11-01,1999-02-19,2002-02-19,164.2
CPIAUCSL,1998-11-01,2002-02-20,9999-12-31,164.1
CPIAUCSL,1998-12-01,1999-01-14,1999-02-18,164.5
CPIAUCSL,1998-12-01,1999-02-19,2001-02-20,164.4
CPIAUCSL,1998-12-01,2001-02-21,2003-02-20,164.5
CPIAUCSL,1998-12-01,2003-02-21,9999-12-31,164.4
CPIAUCSL,1999-01-01,1999-02-19,2000-02-17,164.6
CPIAUCSL,1999-01-01,2000-02-18,2001-02-20,164.7
CPIAUCSL,1999-01-01,2001-02-21,2003-02-20,164.8
CPIAUCSL,1999-01-01,2003-02-21,9999-12-31,164.7
CPIAUCSL,1999-02-01,1999-03-18,2000-02-17,164.7
CPIAUCSL,1999-02-01,2000-02-18,2002-02-19,164.8
CPIAUCSL,1999-02-01,2002-02-20,2003-02-20,164.7
CPIAUCSL,1999-02-01,2003-02-21,2004-02-19,164.6
CPIAUCSL,1999-02-01,2004-02-20,9999-12-31,164.7
CPIAUCSL,1999-03-01,1999-04-13,2000-02-17,165
CPIAUCSL,1999-03-01,2000-02-18,2001-02-20,165.1
CPIAUCSL,1999-03-01,2001-02-21,2002-02-19,165
CPIAUCSL,1999-03-01,2002-02-20,2003-02-20,164.9
CPIAUCSL,1999-03-01,2003-02-21,9999-12-31,164.8
CPIAUCSL,1999-04-01,1999-05-14,2001-02-20,166.2
CPIAUCSL,1999-04-01,2001-02-21,2002-02-19,166
CPIAUCSL,1999-04-01,2002-02-20,2003-02-20,165.9
CPIAUCSL,1999-04-01,2003-02-21,2004-02-19,165.8
CPIAUCSL,1999-04-01,2004-02-20,9999-12-31,165.9
CPIAUCSL,1999-05-01,1999-06-16,2001-02-20,166.2
CPIAUCSL,1999-05-01,2001-02-21,9999-12-31,166
CPIAUCSL,1999-06-01,1999-07-15,2001-02-20,166.2
CPIAUCSL,1999-06-01,2001-02-21,2002-02-19,166.1
CPIAUCSL,1999-06-01,2002-02-20,2003-02-20,166
CPIAUCSL,1999-06-01,2003-02-21,2004-02-19,166.1
CPIAUCSL,1999-06-01,2004-02-20,9999-12-31,166
CPIAUCSL,1999-07-01,1999-08-17,2002-02-19,166.7
CPIAUCSL,1999-07-01,2002-02-20,2003-02-20,166.6
CPIAUCSL,1999-07-01,2003-02-21,9999-12-31,166.7
CPIAUCSL,1999-08-01,1999-09-15,2001-02-20,167.2
CPIAUCSL,1999-08-01,2001-02-21,9999-12-31,167.1
CPIAUCSL,1999-09-01,1999-10-19,2000-02-17,167.9
CPIAUCSL,1999-09-01,2000-02-18,2002-02-19,167.8
CPIAUCSL,1999-09-01,2002-02-20,2003-02-20,167.7
CPIAUCSL,1999-09-01,2003-02-21,9999-12-31,167.8
CPIAUCSL,1999-10-01,1999-11-17,2000-02-17,168.2
CPIAUCSL,1999-10-01,2000-02-18,2001-02-20,168.1
CPIAUCSL,1999-10-01,2001-02-21,2002-02-19,168.2
CPIAUCSL,1999-10-01,2002-02-20,9999-12-31,168.1
CPIAUCSL,1999-11-01,1999-12-14,2001-02-20,168.4
CPIAUCSL,1999-11-01,2001-02-21,2002-02-19,168.5
CPIAUCSL,1999-11-01,2002-02-20,9999-12-31,168.4
CPIAUCSL,1999-12-01,2000-01-14,2001-02-20,168.8
CPIAUCSL,1999-12-01,2001-02-21,2003-02-20,168.9
CPIAUCSL,1999-12-01,2003-02-21,9999-12-31,168.8
CPIAUCSL,2000-01-01,2000-02-18,2000-09-27,169.1
CPIAUCSL,2000-01-01,2000-09-28,2001-02-20,169.2
CPIAUCSL,2000-01-01,2001-02-21,2002-02-19,169.4
CPIAUCSL,2000-01-01,2002-02-20,9999-12-31,169.3
CPIAUCSL,2000-02-01,2000-03-17,2000-09-27,170
CPIAUCSL,2000-02-01,2000-09-28,2001-02-20,170.1
CPIAUCSL,2000-02-01,2001-02-21,2002-02-19,170.2
CPIAUCSL,2000-02-01,2002-02-20,2003-02-20,170
CPIAUCSL,2000-02-01,2003-02-21,2005-02-17,169.9
CPIAUCSL,2000-02-01,2005-02-18,9999-12-31,170
CPIAUCSL,2000-03-01,2000-04-14,2000-09-27,171.2
CPIAUCSL,2000-03-01,2000-09-28,2001-02-20,171.3
CPIAUCSL,2000-03-01,2001-02-21,2002-02-19,171.2
CPIAUCSL,2000-03-01,2002-02-20,9999-12-31,171
CPIAUCSL,2000-04-01,2000-05-16,2000-09-27,171.2
CPIAUCSL,2000-04-01,2000-09-28,2001-02-20,171.3
CPIAUCSL,2000-04-01,2001-02-21,2002-02-19,171.1
CPIAUCSL,2000-04-01,2002-02-20,2003-02-20,171
CPIAUCSL,2000-04-01,2003-02-21,9999-12-31,170.9
CPIAUCSL,2000-05-01,2000-06-14,2000-09-27,171.3
CPIAUCSL,2000-05-01,2000-09-28,2001-02-20,171.5
CPIAUCSL,2000-05-01,2001-02-21,2002-02-19,171.3
CPIAUCSL,2000-05-01,2002-02-20,9999-12-31,171.2
CPIAUCSL,2000-06-01,2000-07-18,2000-09-27,172.3
CPIAUCSL,2000-06-01,2000-09-28,2001-02-20,172.4
CPIAUCSL,2000-06-01,2001-02-21,2003-02-20,172.2
CPIAUCSL,2000-06-01,2003-02-21,2004-02-19,172.3
CPIAUCSL,2000-06-01,2004-02-20,9999-12-31,172.2
CPIAUCSL,2000-07-01,2000-08-16,2000-09-27,172.7
CPIAUCSL,2000-07-01,2000-09-28,2001-02-20,172.8
CPIAUCSL,2000-07-01,2001-02-21,2002-02-19,172.7
CPIAUCSL,2000-07-01,2002-02-20,2003-02-20,172.6
CPIAUCSL,2000-07-01,2003-02-21,9999-12-31,172.7
CPIAUCSL,2000-08-01,2000-09-15,2000-09-27,172.6
CPIAUCSL,2000-08-01,2000-09-28,2001-02-20,172.7
CPIAUCSL,2000-08-01,2001-02-21,2002-02-19,172.8
CPIAUCSL,2000-08-01,2002-02-20,9999-12-31,172.7
CPIAUCSL,2000-09-01,2000-10-18,9999-12-31,173.6
CPIAUCSL,2000-10-01,2000-11-16,9999-12-31,173.9
CPIAUCSL,2000-11-01,2000-12-15,2001-02-20,174.2
CPIAUCSL,2000-11-01,2001-02-21,2002-02-19,174.3
CPIAUCSL,2000-11-01,2002-02-20,9999-12-31,174.2
CPIAUCSL,2000-12-01,2001-01-17,2001-02-20,174.5
CPIAUCSL,2000-12-01,2001-02-21,9999-12-31,174.6
CPIAUCSL,2001-01-01,2001-02-21,2002-02-19,175.7
CPIAUCSL,2001-01-01,2002-02-20,9999-12-31,175.6
CPIAUCSL,2001-02-01,2001-03-21,2002-02-19,176.2
CPIAUCSL,2001-02-01,2002-02-20,2004-02-19,176
CPIAUCSL,2001-02-01,2004-02-20,2005-02-17,175.9
CPIAUCSL,2001-02-01,2005-02-18,9999-12-31,176
CPIAUCSL,2001-03-01,2001-04-17,2002-02-19,176.3
CPIAUCSL,2001-03-01,2002-02-20,2003-02-20,176.1
CPIAUCSL,2001-03-01,2003-02-21,2005-02-17,176
CPIAUCSL,2001-03-01,2005-02-18,9999-12-31,176.1
CPIAUCSL,2001-04-01,2001-05-16,2002-02-19,176.8
CPIAUCSL,2001-04-01,2002-02-20,2003-02-20,176.6
CPIAUCSL,2001-04-01,2003-02-21,2005-02-17,176.5
CPIAUCSL,2001-04-01,2005-02-18,2006-02-16,176.6
CPIAUCSL,2001-04-01,2006-02-17,9999-12-31,176.4
CPIAUCSL,2001-05-01,2001-06-15,2002-02-19,177.5
CPIAUCSL,2001-05-01,2002-02-20,2006-02-16,177.4
CPIAUCSL,2001-05-01,2006-02-17,9999-12-31,177.3
CPIAUCSL,2001-06-01,2001-07-18,2002-02-19,177.9
CPIAUCSL,2001-06-01,2002-02-20,2003-02-20,177.8
CPIAUCSL,2001-06-01,2003-02-21,2004-02-19,177.9
CPIAUCSL,2001-06-01,2004-02-20,2006-02-16,177.8
CPIAUCSL,2001-06-01,2006-02-17,9999-12-31,177.7
CPIAUCSL,2001-07-01,2001-08-16,2002-02-19,177.4
CPIAUCSL,2001-07-01,2002-02-20,2003-02-20,177.3
CPIAUCSL,2001-07-01,2003-02-21,2004-02-19,177.5
CPIAUCSL,2001-07-01,2004-02-20,9999-12-31,177.4
CPIAUCSL,2001-08-01,2001-09-18,2002-02-19,177.5
CPIAUCSL,2001-08-01,2002-02-20,2003-02-20,177.4
CPIAUCSL,2001-08-01,2003-02-21,2006-02-16,177.5
CPIAUCSL,2001-08-01,2006-02-17,9999-12-31,177.4
CPIAUCSL,2001-09-01,2001-10-19,2002-02-19,178.2
CPIAUCSL,2001-09-01,2002-02-20,9999-12-31,178.1
CPIAUCSL,2001-10-01,2001-11-16,2005-02-17,177.6
CPIAUCSL,2001-10-01,2005-02-18,2006-02-16,177.5
CPIAUCSL,2001-10-01,2006-02-17,9999-12-31,177.6
CPIAUCSL,2001-11-01,2001-12-14,2002-02-19,177.6
CPIAUCSL,2001-11-01,2002-02-20,2003-02-20,177.5
CPIAUCSL,2001-11-01,2003-02-21,2004-02-19,177.4
CPIAUCSL,2001-11-01,2004-02-20,9999-12-31,177.5
CPIAUCSL,2001-12-01,2002-01-16,2004-02-19,177.3
CPIAUCSL,2001-12-01,2004-02-20,2005-02-17,177.2
CPIAUCSL,2001-12-01,2005-02-18,2006-02-16,177.3
CPIAUCSL,2001-12-01,2006-02-17,9999-12-31,177.4
CPIAUCSL,2002-01-01,2002-02-20,2005-02-17,177.6
CPIAUCSL,2002-01-01,2005-02-18,9999-12-31,177.7
CPIAUCSL,2002-02-01,2002-03-21,2003-02-20,178
CPIAUCSL,2002-02-01,2003-02-21,2006-02-16,177.9
CPIAUCSL,2002-02-01,2006-02-17,9999-12-31,178
CPIAUCSL,2002-03-01,2002-04-16,2003-02-20,178.6
CPIAUCSL,2002-03-01,2003-02-21,2005-02-17,178.5
CPIAUCSL,2002-03-01,2005-02-18,2007-02-15,178.6
CPIAUCSL,2002-03-01,2007-02-16,9999-12-31,178.5
CPIAUCSL,2002-04-01,2002-05-15,2003-02-20,179.5
CPIAUCSL,2002-04-01,2003-02-21,2004-02-19,179.3
CPIAUCSL,2002-04-01,2004-02-20,2006-02-16,179.4
CPIAUCSL,2002-04-01,2006-02-17,9999-12-31,179.3
CPIAUCSL,2002-05-01,2002-06-18,2006-02-16,179.5
CPIAUCSL,2002-05-01,2006-02-17,2007-02-15,179.4
CPIAUCSL,2002-05-01,2007-02-16,9999-12-31,179.5
CPIAUCSL,2002-06-01,2002-07-19,2003-02-20,179.7
CPIAUCSL,2002-06-01,2003-02-21,2004-02-19,179.8
CPIAUCSL,2002-06-01,2004-02-20,2005-02-17,179.7
CPIAUCSL,2002-06-01,2005-02-18,9999-12-31,179.6
CPIAUCSL,2002-07-01,2002-08-16,2003-02-20,179.9
CPIAUCSL,2002-07-01,2003-02-21,2005-02-17,180.1
CPIAUCSL,2002-07-01,2005-02-18,9999-12-31,180
CPIAUCSL,2002-08-01,2002-09-18,2004-02-19,180.5
CPIAUCSL,2002-08-01,2004-02-20,2005-02-17,180.6
CPIAUCSL,2002-08-01,2005-02-18,9999-12-31,180.5
CPIAUCSL,2002-09-01,2002-10-18,2003-02-20,180.8
CPIAUCSL,2002-09-01,2003-02-21,2005-02-17,180.9
CPIAUCSL,2002-09-01,2005-02-18,9999-12-31,180.8
CPIAUCSL,2002-10-01,2002-11-19,2003-02-20,181.3
CPIAUCSL,2002-10-01,2003-02-21,2005-02-17,181.2
CPIAUCSL,2002-10-01,2005-02-18,2006-02-16,181.1
CPIAUCSL,2002-10-01,2006-02-17,9999-12-31,181.2
CPIAUCSL,2002-11-01,2002-12-17,2003-02-20,181.5
CPIAUCSL,2002-11-01,2003-02-21,2006-02-16,181.4
CPIAUCSL,2002-11-01,2006-02-17,9999-12-31,181.5
CPIAUCSL,2002-12-01,2003-01-16,2006-02-16,181.6
CPIAUCSL,2002-12-01,2006-02-17,2007-02-15,181.7
CPIAUCSL,2002-12-01,2007-02-16,9999-12-31,181.8
CPIAUCSL,2003-01-01,2003-02-21,2005-02-17,182.2
CPIAUCSL,2003-01-01,2005-02-18,2008-02-14,182.3
CPIAUCSL,2003-01-01,2008-02-15,9999-12-31,182.6
CPIAUCSL,2003-02-01,2003-03-21,2004-02-19,183.3
CPIAUCSL,2003-02-01,2004-02-20,2005-02-17,183.2
CPIAUCSL,2003-02-01,2005-02-18,2008-02-14,183.3
CPIAUCSL,2003-02-01,2008-02-15,9999-12-31,183.6
CPIAUCSL,2003-03-01,2003-04-16,2004-02-19,183.9
CPIAUCSL,2003-03-01,2004-02-20,2005-02-17,184
CPIAUCSL,2003-03-01,2005-02-18,2007-02-15,184.1
CPIAUCSL,2003-03-01,2007-02-16,2008-02-14,184
CPIAUCSL,2003-03-01,2008-02-15,9999-12-31,183.9
CPIAUCSL,2003-04-01,2003-05-16,2004-02-19,183.3
CPIAUCSL,2003-04-01,2004-02-20,2005-02-17,183.4
CPIAUCSL,2003-04-01,2005-02-18,2006-02-16,183.5
CPIAUCSL,2003-04-01,2006-02-17,2008-02-14,183.3
CPIAUCSL,2003-04-01,2008-02-15,9999-12-31,183.2
CPIAUCSL,2003-05-01,2003-06-17,2006-02-16,183.3
CPIAUCSL,2003-05-01,2006-02-17,2008-02-14,183.2
CPIAUCSL,2003-05-01,2008-02-15,9999-12-31,182.9
CPIAUCSL,2003-06-01,2003-07-16,2004-02-19,183.6
CPIAUCSL,2003-06-01,2004-02-20,2005-02-17,183.5
CPIAUCSL,2003-06-01,2005-02-18,2008-02-14,183.4
CPIAUCSL,2003-06-01,2008-02-15,9999-12-31,183.1
CPIAUCSL,2003-07-01,2003-08-15,2004-02-19,183.9
CPIAUCSL,2003-07-01,2004-02-20,2008-02-14,183.8
CPIAUCSL,2003-07-01,2008-02-15,9999-12-31,183.7
CPIAUCSL,2003-08-01,2003-09-16,2005-02-17,184.5
CPIAUCSL,2003-08-01,2005-02-18,2006-02-16,184.4
CPIAUCSL,2003-08-01,2006-02-17,9999-12-31,184.5
CPIAUCSL,2003-09-01,2003-10-16,2004-02-19,185
CPIAUCSL,2003-09-01,2004-02-20,2005-02-17,185.1
CPIAUCSL,2003-09-01,2005-02-18,2008-02-14,185
CPIAUCSL,2003-09-01,2008-02-15,9999-12-31,185.1
CPIAUCSL,2003-10-01,2003-11-18,2004-02-19,185
CPIAUCSL,2003-10-01,2004-02-20,2005-02-17,184.9
CPIAUCSL,2003-10-01,2005-02-18,2006-02-16,184.8
CPIAUCSL,2003-10-01,2006-02-17,9999-12-31,184.9
CPIAUCSL,2003-11-01,2003-12-16,2006-02-16,184.6
CPIAUCSL,2003-11-01,2006-02-17,2008-02-14,184.7
CPIAUCSL,2003-11-01,2008-02-15,9999-12-31,185
CPIAUCSL,2003-12-01,2004-01-15,2004-02-19,185
CPIAUCSL,2003-12-01,2004-02-20,2005-02-17,184.9
CPIAUCSL,2003-12-01,2005-02-18,2006-02-16,185
CPIAUCSL,2003-12-01,2006-02-17,2007-02-15,185.1
CPIAUCSL,2003-12-01,2007-02-16,2008-02-14,185.2
CPIAUCSL,2003-12-01,2008-02-15,9999-12-31,185.5
CPIAUCSL,2004-01-01,2004-02-20,2005-02-17,185.8
CPIAUCSL,2004-01-01,2005-02-18,2008-02-14,185.9
CPIAUCSL,2004-01-01,2008-02-15,2009-02-17,186.2
CPIAUCSL,2004-01-01,2009-02-18,9999-12-31,186.3
CPIAUCSL,2004-02-01,2004-03-17,2005-02-17,186.3
CPIAUCSL,2004-02-01,2005-02-18,2008-02-14,186.5
CPIAUCSL,2004-02-01,2008-02-15,9999-12-31,186.7
CPIAUCSL,2004-03-01,2004-04-14,2005-02-17,187.2
CPIAUCSL,2004-03-01,2005-02-18,2007-02-15,187.3
CPIAUCSL,2004-03-01,2007-02-16,2008-02-14,187.2
CPIAUCSL,2004-03-01,2008-02-15,9999-12-31,187.1
CPIAUCSL,2004-04-01,2004-05-14,2005-02-17,187.6
CPIAUCSL,2004-04-01,2005-02-18,2006-02-16,187.7
CPIAUCSL,2004-04-01,2006-02-17,2008-02-14,187.5
CPIAUCSL,2004-04-01,2008-02-15,9999-12-31,187.4
CPIAUCSL,2004-05-01,2004-06-15,2006-02-16,188.8
CPIAUCSL,2004-05-01,2006-02-17,2008-02-14,188.6
CPIAUCSL,2004-05-01,2008-02-15,9999-12-31,188.2
CPIAUCSL,2004-06-01,2004-07-16,2005-02-17,189.4
CPIAUCSL,2004-06-01,2005-02-18,2006-02-16,189.3
CPIAUCSL,2004-06-01,2006-02-17,2007-02-15,189.2
CPIAUCSL,2004-06-01,2007-02-16,2008-02-14,189.3
CPIAUCSL,2004-06-01,2008-02-15,9999-12-31,188.9
CPIAUCSL,2004-07-01,2004-08-17,2005-02-17,189.3
CPIAUCSL,2004-07-01,2005-02-18,2007-02-15,189.2
CPIAUCSL,2004-07-01,2007-02-16,2008-02-14,189.3
CPIAUCSL,2004-07-01,2008-02-15,9999-12-31,189.1
CPIAUCSL,2004-08-01,2004-09-16,2005-02-17,189.4
CPIAUCSL,2004-08-01,2005-02-18,2006-02-16,189.3
CPIAUCSL,2004-08-01,2006-02-17,2009-02-17,189.4
CPIAUCSL,2004-08-01,2009-02-18,9999-12-31,189.2
CPIAUCSL,2004-09-01,2004-10-19,2005-02-17,189.7
CPIAUCSL,2004-09-01,2005-02-18,2006-02-16,189.6
CPIAUCSL,2004-09-01,2006-02-17,2008-02-14,189.7
CPIAUCSL,2004-09-01,2008-02-15,9999-12-31,189.8
CPIAUCSL,2004-10-01,2004-11-17,2005-02-17,190.9
CPIAUCSL,2004-10-01,2005-02-18,2006-02-16,190.7
CPIAUCSL,2004-10-01,2006-02-17,9999-12-31,190.8
CPIAUCSL,2004-11-01,2004-12-17,2007-02-15,191.2
CPIAUCSL,2004-11-01,2007-02-16,2008-02-14,191.3
CPIAUCSL,2004-11-01,2008-02-15,2009-02-17,191.6
CPIAUCSL,2004-11-01,2009-02-18,9999-12-31,191.7
CPIAUCSL,2004-12-01,2005-01-19,2005-02-17,191.1
CPIAUCSL,2004-12-01,2005-02-18,2007-02-15,191.2
CPIAUCSL,2004-12-01,2007-02-16,2008-02-14,191.3
CPIAUCSL,2004-12-01,2008-02-15,9999-12-31,191.7
CPIAUCSL,2005-01-01,2005-02-23,2006-02-16,191.3
CPIAUCSL,2005-01-01,2006-02-17,2007-02-15,191.4
CPIAUCSL,2005-01-01,2007-02-16,2008-02-14,191.3
CPIAUCSL,2005-01-01,2008-02-15,2009-02-17,191.7
CPIAUCSL,2005-01-01,2009-02-18,2010-02-16,191.8
CPIAUCSL,2005-01-01,2010-02-17,9999-12-31,191.6
CPIAUCSL,2005-02-01,2005-03-23,2006-02-16,192
CPIAUCSL,2005-02-01,2006-02-17,2008-02-14,192.1
CPIAUCSL,2005-02-01,2008-02-15,2009-02-17,192.3
CPIAUCSL,2005-02-01,2009-02-18,9999-12-31,192.4
CPIAUCSL,2005-03-01,2005-04-20,2007-02-15,193.2
CPIAUCSL,2005-03-01,2007-02-16,2008-02-14,193
CPIAUCSL,2005-03-01,2008-02-15,2009-02-17,192.9
CPIAUCSL,2005-03-01,2009-02-18,9999-12-31,193.1
CPIAUCSL,2005-04-01,2005-05-18,2006-02-16,194.2
CPIAUCSL,2005-04-01,2006-02-17,2007-02-15,194.1
CPIAUCSL,2005-04-01,2007-02-16,2008-02-14,193.9
CPIAUCSL,2005-04-01,2008-02-15,2010-02-16,193.8
CPIAUCSL,2005-04-01,2010-02-17,9999-12-31,193.7
CPIAUCSL,2005-05-01,2005-06-15,2006-02-16,194.1
CPIAUCSL,2005-05-01,2006-02-17,2008-02-14,194
CPIAUCSL,2005-05-01,2008-02-15,2010-02-16,193.5
CPIAUCSL,2005-05-01,2010-02-17,9999-12-31,193.6
CPIAUCSL,2005-06-01,2005-07-14,2006-02-16,194.1
CPIAUCSL,2005-06-01,2006-02-17,2007-02-15,193.9
CPIAUCSL,2005-06-01,2007-02-16,2008-02-14,194
CPIAUCSL,2005-06-01,2008-02-15,2010-02-16,193.6
CPIAUCSL,2005-06-01,2010-02-17,9999-12-31,193.7
CPIAUCSL,2005-07-01,2005-08-16,2008-02-14,195.1
CPIAUCSL,2005-07-01,2008-02-15,2009-02-17,194.9
CPIAUCSL,2005-07-01,2009-02-18,2010-02-16,194.7
CPIAUCSL,2005-07-01,2010-02-17,9999-12-31,194.9
CPIAUCSL,2005-08-01,2005-09-15,2006-02-16,196.1
CPIAUCSL,2005-08-01,2006-02-17,2009-02-17,196.2
CPIAUCSL,2005-08-01,2009-02-18,2010-02-16,196
CPIAUCSL,2005-08-01,2010-02-17,9999-12-31,196.1
CPIAUCSL,2005-09-01,2005-10-14,2006-02-16,198.5
CPIAUCSL,2005-09-01,2006-02-17,2008-02-14,198.6
CPIAUCSL,2005-09-01,2008-02-15,2009-02-17,198.8
CPIAUCSL,2005-09-01,2009-02-18,2010-02-16,198.7
CPIAUCSL,2005-09-01,2010-02-17,9999-12-31,198.8
CPIAUCSL,2005-10-01,2005-11-16,2006-02-16,198.9
CPIAUCSL,2005-10-01,2006-02-17,2007-02-15,199.1
CPIAUCSL,2005-10-01,2007-02-16,2010-02-16,199.2
CPIAUCSL,2005-10-01,2010-02-17,9999-12-31,199.1
CPIAUCSL,2005-11-01,2005-12-15,2007-02-15,197.8
CPIAUCSL,2005-11-01,2007-02-16,2008-02-14,197.9
CPIAUCSL,2005-11-01,2008-02-15,2009-02-17,198.3
CPIAUCSL,2005-11-01,2009-02-18,2010-02-16,198.4
CPIAUCSL,2005-11-01,2010-02-17,9999-12-31,198.1
CPIAUCSL,2005-12-01,2006-01-18,2007-02-15,197.7
CPIAUCSL,2005-12-01,2007-02-16,2008-02-14,197.8
CPIAUCSL,2005-12-01,2008-02-15,2009-02-17,198.2
CPIAUCSL,2005-12-01,2009-02-18,2010-02-16,198.3
CPIAUCSL,2005-12-01,2010-02-17,9999-12-31,198.1
CPIAUCSL,2006-01-01,2006-02-22,2008-02-14,199
CPIAUCSL,2006-01-01,2008-02-15,2010-02-16,199.4
CPIAUCSL,2006-01-01,2010-02-17,2011-02-14,199.2
CPIAUCSL,2006-01-01,2011-02-15,9999-12-31,199.3
CPIAUCSL,2006-02-01,2006-03-16,2008-02-14,199.1
CPIAUCSL,2006-02-01,2008-02-15,2009-02-17,199.3
CPIAUCSL,2006-02-01,2009-02-18,2010-02-16,199.5
CPIAUCSL,2006-02-01,2010-02-17,9999-12-31,199.4
CPIAUCSL,2006-03-01,2006-04-19,2007-02-15,199.8
CPIAUCSL,2006-03-01,2007-02-16,2009-02-17,199.6
CPIAUCSL,2006-03-01,2009-02-18,2010-02-16,199.8
CPIAUCSL,2006-03-01,2010-02-17,9999-12-31,199.7
CPIAUCSL,2006-04-01,2006-05-17,2007-02-15,201
CPIAUCSL,2006-04-01,2007-02-16,2008-02-14,200.8
CPIAUCSL,2006-04-01,2008-02-15,2009-02-17,200.6
CPIAUCSL,2006-04-01,2009-02-18,2010-02-16,200.7
CPIAUCSL,2006-04-01,2010-02-17,2011-02-14,200.6
CPIAUCSL,2006-04-01,2011-02-15,9999-12-31,200.7
CPIAUCSL,2006-05-01,2006-06-14,2008-02-14,201.9
CPIAUCSL,2006-05-01,2008-02-15,2010-02-16,201.3
CPIAUCSL,2006-05-01,2010-02-17,2011-02-14,201.4
CPIAUCSL,2006-05-01,2011-02-15,9999-12-31,201.3
CPIAUCSL,2006-06-01,2006-07-19,2007-02-15,202.3
CPIAUCSL,2006-06-01,2007-02-16,2008-02-14,202.4
CPIAUCSL,2006-06-01,2008-02-15,2009-02-17,201.9
CPIAUCSL,2006-06-01,2009-02-18,2010-02-16,201.7
CPIAUCSL,2006-06-01,2010-02-17,2011-02-14,201.9
CPIAUCSL,2006-06-01,2011-02-15,9999-12-31,201.8
CPIAUCSL,2006-07-01,2006-08-16,2008-02-14,203.2
CPIAUCSL,2006-07-01,2008-02-15,2009-02-17,202.9
CPIAUCSL,2006-07-01,2009-02-18,2010-02-16,202.7
CPIAUCSL,2006-07-01,2010-02-17,9999-12-31,202.9
CPIAUCSL,2006-08-01,2006-09-15,2007-02-15,203.7
CPIAUCSL,2006-08-01,2007-02-16,2009-02-17,203.8
CPIAUCSL,2006-08-01,2009-02-18,2010-02-16,203.6
CPIAUCSL,2006-08-01,2010-02-17,2011-02-14,203.7
CPIAUCSL,2006-08-01,2011-02-15,9999-12-31,203.8
CPIAUCSL,2006-09-01,2006-10-18,2008-02-14,202.7
CPIAUCSL,2006-09-01,2008-02-15,2009-02-17,202.9
CPIAUCSL,2006-09-01,2009-02-18,2010-02-16,202.8
CPIAUCSL,2006-09-01,2010-02-17,2011-02-14,202.9
CPIAUCSL,2006-09-01,2011-02-15,9999-12-31,202.8
CPIAUCSL,2006-10-01,2006-11-16,2007-02-15,201.7
CPIAUCSL,2006-10-01,2007-02-16,2008-02-14,201.8
CPIAUCSL,2006-10-01,2008-02-15,2010-02-16,201.9
CPIAUCSL,2006-10-01,2010-02-17,2011-02-14,201.8
CPIAUCSL,2006-10-01,2011-02-15,9999-12-31,201.9
CPIAUCSL,2006-11-01,2006-12-15,2007-02-15,201.7
CPIAUCSL,2006-11-01,2007-02-16,2008-02-14,201.9
CPIAUCSL,2006-11-01,2008-02-15,2009-02-17,202.1
CPIAUCSL,2006-11-01,2009-02-18,2010-02-16,202.3
CPIAUCSL,2006-11-01,2010-02-17,9999-12-31,202
CPIAUCSL,2006-12-01,2007-01-18,2008-02-14,202.8
CPIAUCSL,2006-12-01,2008-02-15,2010-02-16,203.3
CPIAUCSL,2006-12-01,2010-02-17,9999-12-31,203.1
CPIAUCSL,2007-01-01,2007-02-21,2008-02-14,203.153
CPIAUCSL,2007-01-01,2008-02-15,2009-02-17,203.552
CPIAUCSL,2007-01-01,2009-02-18,2010-02-16,203.574
CPIAUCSL,2007-01-01,2010-02-17,2011-02-14,203.372
CPIAUCSL,2007-01-01,2011-02-15,2012-02-14,203.379
CPIAUCSL,2007-01-01,2012-02-15,9999-12-31,203.437
CPIAUCSL,2007-02-01,2007-03-16,2008-02-14,203.906
CPIAUCSL,2007-02-01,2008-02-15,2009-02-17,204.158
CPIAUCSL,2007-02-01,2009-02-18,2010-02-16,204.357
CPIAUCSL,2007-02-01,2010-02-17,2011-02-14,204.258
CPIAUCSL,2007-02-01,2011-02-15,2012-02-14,204.238
CPIAUCSL,2007-02-01,2012-02-15,9999-12-31,204.226
CPIAUCSL,2007-03-01,2007-04-17,2008-02-14,205.146
CPIAUCSL,2007-03-01,2008-02-15,2009-02-17,205.098
CPIAUCSL,2007-03-01,2009-02-18,2010-02-16,205.348
CPIAUCSL,2007-03-01,2010-02-17,2011-02-14,205.312
CPIAUCSL,2007-03-01,2011-02-15,2012-02-14,205.247
CPIAUCSL,2007-03-01,2012-02-15,9999-12-31,205.288
CPIAUCSL,2007-04-01,2007-05-15,2008-02-14,205.999
CPIAUCSL,2007-04-01,2008-02-15,2009-02-17,205.751
CPIAUCSL,2007-04-01,2009-02-18,2010-02-16,205.92
CPIAUCSL,2007-04-01,2010-02-17,2011-02-14,205.959
CPIAUCSL,2007-04-01,2011-02-15,2012-02-14,206.01
CPIAUCSL,2007-04-01,2012-02-15,9999-12-31,205.904
CPIAUCSL,2007-05-01,2007-06-15,2008-02-14,207.387
CPIAUCSL,2007-05-01,2008-02-15,2009-02-17,206.7
CPIAUCSL,2007-05-01,2009-02-18,2010-02-16,206.682
CPIAUCSL,2007-05-01,2010-02-17,2011-02-14,206.85
CPIAUCSL,2007-05-01,2011-02-15,2012-02-14,206.813
CPIAUCSL,2007-05-01,2012-02-15,9999-12-31,206.755
CPIAUCSL,2007-06-01,2007-07-18,2008-02-14,207.784
CPIAUCSL,2007-06-01,2008-02-15,2009-02-17,207.246
CPIAUCSL,2007-06-01,2009-02-18,2010-02-16,207.023
CPIAUCSL,2007-06-01,2010-02-17,2011-02-14,207.202
CPIAUCSL,2007-06-01,2011-02-15,2012-02-14,207.162
CPIAUCSL,2007-06-01,2012-02-15,9999-12-31,207.234
CPIAUCSL,2007-07-01,2007-08-15,2008-02-14,208.028
CPIAUCSL,2007-07-01,2008-02-15,2009-02-17,207.708
CPIAUCSL,2007-07-01,2009-02-18,2010-02-16,207.338
CPIAUCSL,2007-07-01,2010-02-17,2011-02-14,207.651
CPIAUCSL,2007-07-01,2011-02-15,2012-02-14,207.655
CPIAUCSL,2007-07-01,2012-02-15,9999-12-31,207.603
CPIAUCSL,2007-08-01,2007-09-19,2008-02-14,207.738
CPIAUCSL,2007-08-01,2008-02-15,2009-02-17,207.749
CPIAUCSL,2007-08-01,2009-02-18,2010-02-16,207.52
CPIAUCSL,2007-08-01,2010-02-17,2011-02-14,207.671
CPIAUCSL,2007-08-01,2011-02-15,2012-02-14,207.689
CPIAUCSL,2007-08-01,2012-02-15,9999-12-31,207.667
CPIAUCSL,2007-09-01,2007-10-17,2008-02-14,208.292
CPIAUCSL,2007-09-01,2008-02-15,2009-02-17,208.509
CPIAUCSL,2007-09-01,2009-02-18,2010-02-16,208.382
CPIAUCSL,2007-09-01,2010-02-17,2011-02-14,208.503
CPIAUCSL,2007-09-01,2011-02-15,2012-02-14,208.467
CPIAUCSL,2007-09-01,2012-02-15,9999-12-31,208.547
CPIAUCSL,2007-10-01,2007-11-15,2008-02-14,208.903
CPIAUCSL,2007-10-01,2008-02-15,2009-02-17,209.055
CPIAUCSL,2007-10-01,2009-02-18,2010-02-16,209.133
CPIAUCSL,2007-10-01,2010-02-17,2011-02-14,209.073
CPIAUCSL,2007-10-01,2011-02-15,2012-02-14,209.156
CPIAUCSL,2007-10-01,2012-02-15,9999-12-31,209.19
CPIAUCSL,2007-11-01,2007-12-14,2008-02-14,210.565
CPIAUCSL,2007-11-01,2008-02-15,2009-02-17,210.93
CPIAUCSL,2007-11-01,2009-02-18,2010-02-16,211.166
CPIAUCSL,2007-11-01,2010-02-17,2011-02-14,210.74
CPIAUCSL,2007-11-01,2011-02-15,2012-02-14,210.81
CPIAUCSL,2007-11-01,2012-02-15,9999-12-31,210.834
CPIAUCSL,2007-12-01,2008-01-16,2008-02-14,211.16
CPIAUCSL,2007-12-01,2008-02-15,2009-02-17,211.68
CPIAUCSL,2007-12-01,2009-02-18,2010-02-16,211.737
CPIAUCSL,2007-12-01,2010-02-17,2011-02-14,211.434
CPIAUCSL,2007-12-01,2011-02-15,2012-02-14,211.416
CPIAUCSL,2007-12-01,2012-02-15,9999-12-31,211.445
CPIAUCSL,2008-01-01,2008-02-20,2009-02-17,212.516
CPIAUCSL,2008-01-01,2009-02-18,2010-02-16,212.495
CPIAUCSL,2008-01-01,2010-02-17,2011-02-14,212.225
CPIAUCSL,2008-01-01,2011-02-15,2012-02-14,212.18
CPIAUCSL,2008-01-01,2012-02-15,2013-02-18,212.199
CPIAUCSL,2008-01-01,2013-02-19,9999-12-31,212.174
CPIAUCSL,2008-02-01,2008-03-14,2009-02-17,212.571
CPIAUCSL,2008-02-01,2009-02-18,2010-02-16,212.86
CPIAUCSL,2008-02-01,2010-02-17,2011-02-14,212.703
CPIAUCSL,2008-02-01,2011-02-15,2012-02-14,212.684
CPIAUCSL,2008-02-01,2012-02-15,2013-02-18,212.623
CPIAUCSL,2008-02-01,2013-02-19,9999-12-31,212.687
CPIAUCSL,2008-03-01,2008-04-16,2009-02-17,213.301
CPIAUCSL,2008-03-01,2009-02-18,2010-02-16,213.667
CPIAUCSL,2008-03-01,2010-02-17,2011-02-14,213.543
CPIAUCSL,2008-03-01,2011-02-15,2012-02-14,213.464
CPIAUCSL,2008-03-01,2012-02-15,2013-02-18,213.441
CPIAUCSL,2008-03-01,2013-02-19,9999-12-31,213.448
CPIAUCSL,2008-04-01,2008-05-14,2009-02-17,213.743
CPIAUCSL,2008-04-01,2009-02-18,2010-02-16,213.997
CPIAUCSL,2008-04-01,2010-02-17,2011-02-14,214.106
CPIAUCSL,2008-04-01,2011-02-15,2012-02-14,214.118
CPIAUCSL,2008-04-01,2012-02-15,2013-02-18,213.971
CPIAUCSL,2008-04-01,2013-02-19,9999-12-31,213.942
CPIAUCSL,2008-05-01,2008-06-13,2009-02-17,215.132
CPIAUCSL,2008-05-01,2009-02-18,2010-02-16,215.044
CPIAUCSL,2008-05-01,2010-02-17,2011-02-14,215.287
CPIAUCSL,2008-05-01,2011-02-15,2012-02-14,215.304
CPIAUCSL,2008-05-01,2012-02-15,2013-02-18,215.206
CPIAUCSL,2008-05-01,2013-02-19,9999-12-31,215.208
CPIAUCSL,2008-06-01,2008-07-16,2009-02-17,217.403
CPIAUCSL,2008-06-01,2009-02-18,2010-02-16,217.034
CPIAUCSL,2008-06-01,2010-02-17,2011-02-14,217.279
CPIAUCSL,2008-06-01,2011-02-15,2012-02-14,217.235
CPIAUCSL,2008-06-01,2012-02-15,2013-02-18,217.47
CPIAUCSL,2008-06-01,2013-02-19,9999-12-31,217.463
CPIAUCSL,2008-07-01,2008-08-14,2009-02-17,219.181
CPIAUCSL,2008-07-01,2009-02-18,2010-02-16,218.61
CPIAUCSL,2008-07-01,2010-02-17,2011-02-14,219.102
CPIAUCSL,2008-07-01,2011-02-15,2012-02-14,219.133
CPIAUCSL,2008-07-01,2012-02-15,2013-02-18,219.09
CPIAUCSL,2008-07-01,2013-02-19,9999-12-31,219.016
CPIAUCSL,2008-08-01,2008-09-16,2009-02-17,218.88
CPIAUCSL,2008-08-01,2009-02-18,2010-02-16,218.576
CPIAUCSL,2008-08-01,2010-02-17,2011-02-14,218.779
CPIAUCSL,2008-08-01,2011-02-15,2012-02-14,218.78
CPIAUCSL,2008-08-01,2012-02-15,2013-02-18,218.749
CPIAUCSL,2008-08-01,2013-02-19,9999-12-31,218.69
CPIAUCSL,2008-09-01,2008-10-16,2009-02-17,218.813
CPIAUCSL,2008-09-01,2009-02-18,2010-02-16,218.675
CPIAUCSL,2008-09-01,2010-02-17,2011-02-14,218.846
CPIAUCSL,2008-09-01,2011-02-15,2012-02-14,218.852
CPIAUCSL,2008-09-01,2012-02-15,2013-02-18,218.872
CPIAUCSL,2008-09-01,2013-02-19,9999-12-31,218.877
CPIAUCSL,2008-10-01,2008-11-19,2009-02-17,216.71
CPIAUCSL,2008-10-01,2009-02-18,2010-02-16,216.889
CPIAUCSL,2008-10-01,2010-02-17,2011-02-14,216.832
CPIAUCSL,2008-10-01,2011-02-15,2012-02-14,216.93
CPIAUCSL,2008-10-01,2012-02-15,2013-02-18,216.966
CPIAUCSL,2008-10-01,2013-02-19,9999-12-31,216.995
CPIAUCSL,2008-11-01,2008-12-16,2009-02-17,213.06
CPIAUCSL,2008-11-01,2009-02-18,2010-02-16,213.263
CPIAUCSL,2008-11-01,2010-02-17,2011-02-14,212.923
CPIAUCSL,2008-11-01,2011-02-15,2012-02-14,213.002
CPIAUCSL,2008-11-01,2012-02-15,2013-02-18,213.074
CPIAUCSL,2008-11-01,2013-02-19,9999-12-31,213.153
CPIAUCSL,2008-12-01,2009-01-16,2009-02-17,211.49
CPIAUCSL,2008-12-01,2009-02-18,2010-02-16,211.577
CPIAUCSL,2008-12-01,2010-02-17,2011-02-14,211.339
CPIAUCSL,2008-12-01,2011-02-15,2012-02-14,211.327
CPIAUCSL,2008-12-01,2012-02-15,2013-02-18,211.401
CPIAUCSL,2008-12-01,2013-02-19,9999-12-31,211.398
CPIAUCSL,2009-01-01,2009-02-20,2010-02-16,212.174
CPIAUCSL,2009-01-01,2010-02-17,2011-02-14,211.959
CPIAUCSL,2009-01-01,2011-02-15,2012-02-14,211.903
CPIAUCSL,2009-01-01,2012-02-15,2013-02-18,211.962
CPIAUCSL,2009-01-01,2013-02-19,2014-02-17,211.952
CPIAUCSL,2009-01-01,2014-02-18,9999-12-31,211.933
CPIAUCSL,2009-02-01,2009-03-18,2010-02-16,213.007
CPIAUCSL,2009-02-01,2010-02-17,2011-02-14,212.877
CPIAUCSL,2009-02-01,2011-02-15,2012-02-14,212.879
CPIAUCSL,2009-02-01,2012-02-15,2014-02-17,212.823
CPIAUCSL,2009-02-01,2014-02-18,9999-12-31,212.705
CPIAUCSL,2009-03-01,2009-04-15,2010-02-16,212.714
CPIAUCSL,2009-03-01,2010-02-17,2011-02-14,212.643
CPIAUCSL,2009-03-01,2011-02-15,2012-02-14,212.572
CPIAUCSL,2009-03-01,2012-02-15,2013-02-18,212.561
CPIAUCSL,2009-03-01,2013-02-19,2014-02-17,212.523
CPIAUCSL,2009-03-01,2014-02-18,9999-12-31,212.495
CPIAUCSL,2009-04-01,2009-05-15,2010-02-16,212.671
CPIAUCSL,2009-04-01,2010-02-17,2011-02-14,212.81
CPIAUCSL,2009-04-01,2011-02-15,2012-02-14,212.799
CPIAUCSL,2009-04-01,2012-02-15,2013-02-18,212.705
CPIAUCSL,2009-04-01,2013-02-19,2014-02-17,212.657
CPIAUCSL,2009-04-01,2014-02-18,9999-12-31,212.709
CPIAUCSL,2009-05-01,2009-06-17,2010-02-16,212.876
CPIAUCSL,2009-05-01,2010-02-17,2011-02-14,213.05
CPIAUCSL,2009-05-01,2011-02-15,2012-02-14,213.078
CPIAUCSL,2009-05-01,2012-02-15,2013-02-18,212.977
CPIAUCSL,2009-05-01,2013-02-19,2014-02-17,212.998
CPIAUCSL,2009-05-01,2014-02-18,9999-12-31,213.022
CPIAUCSL,2009-06-01,2009-07-15,2010-02-16,214.459
CPIAUCSL,2009-06-01,2010-02-17,2011-02-14,214.558
CPIAUCSL,2009-06-01,2011-02-15,2012-02-14,214.527
CPIAUCSL,2009-06-01,2012-02-15,2013-02-18,214.744
CPIAUCSL,2009-06-01,2013-02-19,2014-02-17,214.791
CPIAUCSL,2009-06-01,2014-02-18,9999-12-31,214.79
CPIAUCSL,2009-07-01,2009-08-14,2010-02-16,214.469
CPIAUCSL,2009-07-01,2010-02-17,2011-02-14,214.774
CPIAUCSL,2009-07-01,2011-02-15,2012-02-14,214.782
CPIAUCSL,2009-07-01,2012-02-15,2013-02-18,214.726
CPIAUCSL,2009-07-01,2013-02-19,2014-02-17,214.72
CPIAUCSL,2009-07-01,2014-02-18,9999-12-31,214.726
CPIAUCSL,2009-08-01,2009-09-16,2010-02-16,215.428
CPIAUCSL,2009-08-01,2010-02-17,2011-02-14,215.566
CPIAUCSL,2009-08-01,2011-02-15,2012-02-14,215.519
CPIAUCSL,2009-08-01,2012-02-15,2013-02-18,215.479
CPIAUCSL,2009-08-01,2013-02-19,2014-02-17,215.442
CPIAUCSL,2009-08-01,2014-02-18,9999-12-31,215.445
CPIAUCSL,2009-09-01,2009-10-15,2010-02-16,215.791
CPIAUCSL,2009-09-01,2010-02-17,2011-02-14,215.911
CPIAUCSL,2009-09-01,2011-02-15,2012-02-14,215.956
CPIAUCSL,2009-09-01,2012-02-15,2013-02-18,215.883
CPIAUCSL,2009-09-01,2013-02-19,2014-02-17,215.88
CPIAUCSL,2009-09-01,2014-02-18,9999-12-31,215.861
CPIAUCSL,2009-10-01,2009-11-18,2010-02-16,216.385
CPIAUCSL,2009-10-01,2010-02-17,2011-02-14,216.357
CPIAUCSL,2009-10-01,2011-02-15,2012-02-14,216.445
CPIAUCSL,2009-10-01,2012-02-15,2013-02-18,216.476
CPIAUCSL,2009-10-01,2013-02-19,2014-02-17,216.482
CPIAUCSL,2009-10-01,2014-02-18,9999-12-31,216.509
CPIAUCSL,2009-11-01,2009-12-16,2010-02-16,217.25
CPIAUCSL,2009-11-01,2010-02-17,2011-02-14,216.859
CPIAUCSL,2009-11-01,2011-02-15,2012-02-14,216.956
CPIAUCSL,2009-11-01,2012-02-15,2013-02-18,217.113
CPIAUCSL,2009-11-01,2013-02-19,2014-02-17,217.165
CPIAUCSL,2009-11-01,2014-02-18,9999-12-31,217.234
CPIAUCSL,2009-12-01,2010-01-15,2010-02-16,217.541
CPIAUCSL,2009-12-01,2010-02-17,2011-02-14,217.224
CPIAUCSL,2009-12-01,2011-02-15,2012-02-14,217.158
CPIAUCSL,2009-12-01,2012-02-15,2013-02-18,217.33
CPIAUCSL,2009-12-01,2013-02-19,2014-02-17,217.365
CPIAUCSL,2009-12-01,2014-02-18,9999-12-31,217.347
CPIAUCSL,2010-01-01,2010-02-19,2011-02-14,217.587
CPIAUCSL,2010-01-01,2011-02-15,2012-02-14,217.458
CPIAUCSL,2010-01-01,2012-02-15,2013-02-18,217.469
CPIAUCSL,2010-01-01,2013-02-19,2014-02-17,217.478
CPIAUCSL,2010-01-01,2014-02-18,2015-02-19,217.466
CPIAUCSL,2010-01-01,2015-02-20,9999-12-31,217.488
CPIAUCSL,2010-02-01,2010-03-18,2011-02-14,217.591
CPIAUCSL,2010-02-01,2011-02-15,2012-02-14,217.562
CPIAUCSL,2010-02-01,2012-02-15,2013-02-18,217.397
CPIAUCSL,2010-02-01,2013-02-19,2014-02-17,217.356
CPIAUCSL,2010-02-01,2014-02-18,2015-02-19,217.251
CPIAUCSL,2010-02-01,2015-02-20,9999-12-31,217.281
CPIAUCSL,2010-03-01,2010-04-14,2011-02-14,217.729
CPIAUCSL,2010-03-01,2011-02-15,2012-02-14,217.611
CPIAUCSL,2010-03-01,2012-02-15,2013-02-18,217.44
CPIAUCSL,2010-03-01,2013-02-19,2014-02-17,217.38
CPIAUCSL,2010-03-01,2014-02-18,2015-02-19,217.305
CPIAUCSL,2010-03-01,2015-02-20,9999-12-31,217.353
CPIAUCSL,2010-04-01,2010-05-19,2011-02-14,217.579
CPIAUCSL,2010-04-01,2011-02-15,2012-02-14,217.625
CPIAUCSL,2010-04-01,2012-02-15,2013-02-18,217.373
CPIAUCSL,2010-04-01,2013-02-19,2014-02-17,217.281
CPIAUCSL,2010-04-01,2014-02-18,2015-02-19,217.376
CPIAUCSL,2010-04-01,2015-02-20,9999-12-31,217.403
CPIAUCSL,2010-05-01,2010-06-17,2011-02-14,217.224
CPIAUCSL,2010-05-01,2011-02-15,2012-02-14,217.32
CPIAUCSL,2010-05-01,2012-02-15,2013-02-18,217.182
CPIAUCSL,2010-05-01,2013-02-19,2014-02-17,217.23
CPIAUCSL,2010-05-01,2014-02-18,2015-02-19,217.299
CPIAUCSL,2010-05-01,2015-02-20,9999-12-31,217.29
CPIAUCSL,2010-06-01,2010-07-16,2011-02-14,216.929
CPIAUCSL,2010-06-01,2011-02-15,2012-02-14,216.865
CPIAUCSL,2010-06-01,2012-02-15,2013-02-18,217.206
CPIAUCSL,2010-06-01,2013-02-19,2014-02-17,217.329
CPIAUCSL,2010-06-01,2014-02-18,2015-02-19,217.285
CPIAUCSL,2010-06-01,2015-02-20,9999-12-31,217.199
CPIAUCSL,2010-07-01,2010-08-13,2011-02-14,217.597
CPIAUCSL,2010-07-01,2011-02-15,2012-02-14,217.621
CPIAUCSL,2010-07-01,2012-02-15,2013-02-18,217.649
CPIAUCSL,2010-07-01,2013-02-19,2014-02-17,217.69
CPIAUCSL,2010-07-01,2014-02-18,2015-02-19,217.677
CPIAUCSL,2010-07-01,2015-02-20,9999-12-31,217.605
CPIAUCSL,2010-08-01,2010-09-17,2011-02-14,218.15
CPIAUCSL,2010-08-01,2011-02-15,2012-02-14,218.068
CPIAUCSL,2010-08-01,2012-02-15,2013-02-18,218.062
CPIAUCSL,2010-08-01,2013-02-19,2014-02-17,218.02
CPIAUCSL,2010-08-01,2014-02-18,2015-02-19,218.012
CPIAUCSL,2010-08-01,2015-02-20,9999-12-31,217.923
CPIAUCSL,2010-09-01,2010-10-15,2011-02-14,218.372
CPIAUCSL,2010-09-01,2011-02-15,2012-02-14,218.427
CPIAUCSL,2010-09-01,2012-02-15,2013-02-18,218.364
CPIAUCSL,2010-09-01,2013-02-19,2014-02-17,218.319
CPIAUCSL,2010-09-01,2014-02-18,2015-02-19,218.281
CPIAUCSL,2010-09-01,2015-02-20,9999-12-31,218.275
CPIAUCSL,2010-10-01,2010-11-17,2011-02-14,218.879
CPIAUCSL,2010-10-01,2011-02-15,2012-02-14,218.97
CPIAUCSL,2010-10-01,2012-02-15,2013-02-18,219.02
CPIAUCSL,2010-10-01,2013-02-19,2014-02-17,218.996
CPIAUCSL,2010-10-01,2014-02-18,2015-02-19,219.024
CPIAUCSL,2010-10-01,2015-02-20,9999-12-31,219.035
CPIAUCSL,2010-11-01,2010-12-15,2011-02-14,219.146
CPIAUCSL,2010-11-01,2011-02-15,2012-02-14,219.24
CPIAUCSL,2010-11-01,2012-02-15,2013-02-18,219.441
CPIAUCSL,2010-11-01,2013-02-19,2014-02-17,219.471
CPIAUCSL,2010-11-01,2014-02-18,2015-02-19,219.544
CPIAUCSL,2010-11-01,2015-02-20,9999-12-31,219.59
CPIAUCSL,2010-12-01,2011-01-14,2011-02-14,220.252
CPIAUCSL,2010-12-01,2011-02-15,2012-02-14,220.186
CPIAUCSL,2010-12-01,2012-02-15,2013-02-18,220.414
CPIAUCSL,2010-12-01,2013-02-19,2014-02-17,220.468
CPIAUCSL,2010-12-01,2014-02-18,2015-02-19,220.437
CPIAUCSL,2010-12-01,2015-02-20,9999-12-31,220.472
CPIAUCSL,2011-01-01,2011-02-17,2012-02-14,221.062
CPIAUCSL,2011-01-01,2012-02-15,2013-02-18,221.036
CPIAUCSL,2011-01-01,2013-02-19,2014-02-17,221.067
CPIAUCSL,2011-01-01,2014-02-18,2015-02-19,221.082
CPIAUCSL,2011-01-01,2015-02-20,2016-02-18,221.148
CPIAUCSL,2011-01-01,2016-02-19,9999-12-31,221.187
CPIAUCSL,2011-02-01,2011-03-17,2012-02-14,222.27
CPIAUCSL,2011-02-01,2012-02-15,2013-02-18,222.008
CPIAUCSL,2011-02-01,2013-02-19,2014-02-17,221.908
CPIAUCSL,2011-02-01,2014-02-18,2015-02-19,221.816
CPIAUCSL,2011-02-01,2015-02-20,2016-02-18,221.904
CPIAUCSL,2011-02-01,2016-02-19,9999-12-31,221.898
CPIAUCSL,2011-03-01,2011-04-15,2012-02-14,223.49
CPIAUCSL,2011-03-01,2012-02-15,2013-02-18,223.193
CPIAUCSL,2011-03-01,2013-02-19,2014-02-17,223.106
CPIAUCSL,2011-03-01,2014-02-18,2015-02-19,222.955
CPIAUCSL,2011-03-01,2015-02-20,2016-02-18,223.044
CPIAUCSL,2011-03-01,2016-02-19,9999-12-31,223.046
CPIAUCSL,2011-04-01,2011-05-13,2012-02-14,224.433
CPIAUCSL,2011-04-01,2012-02-15,2013-02-18,224.03
CPIAUCSL,2011-04-01,2013-02-19,2014-02-17,223.879
CPIAUCSL,2011-04-01,2014-02-18,2015-02-19,224.056
CPIAUCSL,2011-04-01,2015-02-20,2016-02-18,224.06
CPIAUCSL,2011-04-01,2016-02-19,9999-12-31,224.093
CPIAUCSL,2011-05-01,2011-06-15,2012-02-14,224.804
CPIAUCSL,2011-05-01,2012-02-15,2013-02-18,224.634
CPIAUCSL,2011-05-01,2013-02-19,2014-02-17,224.747
CPIAUCSL,2011-05-01,2014-02-18,2015-02-19,224.918
CPIAUCSL,2011-05-01,2015-02-20,2016-02-18,224.869
CPIAUCSL,2011-05-01,2016-02-19,9999-12-31,224.806
CPIAUCSL,2011-06-01,2011-07-15,2012-02-14,224.304
CPIAUCSL,2011-06-01,2012-02-15,2013-02-18,224.837
CPIAUCSL,2011-06-01,2013-02-19,2014-02-17,225.07
CPIAUCSL,2011-06-01,2014-02-18,2015-02-19,224.99
CPIAUCSL,2011-06-01,2015-02-20,2016-02-18,224.841
CPIAUCSL,2011-06-01,2016-02-19,9999-12-31,224.806
CPIAUCSL,2011-07-01,2011-08-18,2012-02-14,225.425
CPIAUCSL,2011-07-01,2012-02-15,2013-02-18,225.515
CPIAUCSL,2011-07-01,2013-02-19,2014-02-17,225.594
CPIAUCSL,2011-07-01,2014-02-18,2015-02-19,225.553
CPIAUCSL,2011-07-01,2015-02-20,2016-02-18,225.419
CPIAUCSL,2011-07-01,2016-02-19,9999-12-31,225.395
CPIAUCSL,2011-08-01,2011-09-15,2012-02-14,226.268
CPIAUCSL,2011-08-01,2012-02-15,2013-02-18,226.266
CPIAUCSL,2011-08-01,2013-02-19,2014-02-17,226.187
CPIAUCSL,2011-08-01,2014-02-18,2015-02-19,226.149
CPIAUCSL,2011-08-01,2015-02-20,2016-02-18,226.082
CPIAUCSL,2011-08-01,2016-02-19,9999-12-31,226.106
CPIAUCSL,2011-09-01,2011-10-19,2012-02-14,226.955
CPIAUCSL,2011-09-01,2012-02-15,2013-02-18,226.87
CPIAUCSL,2011-09-01,2013-02-19,2014-02-17,226.753
CPIAUCSL,2011-09-01,2014-02-18,2015-02-19,226.674
CPIAUCSL,2011-09-01,2015-02-20,2016-02-18,226.676
CPIAUCSL,2011-09-01,2016-02-19,9999-12-31,226.597
CPIAUCSL,2011-10-01,2011-11-16,2012-02-14,226.763
CPIAUCSL,2011-10-01,2012-02-15,2013-02-18,226.804
CPIAUCSL,2011-10-01,2013-02-19,2014-02-17,226.728
CPIAUCSL,2011-10-01,2014-02-18,2015-02-19,226.761
CPIAUCSL,2011-10-01,2015-02-20,2016-02-18,226.811
CPIAUCSL,2011-10-01,2016-02-19,9999-12-31,226.75
CPIAUCSL,2011-11-01,2011-12-16,2012-02-14,226.72
CPIAUCSL,2011-11-01,2012-02-15,2013-02-18,227.014
CPIAUCSL,2011-11-01,2013-02-19,2014-02-17,227.049
CPIAUCSL,2011-11-01,2014-02-18,2015-02-19,227.136
CPIAUCSL,2011-11-01,2015-02-20,2016-02-18,227.157
CPIAUCSL,2011-11-01,2016-02-19,9999-12-31,227.169
CPIAUCSL,2011-12-01,2012-01-19,2012-02-14,226.747
CPIAUCSL,2011-12-01,2012-02-15,2013-02-18,227.033
CPIAUCSL,2011-12-01,2013-02-19,2014-02-17,227.137
CPIAUCSL,2011-12-01,2014-02-18,2015-02-19,227.093
CPIAUCSL,2011-12-01,2015-02-20,2016-02-18,227.145
CPIAUCSL,2011-12-01,2016-02-19,9999-12-31,227.223
CPIAUCSL,2012-01-01,2012-02-17,2013-02-18,227.505
CPIAUCSL,2012-01-01,2013-02-19,2014-02-17,227.605
CPIAUCSL,2012-01-01,2014-02-18,2015-02-19,227.666
CPIAUCSL,2012-01-01,2015-02-20,2016-02-18,227.759
CPIAUCSL,2012-01-01,2016-02-19,2017-02-12,227.86
CPIAUCSL,2012-01-01,2017-02-13,9999-12-31,227.842
CPIAUCSL,2012-02-01,2012-03-16,2013-02-18,228.433
CPIAUCSL,2012-02-01,2013-02-19,2014-02-17,228.253
CPIAUCSL,2012-02-01,2014-02-18,2015-02-19,228.138
CPIAUCSL,2012-02-01,2015-02-20,2016-02-18,228.285
CPIAUCSL,2012-02-01,2016-02-19,2017-02-12,228.377
CPIAUCSL,2012-02-01,2017-02-13,9999-12-31,228.329
CPIAUCSL,2012-03-01,2012-04-13,2013-02-18,229.098
CPIAUCSL,2012-03-01,2013-02-19,2014-02-17,228.95
CPIAUCSL,2012-03-01,2014-02-18,2015-02-19,228.732
CPIAUCSL,2012-03-01,2015-02-20,2016-02-18,228.866
CPIAUCSL,2012-03-01,2016-02-19,2017-02-12,228.894
CPIAUCSL,2012-03-01,2017-02-13,9999-12-31,228.807
CPIAUCSL,2012-04-01,2012-05-15,2013-02-18,229.177
CPIAUCSL,2012-04-01,2013-02-19,2014-02-17,228.951
CPIAUCSL,2012-04-01,2014-02-18,2015-02-19,229.184
CPIAUCSL,2012-04-01,2015-02-20,2016-02-18,229.172
CPIAUCSL,2012-04-01,2016-02-19,2017-02-12,229.286
CPIAUCSL,2012-04-01,2017-02-13,9999-12-31,229.187
CPIAUCSL,2012-05-01,2012-06-14,2013-02-18,228.527
CPIAUCSL,2012-05-01,2013-02-19,2014-02-17,228.648
CPIAUCSL,2012-05-01,2014-02-18,2015-02-19,228.884
CPIAUCSL,2012-05-01,2015-02-20,2016-02-18,228.785
CPIAUCSL,2012-05-01,2016-02-19,2017-02-12,228.722
CPIAUCSL,2012-05-01,2017-02-13,9999-12-31,228.713
CPIAUCSL,2012-06-01,2012-07-17,2013-02-18,228.618
CPIAUCSL,2012-06-01,2013-02-19,2014-02-17,228.924
CPIAUCSL,2012-06-01,2014-02-18,2015-02-19,228.825
CPIAUCSL,2012-06-01,2015-02-20,2016-02-18,228.626
CPIAUCSL,2012-06-01,2016-02-19,2017-02-12,228.506
CPIAUCSL,2012-06-01,2017-02-13,9999-12-31,228.524
CPIAUCSL,2012-07-01,2012-08-15,2013-02-18,228.723
CPIAUCSL,2012-07-01,2013-02-19,2014-02-17,228.836
CPIAUCSL,2012-07-01,2014-02-18,2015-02-19,228.779
CPIAUCSL,2012-07-01,2015-02-20,2016-02-18,228.584
CPIAUCSL,2012-07-01,2016-02-19,2017-02-12,228.475
CPIAUCSL,2012-07-01,2017-02-13,9999-12-31,228.59
CPIAUCSL,2012-08-01,2012-09-14,2013-02-18,230.102
CPIAUCSL,2012-08-01,2013-02-19,2014-02-17,230.026
CPIAUCSL,2012-08-01,2014-02-18,2015-02-19,229.952
CPIAUCSL,2012-08-01,2015-02-20,2016-02-18,229.911
CPIAUCSL,2012-08-01,2016-02-19,2017-02-12,229.844
CPIAUCSL,2012-08-01,2017-02-13,9999-12-31,229.918
CPIAUCSL,2012-09-01,2012-10-16,2013-02-18,231.414
CPIAUCSL,2012-09-01,2013-02-19,2014-02-17,231.227
CPIAUCSL,2012-09-01,2014-02-18,2015-02-19,231.086
CPIAUCSL,2012-09-01,2015-02-20,2016-02-18,231.104
CPIAUCSL,2012-09-01,2016-02-19,2017-02-12,230.987
CPIAUCSL,2012-09-01,2017-02-13,9999-12-31,231.015
CPIAUCSL,2012-10-01,2012-11-15,2013-02-18,231.751
CPIAUCSL,2012-10-01,2013-02-19,2014-02-17,231.623
CPIAUCSL,2012-10-01,2014-02-18,2015-02-19,231.652
CPIAUCSL,2012-10-01,2015-02-20,2016-02-18,231.741
CPIAUCSL,2012-10-01,2016-02-19,2017-02-12,231.655
CPIAUCSL,2012-10-01,2017-02-13,9999-12-31,231.638
CPIAUCSL,2012-11-01,2012-12-14,2013-02-18,231.025
CPIAUCSL,2012-11-01,2013-02-19,2014-02-17,231.071
CPIAUCSL,2012-11-01,2014-02-18,2015-02-19,231.19
CPIAUCSL,2012-11-01,2015-02-20,2016-02-18,231.202
CPIAUCSL,2012-11-01,2016-02-19,2017-02-12,231.278
CPIAUCSL,2012-11-01,2017-02-13,9999-12-31,231.249
CPIAUCSL,2012-12-01,2013-01-16,2013-02-18,230.979
CPIAUCSL,2012-12-01,2013-02-19,2014-02-17,231.137
CPIAUCSL,2012-12-01,2014-02-18,2015-02-19,231.099
CPIAUCSL,2012-12-01,2015-02-20,2016-02-18,231.165
CPIAUCSL,2012-12-01,2016-02-19,2017-02-12,231.272
CPIAUCSL,2012-12-01,2017-02-13,9999-12-31,231.221
CPIAUCSL,2013-01-01,2013-02-21,2014-02-17,231.198
CPIAUCSL,2013-01-01,2014-02-18,2015-02-19,231.321
CPIAUCSL,2013-01-01,2015-02-20,2016-02-18,231.444
CPIAUCSL,2013-01-01,2016-02-19,2017-02-12,231.641
CPIAUCSL,2013-01-01,2017-02-13,2018-02-13,231.612
CPIAUCSL,2013-01-01,2018-02-14,9999-12-31,231.679
CPIAUCSL,2013-02-01,2013-03-15,2014-02-17,232.77
CPIAUCSL,2013-02-01,2014-02-18,2015-02-19,232.599
CPIAUCSL,2013-02-01,2015-02-20,2016-02-18,232.803
CPIAUCSL,2013-02-01,2016-02-19,2017-02-12,233.005
CPIAUCSL,2013-02-01,2017-02-13,2018-02-13,232.985
CPIAUCSL,2013-02-01,2018-02-14,9999-12-31,232.937
CPIAUCSL,2013-03-01,2013-04-16,2014-02-17,232.34
CPIAUCSL,2013-03-01,2014-02-18,2015-02-19,232.075
CPIAUCSL,2013-03-01,2015-02-20,2016-02-18,232.245
CPIAUCSL,2013-03-01,2016-02-19,2017-02-12,232.313
CPIAUCSL,2013-03-01,2017-02-13,2018-02-13,232.299
CPIAUCSL,2013-03-01,2018-02-14,9999-12-31,232.282
CPIAUCSL,2013-04-01,2013-05-16,2014-02-17,231.485
CPIAUCSL,2013-04-01,2014-02-18,2015-02-19,231.707
CPIAUCSL,2013-04-01,2015-02-20,2016-02-18,231.672
CPIAUCSL,2013-04-01,2016-02-19,2017-02-12,231.856
CPIAUCSL,2013-04-01,2017-02-13,2018-02-13,231.795
CPIAUCSL,2013-04-01,2018-02-14,9999-12-31,231.797
CPIAUCSL,2013-05-01,2013-06-18,2014-02-17,231.831
CPIAUCSL,2013-05-01,2014-02-18,2015-02-19,232.124
CPIAUCSL,2013-05-01,2015-02-20,2016-02-18,231.99
CPIAUCSL,2013-05-01,2016-02-19,2017-02-12,231.895
CPIAUCSL,2013-05-01,2017-02-13,2018-02-13,231.916
CPIAUCSL,2013-05-01,2018-02-14,9999-12-31,231.893
CPIAUCSL,2013-06-01,2013-07-16,2014-02-17,232.944
CPIAUCSL,2013-06-01,2014-02-18,2015-02-19,232.86
CPIAUCSL,2013-06-01,2015-02-20,2016-02-18,232.583
CPIAUCSL,2013-06-01,2016-02-19,2017-02-12,232.357
CPIAUCSL,2013-06-01,2017-02-13,2018-02-13,232.374
CPIAUCSL,2013-06-01,2018-02-14,9999-12-31,232.445
CPIAUCSL,2013-07-01,2013-08-15,2014-02-17,233.318
CPIAUCSL,2013-07-01,2014-02-18,2015-02-19,233.252
CPIAUCSL,2013-07-01,2015-02-20,2016-02-18,232.98
CPIAUCSL,2013-07-01,2016-02-19,2017-02-12,232.749
CPIAUCSL,2013-07-01,2017-02-13,2018-02-13,232.889
CPIAUCSL,2013-07-01,2018-02-14,9999-12-31,232.9
CPIAUCSL,2013-08-01,2013-09-17,2014-02-17,233.526
CPIAUCSL,2013-08-01,2014-02-18,2015-02-19,233.433
CPIAUCSL,2013-08-01,2015-02-20,2016-02-18,233.413
CPIAUCSL,2013-08-01,2016-02-19,2017-02-12,233.249
CPIAUCSL,2013-08-01,2017-02-13,2018-02-13,233.323
CPIAUCSL,2013-08-01,2018-02-14,9999-12-31,233.456
CPIAUCSL,2013-09-01,2013-10-30,2014-02-17,233.947
CPIAUCSL,2013-09-01,2014-02-18,2015-02-19,233.743
CPIAUCSL,2013-09-01,2015-02-20,2016-02-18,233.773
CPIAUCSL,2013-09-01,2016-02-19,2017-02-12,233.642
CPIAUCSL,2013-09-01,2017-02-13,2018-02-13,233.632
CPIAUCSL,2013-09-01,2018-02-14,9999-12-31,233.544
CPIAUCSL,2013-10-01,2013-11-20,2014-02-17,233.808
CPIAUCSL,2013-10-01,2014-02-18,2015-02-19,233.782
CPIAUCSL,2013-10-01,2015-02-20,2016-02-18,233.903
CPIAUCSL,2013-10-01,2016-02-19,2017-02-12,233.799
CPIAUCSL,2013-10-01,2017-02-13,2018-02-13,233.718
CPIAUCSL,2013-10-01,2018-02-14,9999-12-31,233.669
CPIAUCSL,2013-11-01,2013-12-17,2014-02-17,233.887
CPIAUCSL,2013-11-01,2014-02-18,2015-02-19,234.033
CPIAUCSL,2013-11-01,2015-02-20,2016-02-18,234.038
CPIAUCSL,2013-11-01,2016-02-19,2017-02-12,234.21
CPIAUCSL,2013-11-01,2017-02-13,2018-02-13,234.121
CPIAUCSL,2013-11-01,2018-02-14,9999-12-31,234.1
CPIAUCSL,2013-12-01,2014-01-16,2014-02-17,234.582
CPIAUCSL,2013-12-01,2014-02-18,2015-02-19,234.594
CPIAUCSL,2013-12-01,2015-02-20,2016-02-18,234.697
CPIAUCSL,2013-12-01,2016-02-19,2017-02-12,234.847
CPIAUCSL,2013-12-01,2017-02-13,2018-02-13,234.723
CPIAUCSL,2013-12-01,2018-02-14,9999-12-31,234.719
CPIAUCSL,2014-01-01,2014-02-20,2015-02-19,234.933
CPIAUCSL,2014-01-01,2015-02-20,2016-02-18,235.128
CPIAUCSL,2014-01-01,2016-02-19,2017-02-12,235.436
CPIAUCSL,2014-01-01,2017-02-13,2018-02-13,235.385
CPIAUCSL,2014-01-01,2018-02-14,2019-02-10,235.347
CPIAUCSL,2014-01-01,2019-02-11,9999-12-31,235.288
CPIAUCSL,2014-02-01,2014-03-18,2015-02-19,235.169
CPIAUCSL,2014-02-01,2015-02-20,2016-02-18,235.356
CPIAUCSL,2014-02-01,2016-02-19,2017-02-12,235.621
CPIAUCSL,2014-02-01,2017-02-13,2018-02-13,235.672
CPIAUCSL,2014-02-01,2018-02-14,2019-02-10,235.522
CPIAUCSL,2014-02-01,2019-02-11,9999-12-31,235.547
CPIAUCSL,2014-03-01,2014-04-15,2015-02-19,235.64
CPIAUCSL,2014-03-01,2015-02-20,2016-02-18,235.79
CPIAUCSL,2014-03-01,2016-02-19,2017-02-12,235.897
CPIAUCSL,2014-03-01,2017-02-13,2018-02-13,235.978
CPIAUCSL,2014-03-01,2018-02-14,2019-02-10,235.956
CPIAUCSL,2014-03-01,2019-02-11,9999-12-31,236.028
CPIAUCSL,2014-04-01,2014-05-15,2015-02-19,236.254
CPIAUCSL,2014-04-01,2015-02-20,2016-02-18,236.24
CPIAUCSL,2014-04-01,2016-02-19,2017-02-12,236.495
CPIAUCSL,2014-04-01,2017-02-13,2018-02-13,236.471
CPIAUCSL,2014-04-01,2018-02-14,2019-02-10,236.463
CPIAUCSL,2014-04-01,2019-02-11,9999-12-31,236.468
CPIAUCSL,2014-05-01,2014-06-17,2015-02-19,237.083
CPIAUCSL,2014-05-01,2015-02-20,2016-02-18,236.95
CPIAUCSL,2014-05-01,2016-02-19,2017-02-12,236.803
CPIAUCSL,2014-05-01,2017-02-13,2018-02-13,236.832
CPIAUCSL,2014-05-01,2018-02-14,2019-02-10,236.867
CPIAUCSL,2014-05-01,2019-02-11,9999-12-31,236.918
CPIAUCSL,2014-06-01,2014-07-22,2015-02-19,237.693
CPIAUCSL,2014-06-01,2015-02-20,2016-02-18,237.348
CPIAUCSL,2014-06-01,2016-02-19,2017-02-12,237.016
CPIAUCSL,2014-06-01,2017-02-13,2018-02-13,237.029
CPIAUCSL,2014-06-01,2018-02-14,2019-02-10,237.188
CPIAUCSL,2014-06-01,2019-02-11,9999-12-31,237.231
CPIAUCSL,2014-07-01,2014-08-19,2015-02-19,237.909
CPIAUCSL,2014-07-01,2015-02-20,2016-02-18,237.596
CPIAUCSL,2014-07-01,2016-02-19,2017-02-12,237.259
CPIAUCSL,2014-07-01,2017-02-13,2018-02-13,237.424
CPIAUCSL,2014-07-01,2018-02-14,2019-02-10,237.485
CPIAUCSL,2014-07-01,2019-02-11,9999-12-31,237.498
CPIAUCSL,2014-08-01,2014-09-17,2015-02-19,237.428
CPIAUCSL,2014-08-01,2015-02-20,2016-02-18,237.409
CPIAUCSL,2014-08-01,2016-02-19,2017-02-12,237.163
CPIAUCSL,2014-08-01,2017-02-13,2018-02-13,237.256
CPIAUCSL,2014-08-01,2018-02-14,2019-02-10,237.439
CPIAUCSL,2014-08-01,2019-02-11,9999-12-31,237.46
CPIAUCSL,2014-09-01,2014-10-22,2015-02-19,237.633
CPIAUCSL,2014-09-01,2015-02-20,2016-02-18,237.626
CPIAUCSL,2014-09-01,2016-02-19,2017-02-12,237.51
CPIAUCSL,2014-09-01,2017-02-13,2018-02-13,237.486
CPIAUCSL,2014-09-01,2018-02-14,2019-02-10,237.452
CPIAUCSL,2014-09-01,2019-02-11,9999-12-31,237.477
CPIAUCSL,2014-10-01,2014-11-20,2015-02-19,237.642
CPIAUCSL,2014-10-01,2015-02-20,2016-02-18,237.753
CPIAUCSL,2014-10-01,2016-02-19,2017-02-12,237.651
CPIAUCSL,2014-10-01,2017-02-13,2018-02-13,237.506
CPIAUCSL,2014-10-01,2018-02-14,2019-02-10,237.447
CPIAUCSL,2014-10-01,2019-02-11,9999-12-31,237.43
CPIAUCSL,2014-11-01,2014-12-17,2015-02-19,237.032
CPIAUCSL,2014-11-01,2015-02-20,2016-02-18,237.067
CPIAUCSL,2014-11-01,2016-02-19,2017-02-12,237.261
CPIAUCSL,2014-11-01,2017-02-13,2018-02-13,237.118
CPIAUCSL,2014-11-01,2018-02-14,2019-02-10,237.042
CPIAUCSL,2014-11-01,2019-02-11,9999-12-31,236.983
CPIAUCSL,2014-12-01,2015-01-16,2015-02-19,236.149
CPIAUCSL,2014-12-01,2015-02-20,2016-02-18,236.284
CPIAUCSL,2014-12-01,2016-02-19,2017-02-12,236.464
CPIAUCSL,2014-12-01,2017-02-13,2018-02-13,236.29
CPIAUCSL,2014-12-01,2018-02-14,2019-02-10,236.27
CPIAUCSL,2014-12-01,2019-02-11,9999-12-31,236.252
CPIAUCSL,2015-01-01,2015-02-26,2016-02-18,234.677
CPIAUCSL,2015-01-01,2016-02-19,2017-02-12,234.954
CPIAUCSL,2015-01-01,2017-02-13,2018-02-13,234.913
CPIAUCSL,2015-01-01,2018-02-14,2019-02-10,234.836
CPIAUCSL,2015-01-01,2019-02-11,2020-02-10,234.718
CPIAUCSL,2015-01-01,2020-02-11,9999-12-31,234.747
CPIAUCSL,2015-02-01,2015-03-24,2016-02-18,235.186
CPIAUCSL,2015-02-01,2016-02-19,2017-02-12,235.415
CPIAUCSL,2015-02-01,2017-02-13,2018-02-13,235.489
CPIAUCSL,2015-02-01,2018-02-14,2019-02-10,235.274
CPIAUCSL,2015-02-01,2019-02-11,2020-02-10,235.236
CPIAUCSL,2015-02-01,2020-02-11,9999-12-31,235.342
CPIAUCSL,2015-03-01,2015-04-17,2016-02-18,235.74
CPIAUCSL,2015-03-01,2016-02-19,2017-02-12,235.859
CPIAUCSL,2015-03-01,2017-02-13,2018-02-13,235.989
CPIAUCSL,2015-03-01,2018-02-14,2019-02-10,235.956
CPIAUCSL,2015-03-01,2019-02-11,2020-02-10,236.005
CPIAUCSL,2015-03-01,2020-02-11,9999-12-31,235.976
CPIAUCSL,2015-04-01,2015-05-22,2016-02-18,235.982
CPIAUCSL,2015-04-01,2016-02-19,2017-02-12,236.197
CPIAUCSL,2015-04-01,2017-02-13,2018-02-13,236.201
CPIAUCSL,2015-04-01,2018-02-14,2019-02-10,236.165
CPIAUCSL,2015-04-01,2019-02-11,2020-02-10,236.156
CPIAUCSL,2015-04-01,2020-02-11,9999-12-31,236.222
CPIAUCSL,2015-05-01,2015-06-18,2016-02-18,237.031
CPIAUCSL,2015-05-01,2016-02-19,2017-02-12,236.876
CPIAUCSL,2015-05-01,2017-02-13,2018-02-13,236.891
CPIAUCSL,2015-05-01,2018-02-14,2019-02-10,236.952
CPIAUCSL,2015-05-01,2019-02-11,2020-02-10,236.974
CPIAUCSL,2015-05-01,2020-02-11,9999-12-31,237.001
CPIAUCSL,2015-06-01,2015-07-17,2016-02-18,237.786
CPIAUCSL,2015-06-01,2016-02-19,2017-02-12,237.423
CPIAUCSL,2015-06-01,2017-02-13,2018-02-13,237.419
CPIAUCSL,2015-06-01,2018-02-14,2019-02-10,237.618
CPIAUCSL,2015-06-01,2019-02-11,2020-02-10,237.684
CPIAUCSL,2015-06-01,2020-02-11,9999-12-31,237.657
CPIAUCSL,2015-07-01,2015-08-19,2016-02-18,238.099
CPIAUCSL,2015-07-01,2016-02-19,2017-02-12,237.734
CPIAUCSL,2015-07-01,2017-02-13,2018-02-13,237.876
CPIAUCSL,2015-07-01,2018-02-14,2019-02-10,237.993
CPIAUCSL,2015-07-01,2019-02-11,2020-02-10,238.053
CPIAUCSL,2015-07-01,2020-02-11,9999-12-31,238.034
CPIAUCSL,2015-08-01,2015-09-16,2016-02-18,237.931
CPIAUCSL,2015-08-01,2016-02-19,2017-02-12,237.703
CPIAUCSL,2015-08-01,2017-02-13,2018-02-13,237.811
CPIAUCSL,2015-08-01,2018-02-14,2019-02-10,237.989
CPIAUCSL,2015-08-01,2019-02-11,2020-02-10,238.028
CPIAUCSL,2015-08-01,2020-02-11,9999-12-31,238.033
CPIAUCSL,2015-09-01,2015-10-15,2016-02-18,237.566
CPIAUCSL,2015-09-01,2016-02-19,2017-02-12,237.489
CPIAUCSL,2015-09-01,2017-02-13,2019-02-10,237.467
CPIAUCSL,2015-09-01,2019-02-11,2020-02-10,237.506
CPIAUCSL,2015-09-01,2020-02-11,9999-12-31,237.498
CPIAUCSL,2015-10-01,2015-11-17,2016-02-18,238.042
CPIAUCSL,2015-10-01,2016-02-19,2017-02-12,237.949
CPIAUCSL,2015-10-01,2017-02-13,2018-02-13,237.792
CPIAUCSL,2015-10-01,2018-02-14,2019-02-10,237.764
CPIAUCSL,2015-10-01,2019-02-11,2020-02-10,237.781
CPIAUCSL,2015-10-01,2020-02-11,9999-12-31,237.733
CPIAUCSL,2015-11-01,2015-12-15,2016-02-18,238.111
CPIAUCSL,2015-11-01,2016-02-19,2017-02-12,238.302
CPIAUCSL,2015-11-01,2017-02-13,2018-02-13,238.153
CPIAUCSL,2015-11-01,2018-02-14,2019-02-10,238.072
CPIAUCSL,2015-11-01,2019-02-11,2020-02-10,238.016
CPIAUCSL,2015-11-01,2020-02-11,9999-12-31,238.017
CPIAUCSL,2015-12-01,2016-01-20,2016-02-18,237.847
CPIAUCSL,2015-12-01,2016-02-19,2017-02-12,238.041
CPIAUCSL,2015-12-01,2017-02-13,2018-02-13,237.846
CPIAUCSL,2015-12-01,2018-02-14,2019-02-10,237.827
CPIAUCSL,2015-12-01,2019-02-11,2020-02-10,237.817
CPIAUCSL,2015-12-01,2020-02-11,9999-12-31,237.761
CPIAUCSL,2016-01-01,2016-02-19,2017-02-12,238.107
CPIAUCSL,2016-01-01,2017-02-13,2018-02-13,238.106
CPIAUCSL,2016-01-01,2018-02-14,2019-02-10,237.99
CPIAUCSL,2016-01-01,2019-02-11,2020-02-10,237.833
CPIAUCSL,2016-01-01,2020-02-11,2021-02-07,237.827
CPIAUCSL,2016-01-01,2021-02-08,9999-12-31,237.652
CPIAUCSL,2016-02-01,2016-03-16,2017-02-12,237.707
CPIAUCSL,2016-02-01,2017-02-13,2018-02-13,237.808
CPIAUCSL,2016-02-01,2018-02-14,2019-02-10,237.532
CPIAUCSL,2016-02-01,2019-02-11,2020-02-10,237.469
CPIAUCSL,2016-02-01,2020-02-11,2021-02-07,237.514
CPIAUCSL,2016-02-01,2021-02-08,9999-12-31,237.336
CPIAUCSL,2016-03-01,2016-04-14,2017-02-12,237.92
CPIAUCSL,2016-03-01,2017-02-13,2018-02-13,238.078
CPIAUCSL,2016-03-01,2018-02-14,2019-02-10,238.022
CPIAUCSL,2016-03-01,2019-02-11,2020-02-10,238.038
CPIAUCSL,2016-03-01,2020-02-11,2021-02-07,237.99
CPIAUCSL,2016-03-01,2021-02-08,9999-12-31,238.08
CPIAUCSL,2016-04-01,2016-05-17,2017-02-12,238.89
CPIAUCSL,2016-04-01,2017-02-13,2018-02-13,238.908
CPIAUCSL,2016-04-01,2018-02-14,2019-02-10,238.843
CPIAUCSL,2016-04-01,2019-02-11,2020-02-10,238.827
CPIAUCSL,2016-04-01,2020-02-11,2021-02-07,238.835
CPIAUCSL,2016-04-01,2021-02-08,9999-12-31,238.992
CPIAUCSL,2016-05-01,2016-06-16,2016-10-17,239.41
CPIAUCSL,2016-05-01,2016-10-18,2017-02-12,239.403
CPIAUCSL,2016-05-01,2017-02-13,2018-02-13,239.362
CPIAUCSL,2016-05-01,2018-02-14,2019-02-10,239.439
CPIAUCSL,2016-05-01,2019-02-11,2020-02-10,239.464
CPIAUCSL,2016-05-01,2020-02-11,2021-02-07,239.44
CPIAUCSL,2016-05-01,2021-02-08,9999-12-31,239.557
CPIAUCSL,2016-06-01,2016-07-15,2016-10-17,239.927
CPIAUCSL,2016-06-01,2016-10-18,2017-02-12,239.907
CPIAUCSL,2016-06-01,2017-02-13,2018-02-13,239.842
CPIAUCSL,2016-06-01,2018-02-14,2019-02-10,240.074
CPIAUCSL,2016-06-01,2019-02-11,2020-02-10,240.167
CPIAUCSL,2016-06-01,2020-02-11,2021-02-07,240.144
CPIAUCSL,2016-06-01,2021-02-08,9999-12-31,240.222
CPIAUCSL,2016-07-01,2016-08-16,2016-10-17,239.828
CPIAUCSL,2016-07-01,2016-10-18,2017-02-12,239.81
CPIAUCSL,2016-07-01,2017-02-13,2018-02-13,239.898
CPIAUCSL,2016-07-01,2018-02-14,2019-02-10,240.058
CPIAUCSL,2016-07-01,2019-02-11,2020-02-10,240.15
CPIAUCSL,2016-07-01,2020-02-11,2021-02-07,240.111
CPIAUCSL,2016-07-01,2021-02-08,9999-12-31,240.101
CPIAUCSL,2016-08-01,2016-09-16,2016-10-17,240.305
CPIAUCSL,2016-08-01,2016-10-18,2017-02-12,240.301
CPIAUCSL,2016-08-01,2017-02-13,2018-02-13,240.389
CPIAUCSL,2016-08-01,2018-02-14,2019-02-10,240.569
CPIAUCSL,2016-08-01,2019-02-11,2020-02-10,240.602
CPIAUCSL,2016-08-01,2020-02-11,2021-02-07,240.595
CPIAUCSL,2016-08-01,2021-02-08,9999-12-31,240.545
CPIAUCSL,2016-09-01,2016-10-18,2017-02-12,241.002
CPIAUCSL,2016-09-01,2017-02-13,2018-02-13,241.006
CPIAUCSL,2016-09-01,2018-02-14,2019-02-10,241.017
CPIAUCSL,2016-09-01,2019-02-11,2020-02-10,241.051
CPIAUCSL,2016-09-01,2020-02-11,2021-02-07,241.068
CPIAUCSL,2016-09-01,2021-02-08,9999-12-31,241.176
CPIAUCSL,2016-10-01,2016-11-17,2017-02-12,241.863
CPIAUCSL,2016-10-01,2017-02-13,2018-02-13,241.694
CPIAUCSL,2016-10-01,2018-02-14,2019-02-10,241.667
CPIAUCSL,2016-10-01,2019-02-11,2020-02-10,241.691
CPIAUCSL,2016-10-01,2020-02-11,2021-02-07,241.641
CPIAUCSL,2016-10-01,2021-02-08,9999-12-31,241.741
CPIAUCSL,2016-11-01,2016-12-15,2017-02-12,242.348
CPIAUCSL,2016-11-01,2017-02-13,2018-02-13,242.199
CPIAUCSL,2016-11-01,2018-02-14,2019-02-10,242.081
CPIAUCSL,2016-11-01,2019-02-11,2020-02-10,242.029
CPIAUCSL,2016-11-01,2020-02-11,2021-02-07,241.993
CPIAUCSL,2016-11-01,2021-02-08,9999-12-31,242.026
CPIAUCSL,2016-12-01,2017-01-18,2017-02-12,243.032
CPIAUCSL,2016-12-01,2017-02-13,2018-02-13,242.821
CPIAUCSL,2016-12-01,2018-02-14,2019-02-10,242.784
CPIAUCSL,2016-12-01,2019-02-11,2020-02-10,242.772
CPIAUCSL,2016-12-01,2020-02-11,2021-02-07,242.712
CPIAUCSL,2016-12-01,2021-02-08,9999-12-31,242.637
CPIAUCSL,2017-01-01,2017-02-15,2018-02-13,244.158
CPIAUCSL,2017-01-01,2018-02-14,2019-02-10,244.028
CPIAUCSL,2017-01-01,2019-02-11,2020-02-10,243.78
CPIAUCSL,2017-01-01,2020-02-11,2021-02-07,243.717
CPIAUCSL,2017-01-01,2021-02-08,2022-02-07,243.62
CPIAUCSL,2017-01-01,2022-02-08,9999-12-31,243.618
CPIAUCSL,2017-02-01,2017-03-15,2018-02-13,244.456
CPIAUCSL,2017-02-01,2018-02-14,2019-02-10,244.102
CPIAUCSL,2017-02-01,2019-02-11,2020-02-10,243.961
CPIAUCSL,2017-02-01,2020-02-11,2021-02-07,244.028
CPIAUCSL,2017-02-01,2021-02-08,2022-02-07,243.872
CPIAUCSL,2017-02-01,2022-02-08,9999-12-31,244.006
CPIAUCSL,2017-03-01,2017-04-14,2018-02-13,243.752
CPIAUCSL,2017-03-01,2018-02-14,2019-02-10,243.717
CPIAUCSL,2017-03-01,2019-02-11,2020-02-10,243.749
CPIAUCSL,2017-03-01,2020-02-11,2021-02-07,243.721
CPIAUCSL,2017-03-01,2021-02-08,2022-02-07,243.766
CPIAUCSL,2017-03-01,2022-02-08,9999-12-31,243.892
CPIAUCSL,2017-04-01,2017-05-12,2018-02-13,244.158
CPIAUCSL,2017-04-01,2018-02-14,2019-02-10,244.087
CPIAUCSL,2017-04-01,2019-02-11,2020-02-10,244.051
CPIAUCSL,2017-04-01,2020-02-11,2021-02-07,244.058
CPIAUCSL,2017-04-01,2021-02-08,2022-02-07,244.274
CPIAUCSL,2017-04-01,2022-02-08,9999-12-31,244.193
CPIAUCSL,2017-05-01,2017-06-14,2018-02-13,243.846
CPIAUCSL,2017-05-01,2018-02-14,2019-02-10,243.911
CPIAUCSL,2017-05-01,2019-02-11,2020-02-10,243.962
CPIAUCSL,2017-05-01,2020-02-11,2021-02-07,243.926
CPIAUCSL,2017-05-01,2021-02-08,2022-02-07,244.069
CPIAUCSL,2017-05-01,2022-02-08,9999-12-31,244.004
CPIAUCSL,2017-06-01,2017-07-14,2018-02-13,243.79
CPIAUCSL,2017-06-01,2018-02-14,2019-02-10,244.032
CPIAUCSL,2017-06-01,2019-02-11,2020-02-10,244.182
CPIAUCSL,2017-06-01,2020-02-11,2021-02-07,244.179
CPIAUCSL,2017-06-01,2021-02-08,2022-02-07,244.218
CPIAUCSL,2017-06-01,2022-02-08,9999-12-31,244.163
CPIAUCSL,2017-07-01,2017-08-11,2018-02-13,244.048
CPIAUCSL,2017-07-01,2018-02-14,2019-02-10,244.236
CPIAUCSL,2017-07-01,2019-02-11,2020-02-10,244.39
CPIAUCSL,2017-07-01,2020-02-11,2021-02-07,244.328
CPIAUCSL,2017-07-01,2021-02-08,2022-02-07,244.28
CPIAUCSL,2017-07-01,2022-02-08,9999-12-31,244.243
CPIAUCSL,2017-08-01,2017-09-14,2018-02-13,245.03
CPIAUCSL,2017-08-01,2018-02-14,2019-02-10,245.262
CPIAUCSL,2017-08-01,2019-02-11,2020-02-10,245.297
CPIAUCSL,2017-08-01,2020-02-11,2021-02-07,245.304
CPIAUCSL,2017-08-01,2021-02-08,2022-02-07,245.205
CPIAUCSL,2017-08-01,2022-02-08,9999-12-31,245.183
CPIAUCSL,2017-09-01,2017-10-13,2018-02-13,246.373
CPIAUCSL,2017-09-01,2018-02-14,2019-02-10,246.392
CPIAUCSL,2017-09-01,2019-02-11,2020-02-10,246.418
CPIAUCSL,2017-09-01,2020-02-11,2021-02-07,246.445
CPIAUCSL,2017-09-01,2021-02-08,2022-02-07,246.551
CPIAUCSL,2017-09-01,2022-02-08,9999-12-31,246.435
CPIAUCSL,2017-10-01,2017-11-15,2018-02-13,246.639
CPIAUCSL,2017-10-01,2018-02-14,2019-02-10,246.583
CPIAUCSL,2017-10-01,2019-02-11,2020-02-10,246.587
CPIAUCSL,2017-10-01,2020-02-11,2021-02-07,246.57
CPIAUCSL,2017-10-01,2021-02-08,2022-02-07,246.657
CPIAUCSL,2017-10-01,2022-02-08,9999-12-31,246.626
CPIAUCSL,2017-11-01,2017-12-13,2018-02-13,247.592
CPIAUCSL,2017-11-01,2018-02-14,2019-02-10,247.411
CPIAUCSL,2017-11-01,2019-02-11,2020-02-10,247.332
CPIAUCSL,2017-11-01,2020-02-11,2021-02-07,247.333
CPIAUCSL,2017-11-01,2021-02-08,2022-02-07,247.378
CPIAUCSL,2017-11-01,2022-02-08,9999-12-31,247.284
CPIAUCSL,2017-12-01,2018-01-12,2018-02-13,247.963
CPIAUCSL,2017-12-01,2018-02-14,2019-02-10,247.91
CPIAUCSL,2017-12-01,2019-02-11,2020-02-10,247.901
CPIAUCSL,2017-12-01,2020-02-11,2021-02-07,247.847
CPIAUCSL,2017-12-01,2021-02-08,2022-02-07,247.736
CPIAUCSL,2017-12-01,2022-02-08,9999-12-31,247.805
CPIAUCSL,2018-01-01,2018-02-14,2019-02-10,249.245
CPIAUCSL,2018-01-01,2019-02-11,2020-02-10,248.884
CPIAUCSL,2018-01-01,2020-02-11,2021-02-07,248.816
CPIAUCSL,2018-01-01,2021-02-08,2022-02-07,248.721
CPIAUCSL,2018-01-01,2022-02-08,2023-02-09,248.743
CPIAUCSL,2018-01-01,2023-02-10,9999-12-31,248.859
CPIAUCSL,2018-02-01,2018-03-13,2019-02-10,249.619
CPIAUCSL,2018-02-01,2019-02-11,2020-02-10,249.369
CPIAUCSL,2018-02-01,2020-02-11,2021-02-07,249.475
CPIAUCSL,2018-02-01,2021-02-08,2022-02-07,249.3
CPIAUCSL,2018-02-01,2022-02-08,2023-02-09,249.439
CPIAUCSL,2018-02-01,2023-02-10,9999-12-31,249.529
CPIAUCSL,2018-03-01,2018-04-11,2019-02-10,249.462
CPIAUCSL,2018-03-01,2019-02-11,2020-02-10,249.498
CPIAUCSL,2018-03-01,2020-02-11,2021-02-07,249.413
CPIAUCSL,2018-03-01,2021-02-08,2022-02-07,249.517
CPIAUCSL,2018-03-01,2022-02-08,2023-02-09,249.581
CPIAUCSL,2018-03-01,2023-02-10,9999-12-31,249.577
CPIAUCSL,2018-04-01,2018-05-10,2019-02-10,250.013
CPIAUCSL,2018-04-01,2019-02-11,2020-02-10,249.956
CPIAUCSL,2018-04-01,2020-02-11,2021-02-07,249.957
CPIAUCSL,2018-04-01,2021-02-08,2022-02-07,250.275
CPIAUCSL,2018-04-01,2022-02-08,2023-02-09,250.146
CPIAUCSL,2018-04-01,2023-02-10,9999-12-31,250.227
CPIAUCSL,2018-05-01,2018-06-12,2019-02-10,250.535
CPIAUCSL,2018-05-01,2019-02-11,2020-02-10,250.646
CPIAUCSL,2018-05-01,2020-02-11,2021-02-07,250.64
CPIAUCSL,2018-05-01,2021-02-08,2022-02-07,250.786
CPIAUCSL,2018-05-01,2022-02-08,2023-02-09,250.779
CPIAUCSL,2018-05-01,2023-02-10,9999-12-31,250.792
CPIAUCSL,2018-06-01,2018-07-12,2019-02-10,250.857
CPIAUCSL,2018-06-01,2019-02-11,2020-02-10,251.134
CPIAUCSL,2018-06-01,2020-02-11,2021-02-07,251.176
CPIAUCSL,2018-06-01,2021-02-08,2022-02-07,251.152
CPIAUCSL,2018-06-01,2022-02-08,2023-02-09,251.118
CPIAUCSL,2018-06-01,2023-02-10,9999-12-31,251.018
CPIAUCSL,2018-07-01,2018-08-10,2019-02-10,251.286
CPIAUCSL,2018-07-01,2019-02-11,2020-02-10,251.597
CPIAUCSL,2018-07-01,2020-02-11,2021-02-07,251.482
CPIAUCSL,2018-07-01,2021-02-08,2022-02-07,251.345
CPIAUCSL,2018-07-01,2022-02-08,2023-02-09,251.323
CPIAUCSL,2018-07-01,2023-02-10,9999-12-31,251.214
CPIAUCSL,2018-08-01,2018-09-13,2019-02-10,251.846
CPIAUCSL,2018-08-01,2019-02-11,2020-02-10,251.879
CPIAUCSL,2018-08-01,2020-02-11,2021-02-07,251.905
CPIAUCSL,2018-08-01,2021-02-08,2022-02-07,251.735
CPIAUCSL,2018-08-01,2022-02-08,2023-02-09,251.749
CPIAUCSL,2018-08-01,2023-02-10,9999-12-31,251.663
CPIAUCSL,2018-09-01,2018-10-11,2019-02-10,251.994
CPIAUCSL,2018-09-01,2019-02-11,2020-02-10,252.01
CPIAUCSL,2018-09-01,2020-02-11,2021-02-07,252.261
CPIAUCSL,2018-09-01,2021-02-08,2022-02-07,252.183
CPIAUCSL,2018-09-01,2022-02-08,2023-02-09,252.239
CPIAUCSL,2018-09-01,2023-02-10,9999-12-31,252.182
CPIAUCSL,2018-10-01,2018-11-14,2019-02-10,252.827
CPIAUCSL,2018-10-01,2019-02-11,2020-02-10,252.794
CPIAUCSL,2018-10-01,2020-02-11,2021-02-07,252.777
CPIAUCSL,2018-10-01,2021-02-08,2022-02-07,252.899
CPIAUCSL,2018-10-01,2022-02-08,2023-02-09,252.862
CPIAUCSL,2018-10-01,2023-02-10,9999-12-31,252.772
CPIAUCSL,2018-11-01,2018-12-12,2019-02-10,252.876
CPIAUCSL,2018-11-01,2019-02-11,2020-02-10,252.76
CPIAUCSL,2018-11-01,2020-02-11,2021-02-07,252.662
CPIAUCSL,2018-11-01,2021-02-08,2022-02-07,252.822
CPIAUCSL,2018-11-01,2022-02-08,2023-02-09,252.657
CPIAUCSL,2018-11-01,2023-02-10,9999-12-31,252.594
CPIAUCSL,2018-12-01,2019-01-11,2019-02-10,252.733
CPIAUCSL,2018-12-01,2019-02-11,2020-02-10,252.723
CPIAUCSL,2018-12-01,2020-02-11,2021-02-07,252.653
CPIAUCSL,2018-12-01,2021-02-08,2022-02-07,252.493
CPIAUCSL,2018-12-01,2022-02-08,2023-02-09,252.551
CPIAUCSL,2018-12-01,2023-02-10,9999-12-31,252.767
CPIAUCSL,2019-01-01,2019-02-13,2020-02-10,252.673
CPIAUCSL,2019-01-01,2020-02-11,2021-02-07,252.55
CPIAUCSL,2019-01-01,2021-02-08,2022-02-07,252.441
CPIAUCSL,2019-01-01,2022-02-08,2023-02-09,252.47
CPIAUCSL,2019-01-01,2023-02-10,2024-02-08,252.718
CPIAUCSL,2019-01-01,2024-02-09,9999-12-31,252.561
CPIAUCSL,2019-02-01,2019-03-12,2020-02-10,253.113
CPIAUCSL,2019-02-01,2020-02-11,2021-02-07,253.181
CPIAUCSL,2019-02-01,2021-02-08,2022-02-07,252.969
CPIAUCSL,2019-02-01,2022-02-08,2023-02-09,253.135
CPIAUCSL,2019-02-01,2023-02-10,2024-02-08,253.322
CPIAUCSL,2019-02-01,2024-02-09,9999-12-31,253.319
CPIAUCSL,2019-03-01,2019-04-10,2020-02-10,254.148
CPIAUCSL,2019-03-01,2020-02-11,2021-02-07,254.095
CPIAUCSL,2019-03-01,2021-02-08,2022-02-07,254.147
CPIAUCSL,2019-03-01,2022-02-08,2023-02-09,254.273
CPIAUCSL,2019-03-01,2023-02-10,2024-02-08,254.202
CPIAUCSL,2019-03-01,2024-02-09,9999-12-31,254.277
CPIAUCSL,2019-04-01,2019-05-10,2020-02-10,254.958
CPIAUCSL,2019-04-01,2020-02-11,2021-02-07,254.943
CPIAUCSL,2019-04-01,2021-02-08,2022-02-07,255.326
CPIAUCSL,2019-04-01,2022-02-08,2023-02-09,255.163
CPIAUCSL,2019-04-01,2023-02-10,2024-02-08,255.211
CPIAUCSL,2019-04-01,2024-02-09,9999-12-31,255.233
CPIAUCSL,2019-05-01,2019-06-12,2020-02-10,255.155
CPIAUCSL,2019-05-01,2020-02-11,2021-02-07,255.167
CPIAUCSL,2019-05-01,2021-02-08,2022-02-07,255.371
CPIAUCSL,2019-05-01,2022-02-08,2023-02-09,255.325
CPIAUCSL,2019-05-01,2023-02-10,2024-02-08,255.29
CPIAUCSL,2019-05-01,2024-02-09,9999-12-31,255.296
CPIAUCSL,2019-06-01,2019-07-11,2020-02-10,255.305
CPIAUCSL,2019-06-01,2020-02-11,2021-02-07,255.402
CPIAUCSL,2019-06-01,2021-02-08,2022-02-07,255.423
CPIAUCSL,2019-06-01,2022-02-08,2023-02-09,255.361
CPIAUCSL,2019-06-01,2023-02-10,2024-02-08,255.159
CPIAUCSL,2019-06-01,2024-02-09,9999-12-31,255.213
CPIAUCSL,2019-07-01,2019-08-13,2020-02-10,256.161
CPIAUCSL,2019-07-01,2020-02-11,2021-02-07,256.087
CPIAUCSL,2019-07-01,2021-02-08,2022-02-07,255.925
CPIAUCSL,2019-07-01,2022-02-08,2023-02-09,255.9
CPIAUCSL,2019-07-01,2023-02-10,2024-02-08,255.685
CPIAUCSL,2019-07-01,2024-02-09,9999-12-31,255.802
CPIAUCSL,2019-08-01,2019-09-12,2020-02-10,256.3
CPIAUCSL,2019-08-01,2020-02-11,2021-02-07,256.294
CPIAUCSL,2019-08-01,2021-02-08,2022-02-07,256.118
CPIAUCSL,2019-08-01,2022-02-08,2023-02-09,256.179
CPIAUCSL,2019-08-01,2023-02-10,2024-02-08,256.059
CPIAUCSL,2019-08-01,2024-02-09,9999-12-31,256.036
CPIAUCSL,2019-09-01,2019-10-10,2020-02-10,256.358
CPIAUCSL,2019-09-01,2020-02-11,2021-02-07,256.593
CPIAUCSL,2019-09-01,2021-02-08,2022-02-07,256.532
CPIAUCSL,2019-09-01,2022-02-08,2023-02-09,256.596
CPIAUCSL,2019-09-01,2023-02-10,2024-02-08,256.511
CPIAUCSL,2019-09-01,2024-02-09,9999-12-31,256.43
CPIAUCSL,2019-10-01,2019-11-13,2020-02-10,257.271
CPIAUCSL,2019-10-01,2020-02-11,2021-02-07,257.229
CPIAUCSL,2019-10-01,2021-02-08,2022-02-07,257.387
CPIAUCSL,2019-10-01,2022-02-08,2023-02-09,257.305
CPIAUCSL,2019-10-01,2023-02-10,2024-02-08,257.244
CPIAUCSL,2019-10-01,2024-02-09,9999-12-31,257.155
CPIAUCSL,2019-11-01,2019-12-11,2020-02-10,257.936
CPIAUCSL,2019-11-01,2020-02-11,2021-02-07,257.824
CPIAUCSL,2019-11-01,2021-02-08,2022-02-07,257.989
CPIAUCSL,2019-11-01,2022-02-08,2023-02-09,257.788
CPIAUCSL,2019-11-01,2023-02-10,2024-02-08,257.803
CPIAUCSL,2019-11-01,2024-02-09,9999-12-31,257.879
CPIAUCSL,2019-12-01,2020-01-14,2020-02-10,258.501
CPIAUCSL,2019-12-01,2020-02-11,2021-02-07,258.444
CPIAUCSL,2019-12-01,2021-02-08,2022-02-07,258.203
CPIAUCSL,2019-12-01,2022-02-08,2023-02-09,258.263
CPIAUCSL,2019-12-01,2023-02-10,2024-02-08,258.616
CPIAUCSL,2019-12-01,2024-02-09,9999-12-31,258.63
CPIAUCSL,2020-01-01,2020-02-13,2021-02-07,258.82
CPIAUCSL,2020-01-01,2021-02-08,2022-02-07,258.687
CPIAUCSL,2020-01-01,2022-02-08,2023-02-09,258.682
CPIAUCSL,2020-01-01,2023-02-10,2024-02-08,259.037
CPIAUCSL,2020-01-01,2024-02-09,2025-02-11,258.906
CPIAUCSL,2020-01-01,2025-02-12,9999-12-31,259.127
CPIAUCSL,2020-02-01,2020-03-11,2021-02-07,259.05
CPIAUCSL,2020-02-01,2021-02-08,2022-02-07,258.824
CPIAUCSL,2020-02-01,2022-02-08,2023-02-09,259.007
CPIAUCSL,2020-02-01,2023-02-10,2024-02-08,259.248
CPIAUCSL,2020-02-01,2024-02-09,2025-02-11,259.246
CPIAUCSL,2020-02-01,2025-02-12,9999-12-31,259.25
CPIAUCSL,2020-03-01,2020-04-10,2021-02-07,257.953
CPIAUCSL,2020-03-01,2021-02-08,2022-02-07,257.989
CPIAUCSL,2020-03-01,2022-02-08,2023-02-09,258.165
CPIAUCSL,2020-03-01,2023-02-10,2024-02-08,258.124
CPIAUCSL,2020-03-01,2024-02-09,2025-02-11,258.15
CPIAUCSL,2020-03-01,2025-02-12,9999-12-31,258.076
CPIAUCSL,2020-04-01,2020-05-12,2021-02-07,255.902
CPIAUCSL,2020-04-01,2021-02-08,2022-02-07,256.192
CPIAUCSL,2020-04-01,2022-02-08,2023-02-09,256.094
CPIAUCSL,2020-04-01,2023-02-10,2024-02-08,256.092
CPIAUCSL,2020-04-01,2024-02-09,2025-02-11,256.126
CPIAUCSL,2020-04-01,2025-02-12,9999-12-31,256.032
CPIAUCSL,2020-05-01,2020-06-10,2021-02-07,255.768
CPIAUCSL,2020-05-01,2021-02-08,2022-02-07,255.942
CPIAUCSL,2020-05-01,2022-02-08,2023-02-09,255.944
CPIAUCSL,2020-05-01,2023-02-10,2024-02-08,255.868
CPIAUCSL,2020-05-01,2024-02-09,2025-02-11,255.848
CPIAUCSL,2020-05-01,2025-02-12,9999-12-31,255.802
CPIAUCSL,2020-06-01,2020-07-14,2021-02-07,257.214
CPIAUCSL,2020-06-01,2021-02-08,2022-02-07,257.282
CPIAUCSL,2020-06-01,2022-02-08,2023-02-09,257.217
CPIAUCSL,2020-06-01,2023-02-10,2024-02-08,256.986
CPIAUCSL,2020-06-01,2024-02-09,2025-02-11,257.004
CPIAUCSL,2020-06-01,2025-02-12,9999-12-31,257.042
CPIAUCSL,2020-07-01,2020-08-12,2021-02-07,258.723
CPIAUCSL,2020-07-01,2021-02-08,2022-02-07,258.604
CPIAUCSL,2020-07-01,2022-02-08,2023-02-09,258.543
CPIAUCSL,2020-07-01,2023-02-10,2024-02-08,258.278
CPIAUCSL,2020-07-01,2024-02-09,2025-02-11,258.408
CPIAUCSL,2020-07-01,2025-02-12,9999-12-31,258.352
CPIAUCSL,2020-08-01,2020-09-11,2021-02-07,259.681
CPIAUCSL,2020-08-01,2021-02-08,2022-02-07,259.511
CPIAUCSL,2020-08-01,2022-02-08,2023-02-09,259.58
CPIAUCSL,2020-08-01,2023-02-10,2024-02-08,259.411
CPIAUCSL,2020-08-01,2024-02-09,2025-02-11,259.366
CPIAUCSL,2020-08-01,2025-02-12,9999-12-31,259.316
CPIAUCSL,2020-09-01,2020-10-13,2021-02-07,260.209
CPIAUCSL,2020-09-01,2021-02-08,2022-02-07,260.149
CPIAUCSL,2020-09-01,2022-02-08,2023-02-09,260.19
CPIAUCSL,2020-09-01,2023-02-10,2024-02-08,260.029
CPIAUCSL,2020-09-01,2024-02-09,2025-02-11,259.951
CPIAUCSL,2020-09-01,2025-02-12,9999-12-31,259.997
CPIAUCSL,2020-10-01,2020-11-12,2021-02-07,260.325
CPIAUCSL,2020-10-01,2021-02-08,2022-02-07,260.462
CPIAUCSL,2020-10-01,2022-02-08,2023-02-09,260.352
CPIAUCSL,2020-10-01,2023-02-10,2024-02-08,260.286
CPIAUCSL,2020-10-01,2024-02-09,2025-02-11,260.249
CPIAUCSL,2020-10-01,2025-02-12,9999-12-31,260.319
CPIAUCSL,2020-11-01,2020-12-10,2021-02-07,260.817
CPIAUCSL,2020-11-01,2021-02-08,2022-02-07,260.927
CPIAUCSL,2020-11-01,2022-02-08,2023-02-09,260.721
CPIAUCSL,2020-11-01,2023-02-10,2024-02-08,260.813
CPIAUCSL,2020-11-01,2024-02-09,2025-02-11,260.895
CPIAUCSL,2020-11-01,2025-02-12,9999-12-31,260.911
CPIAUCSL,2020-12-01,2021-01-13,2021-02-07,261.775
CPIAUCSL,2020-12-01,2021-02-08,2022-02-07,261.56
CPIAUCSL,2020-12-01,2022-02-08,2023-02-09,261.564
CPIAUCSL,2020-12-01,2023-02-10,2024-02-08,262.035
CPIAUCSL,2020-12-01,2024-02-09,2025-02-11,262.005
CPIAUCSL,2020-12-01,2025-02-12,9999-12-31,262.045
CPIAUCSL,2021-01-01,2021-02-10,2022-02-07,262.231
CPIAUCSL,2021-01-01,2022-02-08,2023-02-09,262.2
CPIAUCSL,2021-01-01,2023-02-10,2024-02-08,262.65
CPIAUCSL,2021-01-01,2024-02-09,2025-02-11,262.518
CPIAUCSL,2021-01-01,2025-02-12,2026-02-12,262.639
CPIAUCSL,2021-01-01,2026-02-13,9999-12-31,262.687
CPIAUCSL,2021-02-01,2021-03-10,2022-02-07,263.161
CPIAUCSL,2021-02-01,2022-02-08,2023-02-09,263.346
CPIAUCSL,2021-02-01,2023-02-10,2024-02-08,263.638
CPIAUCSL,2021-02-01,2024-02-09,2025-02-11,263.583
CPIAUCSL,2021-02-01,2025-02-12,2026-02-12,263.573
CPIAUCSL,2021-02-01,2026-02-13,9999-12-31,263.579
CPIAUCSL,2021-03-01,2021-04-13,2022-02-07,264.793
CPIAUCSL,2021-03-01,2022-02-08,2023-02-09,265.028
CPIAUCSL,2021-03-01,2023-02-10,2024-02-08,264.914
CPIAUCSL,2021-03-01,2024-02-09,2025-02-11,264.91
CPIAUCSL,2021-03-01,2025-02-12,2026-02-12,264.847
CPIAUCSL,2021-03-01,2026-02-13,9999-12-31,264.961
CPIAUCSL,2021-04-01,2021-05-12,2022-02-07,266.832
CPIAUCSL,2021-04-01,2022-02-08,2023-02-09,266.727
CPIAUCSL,2021-04-01,2023-02-10,2024-02-08,266.67
CPIAUCSL,2021-04-01,2024-02-09,2025-02-11,266.752
CPIAUCSL,2021-04-01,2025-02-12,2026-02-12,266.625
CPIAUCSL,2021-04-01,2026-02-13,9999-12-31,266.614
CPIAUCSL,2021-05-01,2021-06-10,2022-02-07,268.551
CPIAUCSL,2021-05-01,2022-02-08,2023-02-09,268.599
CPIAUCSL,2021-05-01,2023-02-10,2024-02-08,268.444
CPIAUCSL,2021-05-01,2024-02-09,2025-02-11,268.452
CPIAUCSL,2021-05-01,2025-02-12,2026-02-12,268.404
CPIAUCSL,2021-05-01,2026-02-13,9999-12-31,268.383
CPIAUCSL,2021-06-01,2021-07-13,2022-02-07,270.981
CPIAUCSL,2021-06-01,2022-02-08,2023-02-09,270.955
CPIAUCSL,2021-06-01,2023-02-10,2024-02-08,270.559
CPIAUCSL,2021-06-01,2024-02-09,2025-02-11,270.664
CPIAUCSL,2021-06-01,2025-02-12,2026-02-12,270.71
CPIAUCSL,2021-06-01,2026-02-13,9999-12-31,270.654
CPIAUCSL,2021-07-01,2021-08-11,2022-02-07,272.265
CPIAUCSL,2021-07-01,2022-02-08,2023-02-09,272.184
CPIAUCSL,2021-07-01,2023-02-10,2024-02-08,271.764
CPIAUCSL,2021-07-01,2024-02-09,2025-02-11,271.994
CPIAUCSL,2021-07-01,2025-02-12,2026-02-12,271.965
CPIAUCSL,2021-07-01,2026-02-13,9999-12-31,271.903
CPIAUCSL,2021-08-01,2021-09-14,2022-02-07,273.012
CPIAUCSL,2021-08-01,2022-02-08,2023-02-09,273.092
CPIAUCSL,2021-08-01,2023-02-10,2024-02-08,272.87
CPIAUCSL,2021-08-01,2024-02-09,2025-02-11,272.789
CPIAUCSL,2021-08-01,2025-02-12,2026-02-12,272.752
CPIAUCSL,2021-08-01,2026-02-13,9999-12-31,272.676
CPIAUCSL,2021-09-01,2021-10-13,2022-02-07,274.138
CPIAUCSL,2021-09-01,2022-02-08,2023-02-09,274.214
CPIAUCSL,2021-09-01,2023-02-10,2024-02-08,274.028
CPIAUCSL,2021-09-01,2024-02-09,2025-02-11,273.887
CPIAUCSL,2021-09-01,2025-02-12,2026-02-12,273.942
CPIAUCSL,2021-09-01,2026-02-13,9999-12-31,273.91
CPIAUCSL,2021-10-01,2021-11-10,2022-02-07,276.724
CPIAUCSL,2021-10-01,2022-02-08,2023-02-09,276.59
CPIAUCSL,2021-10-01,2023-02-10,2024-02-08,276.522
CPIAUCSL,2021-10-01,2024-02-09,2025-02-11,276.434
CPIAUCSL,2021-10-01,2025-02-12,2026-02-12,276.528
CPIAUCSL,2021-10-01,2026-02-13,9999-12-31,276.55
CPIAUCSL,2021-11-01,2021-12-10,2022-02-07,278.88
CPIAUCSL,2021-11-01,2022-02-08,2023-02-09,278.524
CPIAUCSL,2021-11-01,2023-02-10,2024-02-08,278.711
CPIAUCSL,2021-11-01,2024-02-09,2025-02-11,278.799
CPIAUCSL,2021-11-01,2025-02-12,2026-02-12,278.824
CPIAUCSL,2021-11-01,2026-02-13,9999-12-31,278.919
CPIAUCSL,2021-12-01,2022-01-12,2022-02-07,280.192
CPIAUCSL,2021-12-01,2022-02-08,2023-02-09,280.126
CPIAUCSL,2021-12-01,2023-02-10,2024-02-08,280.887
CPIAUCSL,2021-12-01,2024-02-09,2025-02-11,280.808
CPIAUCSL,2021-12-01,2025-02-12,2026-02-12,280.806
CPIAUCSL,2021-12-01,2026-02-13,9999-12-31,280.845
CPIAUCSL,2022-01-01,2022-02-10,2023-02-09,281.933
CPIAUCSL,2022-01-01,2023-02-10,2024-02-08,282.599
CPIAUCSL,2022-01-01,2024-02-09,2025-02-11,282.39
CPIAUCSL,2022-01-01,2025-02-12,2026-02-12,282.542
CPIAUCSL,2022-01-01,2026-02-13,9999-12-31,282.543
CPIAUCSL,2022-02-01,2022-03-10,2023-02-09,284.182
CPIAUCSL,2022-02-01,2023-02-10,2024-02-08,284.61
CPIAUCSL,2022-02-01,2024-02-09,2025-02-11,284.535
CPIAUCSL,2022-02-01,2025-02-12,2026-02-12,284.525
CPIAUCSL,2022-02-01,2026-02-13,9999-12-31,284.5
CPIAUCSL,2022-03-01,2022-04-12,2023-02-09,287.708
CPIAUCSL,2022-03-01,2023-02-10,2024-02-08,287.472
CPIAUCSL,2022-03-01,2024-02-09,2025-02-11,287.553
CPIAUCSL,2022-03-01,2025-02-12,2026-02-12,287.467
CPIAUCSL,2022-03-01,2026-02-13,9999-12-31,287.674
CPIAUCSL,2022-04-01,2022-05-11,2023-02-09,288.663
CPIAUCSL,2022-04-01,2023-02-10,2024-02-08,288.611
CPIAUCSL,2022-04-01,2024-02-09,2025-02-11,288.764
CPIAUCSL,2022-04-01,2025-02-12,2026-02-12,288.582
CPIAUCSL,2022-04-01,2026-02-13,9999-12-31,288.561
CPIAUCSL,2022-05-01,2022-06-10,2023-02-09,291.474
CPIAUCSL,2022-05-01,2023-02-10,2024-02-08,291.268
CPIAUCSL,2022-05-01,2024-02-09,2025-02-11,291.359
CPIAUCSL,2022-05-01,2025-02-12,2026-02-12,291.299
CPIAUCSL,2022-05-01,2026-02-13,9999-12-31,291.298
CPIAUCSL,2022-06-01,2022-07-13,2023-02-09,295.328
CPIAUCSL,2022-06-01,2023-02-10,2024-02-08,294.728
CPIAUCSL,2022-06-01,2024-02-09,2025-02-11,294.996
CPIAUCSL,2022-06-01,2025-02-12,2026-02-12,295.072
CPIAUCSL,2022-06-01,2026-02-13,9999-12-31,294.957
CPIAUCSL,2022-07-01,2022-08-10,2023-02-09,295.271
CPIAUCSL,2022-07-01,2023-02-10,2024-02-08,294.628
CPIAUCSL,2022-07-01,2024-02-09,2025-02-11,294.977
CPIAUCSL,2022-07-01,2025-02-12,2026-02-12,294.94
CPIAUCSL,2022-07-01,2026-02-13,9999-12-31,294.913
CPIAUCSL,2022-08-01,2022-09-13,2023-02-09,295.62
CPIAUCSL,2022-08-01,2023-02-10,2024-02-08,295.32
CPIAUCSL,2022-08-01,2024-02-09,2025-02-11,295.209
CPIAUCSL,2022-08-01,2025-02-12,2026-02-12,295.162
CPIAUCSL,2022-08-01,2026-02-13,9999-12-31,295.097
CPIAUCSL,2022-09-01,2022-10-13,2023-02-09,296.761
CPIAUCSL,2022-09-01,2023-02-10,2024-02-08,296.539
CPIAUCSL,2022-09-01,2024-02-09,2025-02-11,296.341
CPIAUCSL,2022-09-01,2025-02-12,2026-02-12,296.421
CPIAUCSL,2022-09-01,2026-02-13,9999-12-31,296.349
CPIAUCSL,2022-10-01,2022-11-10,2023-02-09,298.062
CPIAUCSL,2022-10-01,2023-02-10,2024-02-08,297.987
CPIAUCSL,2022-10-01,2024-02-09,2025-02-11,297.863
CPIAUCSL,2022-10-01,2025-02-12,2026-02-12,297.979
CPIAUCSL,2022-10-01,2026-02-13,9999-12-31,298.007
CPIAUCSL,2022-11-01,2022-12-13,2023-02-09,298.349
CPIAUCSL,2022-11-01,2023-02-10,2024-02-08,298.598
CPIAUCSL,2022-11-01,2024-02-09,2025-02-11,298.648
CPIAUCSL,2022-11-01,2025-02-12,2026-02-12,298.708
CPIAUCSL,2022-11-01,2026-02-13,9999-12-31,298.786
CPIAUCSL,2022-12-01,2023-01-12,2023-02-09,298.112
CPIAUCSL,2022-12-01,2023-02-10,2024-02-08,298.99
CPIAUCSL,2022-12-01,2024-02-09,2025-02-11,298.812
CPIAUCSL,2022-12-01,2025-02-12,2026-02-12,298.808
CPIAUCSL,2022-12-01,2026-02-13,9999-12-31,298.832
CPIAUCSL,2023-01-01,2023-02-14,2024-02-08,300.536
CPIAUCSL,2023-01-01,2024-02-09,2025-02-11,300.356
CPIAUCSL,2023-01-01,2025-02-12,2026-02-12,300.456
CPIAUCSL,2023-01-01,2026-02-13,9999-12-31,300.42
CPIAUCSL,2023-02-01,2023-03-14,2024-02-08,301.648
CPIAUCSL,2023-02-01,2024-02-09,2025-02-11,301.509
CPIAUCSL,2023-02-01,2025-02-12,2026-02-12,301.476
CPIAUCSL,2023-02-01,2026-02-13,9999-12-31,301.45
CPIAUCSL,2023-03-01,2023-04-12,2024-02-08,301.808
CPIAUCSL,2023-03-01,2024-02-09,2025-02-11,301.744
CPIAUCSL,2023-03-01,2025-02-12,2026-02-12,301.643
CPIAUCSL,2023-03-01,2026-02-13,9999-12-31,301.821
CPIAUCSL,2023-04-01,2023-05-10,2024-02-08,302.918
CPIAUCSL,2023-04-01,2024-02-09,2025-02-11,303.032
CPIAUCSL,2023-04-01,2025-02-12,2026-02-12,302.858
CPIAUCSL,2023-04-01,2026-02-13,9999-12-31,302.845
CPIAUCSL,2023-05-01,2023-06-13,2024-02-08,303.294
CPIAUCSL,2023-05-01,2024-02-09,2025-02-11,303.365
CPIAUCSL,2023-05-01,2025-02-12,2026-02-12,303.316
CPIAUCSL,2023-05-01,2026-02-13,9999-12-31,303.334
CPIAUCSL,2023-06-01,2023-07-12,2024-02-08,303.841
CPIAUCSL,2023-06-01,2024-02-09,2025-02-11,304.003
CPIAUCSL,2023-06-01,2025-02-12,2026-02-12,304.099
CPIAUCSL,2023-06-01,2026-02-13,9999-12-31,304.014
CPIAUCSL,2023-07-01,2023-08-10,2024-02-08,304.348
CPIAUCSL,2023-07-01,2024-02-09,2025-02-11,304.628
CPIAUCSL,2023-07-01,2025-02-12,2026-02-12,304.615
CPIAUCSL,2023-07-01,2026-02-13,9999-12-31,304.609
CPIAUCSL,2023-08-01,2023-09-13,2024-02-08,306.269
CPIAUCSL,2023-08-01,2024-02-09,2025-02-11,306.187
CPIAUCSL,2023-08-01,2025-02-12,2026-02-12,306.138
CPIAUCSL,2023-08-01,2026-02-13,9999-12-31,306.082
CPIAUCSL,2023-09-01,2023-10-12,2024-02-08,307.481
CPIAUCSL,2023-09-01,2024-02-09,2025-02-11,307.288
CPIAUCSL,2023-09-01,2025-02-12,2026-02-12,307.374
CPIAUCSL,2023-09-01,2026-02-13,9999-12-31,307.276
CPIAUCSL,2023-10-01,2023-11-14,2024-02-08,307.619
CPIAUCSL,2023-10-01,2024-02-09,2025-02-11,307.531
CPIAUCSL,2023-10-01,2025-02-12,2026-02-12,307.653
CPIAUCSL,2023-10-01,2026-02-13,9999-12-31,307.696
CPIAUCSL,2023-11-01,2023-12-12,2024-02-08,307.917
CPIAUCSL,2023-11-01,2024-02-09,2025-02-11,308.024
CPIAUCSL,2023-11-01,2025-02-12,2026-02-12,308.087
CPIAUCSL,2023-11-01,2026-02-13,9999-12-31,308.148
CPIAUCSL,2023-12-01,2024-01-11,2024-02-08,308.85
CPIAUCSL,2023-12-01,2024-02-09,2025-02-11,308.742
CPIAUCSL,2023-12-01,2025-02-12,2026-02-12,308.735
CPIAUCSL,2023-12-01,2026-02-13,9999-12-31,308.741
CPIAUCSL,2024-01-01,2024-02-13,2025-02-11,309.685
CPIAUCSL,2024-01-01,2025-02-12,2026-02-12,309.794
CPIAUCSL,2024-01-01,2026-02-13,9999-12-31,309.698
CPIAUCSL,2024-02-01,2024-03-12,2025-02-11,311.054
CPIAUCSL,2024-02-01,2025-02-12,2026-02-12,311.022
CPIAUCSL,2024-02-01,2026-02-13,9999-12-31,310.967
CPIAUCSL,2024-03-01,2024-04-10,2025-02-11,312.23
CPIAUCSL,2024-03-01,2025-02-12,2026-02-12,312.107
CPIAUCSL,2024-03-01,2026-02-13,9999-12-31,312.345
CPIAUCSL,2024-04-01,2024-05-15,2025-02-11,313.207
CPIAUCSL,2024-04-01,2025-02-12,2026-02-12,313.016
CPIAUCSL,2024-04-01,2026-02-13,9999-12-31,313.023
CPIAUCSL,2024-05-01,2024-06-12,2025-02-11,313.225
CPIAUCSL,2024-05-01,2025-02-12,2026-02-12,313.14
CPIAUCSL,2024-05-01,2026-02-13,9999-12-31,313.175
CPIAUCSL,2024-06-01,2024-07-11,2025-02-11,313.049
CPIAUCSL,2024-06-01,2025-02-12,2026-02-12,313.131
CPIAUCSL,2024-06-01,2026-02-13,9999-12-31,313.044
CPIAUCSL,2024-07-01,2024-08-14,2025-02-11,313.534
CPIAUCSL,2024-07-01,2025-02-12,2026-02-12,313.566
CPIAUCSL,2024-07-01,2026-02-13,9999-12-31,313.569
CPIAUCSL,2024-08-01,2024-09-11,2025-02-11,314.121
CPIAUCSL,2024-08-01,2025-02-12,2026-02-12,314.131
CPIAUCSL,2024-08-01,2026-02-13,9999-12-31,314.062
CPIAUCSL,2024-09-01,2024-10-10,2025-02-11,314.686
CPIAUCSL,2024-09-01,2025-02-12,2026-02-12,314.851
CPIAUCSL,2024-09-01,2026-02-13,9999-12-31,314.732
CPIAUCSL,2024-10-01,2024-11-13,2025-02-11,315.454
CPIAUCSL,2024-10-01,2025-02-12,2026-02-12,315.564
CPIAUCSL,2024-10-01,2026-02-13,9999-12-31,315.631
CPIAUCSL,2024-11-01,2024-12-11,2025-02-11,316.441
CPIAUCSL,2024-11-01,2025-02-12,2026-02-12,316.449
CPIAUCSL,2024-11-01,2026-02-13,9999-12-31,316.528
CPIAUCSL,2024-12-01,2025-01-15,2025-02-11,317.685
CPIAUCSL,2024-12-01,2025-02-12,2026-02-12,317.603
CPIAUCSL,2024-12-01,2026-02-13,9999-12-31,317.604
CPIAUCSL,2025-01-01,2025-02-12,2026-02-12,319.086
CPIAUCSL,2025-01-01,2026-02-13,9999-12-31,318.961
CPIAUCSL,2025-02-01,2025-03-12,2026-02-12,319.775
CPIAUCSL,2025-02-01,2026-02-13,9999-12-31,319.679
CPIAUCSL,2025-03-01,2025-04-10,2026-02-12,319.615
CPIAUCSL,2025-03-01,2026-02-13,9999-12-31,319.785
CPIAUCSL,2025-04-01,2025-05-13,2026-02-12,320.321
CPIAUCSL,2025-04-01,2026-02-13,9999-12-31,320.302
CPIAUCSL,2025-05-01,2025-06-11,2026-02-12,320.58
CPIAUCSL,2025-05-01,2026-02-13,9999-12-31,320.62
CPIAUCSL,2025-06-01,2025-07-15,2026-02-12,321.5
CPIAUCSL,2025-06-01,2026-02-13,9999-12-31,321.435
CPIAUCSL,2025-07-01,2025-08-12,2026-02-12,322.132
CPIAUCSL,2025-07-01,2026-02-13,9999-12-31,322.169
CPIAUCSL,2025-08-01,2025-09-11,2026-02-12,323.364
CPIAUCSL,2025-08-01,2026-02-13,9999-12-31,323.291
CPIAUCSL,2025-09-01,2025-10-24,2026-02-12,324.368
CPIAUCSL,2025-09-01,2026-02-13,9999-12-31,324.245
CPIAUCSL,2025-11-01,2025-12-18,2026-02-12,325.031
CPIAUCSL,2025-11-01,2026-02-13,9999-12-31,325.063
CPIAUCSL,2025-12-01,2026-01-13,2026-02-12,326.03
CPIAUCSL,2025-12-01,2026-02-13,9999-12-31,326.031
CPIAUCSL,2026-01-01,2026-02-13,9999-12-31,326.588
CPIAUCSL,2026-02-01,2026-03-11,9999-12-31,327.46
CPIAUCSL,2026-03-01,2026-04-10,9999-12-31,330.293
CPIAUCSL,2026-04-01,2026-05-12,9999-12-31,332.407
CPIAUCSL,2026-05-01,2026-06-10,9999-12-31,333.979
CPIAUCSL,2026-06-01,2026-07-14,9999-12-31,332.568
CPIAUCSL,2026-07-01,2026-08-12,9999-12-31,332.813
