SeriesID,ObservationDate,RealtimeStart,RealtimeEnd,Value
GDPC1,1947-01-01,1992-12-22,1996-01-18,1239.5
GDPC1,1947-01-01,1997-05-07,1999-10-27,1402.5
GDPC1,1947-01-01,2000-04-27,2003-12-09,1481.7
GDPC1,1947-01-01,2003-12-10,2009-07-30,1570.5
GDPC1,1947-01-01,2009-07-31,2011-07-28,1772.2
GDPC1,1947-01-01,2011-07-29,2013-07-30,1770.7
GDPC1,1947-01-01,2013-07-31,2014-07-29,1932.6
GDPC1,1947-01-01,2014-07-30,2017-10-26,1934.5
GDPC1,1947-01-01,2017-10-27,2018-07-26,1934.471
GDPC1,1947-01-01,2018-07-27,2021-07-28,2033.061
GDPC1,1947-01-01,2021-07-29,2023-09-27,2034.45
GDPC1,1947-01-01,2023-09-28,9999-12-31,2182.681
GDPC1,1947-04-01,1992-12-22,1996-01-18,1247.2
GDPC1,1947-04-01,1997-05-07,1999-10-27,1424.6
GDPC1,1947-04-01,2000-04-27,2003-12-09,1489.4
GDPC1,1947-04-01,2003-12-10,2009-07-30,1568.7
GDPC1,1947-04-01,2009-07-31,2011-07-28,1769.5
GDPC1,1947-04-01,2011-07-29,2013-07-30,1768
GDPC1,1947-04-01,2013-07-31,2014-07-29,1930.4
GDPC1,1947-04-01,2014-07-30,2017-10-26,1932.3
GDPC1,1947-04-01,2017-10-27,2018-07-26,1932.281
GDPC1,1947-04-01,2018-07-27,2021-07-28,2027.639
GDPC1,1947-04-01,2021-07-29,2023-09-27,2029.024
GDPC1,1947-04-01,2023-09-28,9999-12-31,2176.892
GDPC1,1947-07-01,1992-12-22,1996-01-18,1255
GDPC1,1947-07-01,1997-05-07,1999-10-27,1437.5
GDPC1,1947-07-01,2000-04-27,2003-12-09,1493.1
GDPC1,1947-07-01,2003-12-10,2009-07-30,1568
GDPC1,1947-07-01,2009-07-31,2011-07-28,1768
GDPC1,1947-07-01,2011-07-29,2013-07-30,1766.5
GDPC1,1947-07-01,2013-07-31,2014-07-29,1928.4
GDPC1,1947-07-01,2014-07-30,2017-10-26,1930.3
GDPC1,1947-07-01,2017-10-27,2018-07-26,1930.315
GDPC1,1947-07-01,2018-07-27,2021-07-28,2023.452
GDPC1,1947-07-01,2021-07-29,2023-09-27,2024.834
GDPC1,1947-07-01,2023-09-28,9999-12-31,2172.432
GDPC1,1947-10-01,1992-12-22,1996-01-18,1269.5
GDPC1,1947-10-01,1997-05-07,1999-10-27,1458.1
GDPC1,1947-10-01,2000-04-27,2003-12-09,1516.4
GDPC1,1947-10-01,2003-12-10,2009-07-30,1590.9
GDPC1,1947-10-01,2009-07-31,2011-07-28,1794.8
GDPC1,1947-10-01,2011-07-29,2013-07-30,1793.3
GDPC1,1947-10-01,2013-07-31,2014-07-29,1958.8
GDPC1,1947-10-01,2014-07-30,2017-10-26,1960.7
GDPC1,1947-10-01,2017-10-27,2018-07-26,1960.705
GDPC1,1947-10-01,2018-07-27,2021-07-28,2055.103
GDPC1,1947-10-01,2021-07-29,2023-09-27,2056.508
GDPC1,1947-10-01,2023-09-28,9999-12-31,2206.452
GDPC1,1948-01-01,1992-12-22,1996-01-18,1284
GDPC1,1948-01-01,1997-05-07,1999-10-27,1474.3
GDPC1,1948-01-01,2000-04-27,2003-12-09,1537.9
GDPC1,1948-01-01,2003-12-10,2009-07-30,1616.1
GDPC1,1948-01-01,2009-07-31,2011-07-28,1823.4
GDPC1,1948-01-01,2011-07-29,2013-07-30,1821.8
GDPC1,1948-01-01,2013-07-31,2014-07-29,1987.6
GDPC1,1948-01-01,2014-07-30,2017-10-26,1989.5
GDPC1,1948-01-01,2017-10-27,2018-07-26,1989.535
GDPC1,1948-01-01,2018-07-27,2021-07-28,2086.017
GDPC1,1948-01-01,2021-07-29,2023-09-27,2087.442
GDPC1,1948-01-01,2023-09-28,9999-12-31,2239.682
GDPC1,1948-04-01,1992-12-22,1996-01-18,1295.7
GDPC1,1948-04-01,1997-05-07,1999-10-27,1493.9
GDPC1,1948-04-01,2000-04-27,2003-12-09,1562
GDPC1,1948-04-01,2003-12-10,2009-07-30,1644.6
GDPC1,1948-04-01,2009-07-31,2011-07-28,1856.9
GDPC1,1948-04-01,2011-07-29,2013-07-30,1855.3
GDPC1,1948-04-01,2013-07-31,2014-07-29,2019.9
GDPC1,1948-04-01,2014-07-30,2017-10-26,2021.9
GDPC1,1948-04-01,2017-10-27,2018-07-26,2021.851
GDPC1,1948-04-01,2018-07-27,2021-07-28,2120.45
GDPC1,1948-04-01,2021-07-29,2023-09-27,2121.899
GDPC1,1948-04-01,2023-09-28,9999-12-31,2276.69
GDPC1,1948-07-01,1992-12-22,1996-01-18,1303.8
GDPC1,1948-07-01,1997-05-07,1999-10-27,1497
GDPC1,1948-07-01,2000-04-27,2003-12-09,1568.4
GDPC1,1948-07-01,2003-12-10,2009-07-30,1654.1
GDPC1,1948-07-01,2009-07-31,2011-07-28,1866.9
GDPC1,1948-07-01,2011-07-29,2013-07-30,1865.3
GDPC1,1948-07-01,2013-07-31,2014-07-29,2031.2
GDPC1,1948-07-01,2014-07-30,2017-10-26,2033.2
GDPC1,1948-07-01,2017-10-27,2018-07-26,2033.155
GDPC1,1948-07-01,2018-07-27,2021-07-28,2132.598
GDPC1,1948-07-01,2021-07-29,2023-09-27,2134.056
GDPC1,1948-07-01,2023-09-28,9999-12-31,2289.77
GDPC1,1948-10-01,1992-12-22,1996-01-18,1316.4
GDPC1,1948-10-01,1997-05-07,1999-10-27,1498.9
GDPC1,1948-10-01,2000-04-27,2003-12-09,1571.4
GDPC1,1948-10-01,2003-12-10,2009-07-30,1658
GDPC1,1948-10-01,2009-07-31,2011-07-28,1869.8
GDPC1,1948-10-01,2011-07-29,2013-07-30,1868.2
GDPC1,1948-10-01,2013-07-31,2014-07-29,2033.3
GDPC1,1948-10-01,2014-07-30,2017-10-26,2035.3
GDPC1,1948-10-01,2017-10-27,2018-07-26,2035.329
GDPC1,1948-10-01,2018-07-27,2021-07-28,2134.981
GDPC1,1948-10-01,2021-07-29,2023-09-27,2136.44
GDPC1,1948-10-01,2023-09-28,9999-12-31,2292.364
GDPC1,1949-01-01,1992-12-22,1996-01-18,1305.3
GDPC1,1949-01-01,1997-05-07,1999-10-27,1480.1
GDPC1,1949-01-01,2000-04-27,2003-12-09,1549.4
GDPC1,1949-01-01,2003-12-10,2009-07-30,1633.2
GDPC1,1949-01-01,2009-07-31,2011-07-28,1843.8
GDPC1,1949-01-01,2011-07-29,2013-07-30,1842.2
GDPC1,1949-01-01,2013-07-31,2014-07-29,2005.6
GDPC1,1949-01-01,2014-07-30,2017-10-26,2007.5
GDPC1,1949-01-01,2017-10-27,2018-07-26,2007.522
GDPC1,1949-01-01,2018-07-27,2021-07-28,2105.562
GDPC1,1949-01-01,2021-07-29,2023-09-27,2107.001
GDPC1,1949-01-01,2023-09-28,9999-12-31,2260.807
GDPC1,1949-04-01,1992-12-22,1996-01-18,1302
GDPC1,1949-04-01,1997-05-07,1999-10-27,1474.1
GDPC1,1949-04-01,2000-04-27,2003-12-09,1545.1
GDPC1,1949-04-01,2003-12-10,2009-07-30,1628.4
GDPC1,1949-04-01,2009-07-31,2011-07-28,1837.1
GDPC1,1949-04-01,2011-07-29,2013-07-30,1835.5
GDPC1,1949-04-01,2013-07-31,2014-07-29,1998.8
GDPC1,1949-04-01,2014-07-30,2017-10-26,2000.8
GDPC1,1949-04-01,2017-10-27,2018-07-26,2000.788
GDPC1,1949-04-01,2018-07-27,2021-07-28,2098.38
GDPC1,1949-04-01,2021-07-29,2023-09-27,2099.814
GDPC1,1949-04-01,2023-09-28,9999-12-31,2253.128
GDPC1,1949-07-01,1992-12-22,1996-01-18,1312.6
GDPC1,1949-07-01,1997-05-07,1999-10-27,1490.7
GDPC1,1949-07-01,2000-04-27,2003-12-09,1562.6
GDPC1,1949-07-01,2003-12-10,2009-07-30,1646.7
GDPC1,1949-07-01,2009-07-31,2011-07-28,1857.7
GDPC1,1949-07-01,2011-07-29,2013-07-30,1856.1
GDPC1,1949-07-01,2013-07-31,2014-07-29,2020.8
GDPC1,1949-07-01,2014-07-30,2017-10-26,2022.8
GDPC1,1949-07-01,2017-10-27,2018-07-26,2022.798
GDPC1,1949-07-01,2018-07-27,2021-07-28,2120.044
GDPC1,1949-07-01,2021-07-29,2023-09-27,2121.493
GDPC1,1949-07-01,2023-09-28,9999-12-31,2276.424
GDPC1,1949-10-01,1992-12-22,1996-01-18,1301.9
GDPC1,1949-10-01,1997-05-07,1999-10-27,1474.5
GDPC1,1949-10-01,2000-04-27,2003-12-09,1546.5
GDPC1,1949-10-01,2003-12-10,2009-07-30,1629.9
GDPC1,1949-10-01,2009-07-31,2011-07-28,1840.3
GDPC1,1949-10-01,2011-07-29,2013-07-30,1838.7
GDPC1,1949-10-01,2013-07-31,2014-07-29,2002.7
GDPC1,1949-10-01,2014-07-30,2017-10-26,2004.7
GDPC1,1949-10-01,2017-10-27,2018-07-26,2004.653
GDPC1,1949-10-01,2018-07-27,2021-07-28,2102.251
GDPC1,1949-10-01,2021-07-29,2023-09-27,2103.688
GDPC1,1949-10-01,2023-09-28,9999-12-31,2257.352
GDPC1,1950-01-01,1992-12-22,1996-01-18,1350.9
GDPC1,1950-01-01,1997-05-07,1999-10-27,1538.2
GDPC1,1950-01-01,2000-04-27,2003-12-09,1610.5
GDPC1,1950-01-01,2003-12-10,2009-07-30,1696.8
GDPC1,1950-01-01,2009-07-31,2011-07-28,1914.6
GDPC1,1950-01-01,2011-07-29,2013-07-30,1913
GDPC1,1950-01-01,2013-07-31,2014-07-29,2082.5
GDPC1,1950-01-01,2014-07-30,2017-10-26,2084.6
GDPC1,1950-01-01,2017-10-27,2018-07-26,2084.559
GDPC1,1950-01-01,2018-07-27,2021-07-28,2184.872
GDPC1,1950-01-01,2021-07-29,2023-09-27,2186.365
GDPC1,1950-01-01,2023-09-28,9999-12-31,2346.104
GDPC1,1950-04-01,1992-12-22,1996-01-18,1393.5
GDPC1,1950-04-01,1997-05-07,1999-10-27,1584.5
GDPC1,1950-04-01,2000-04-27,2003-12-09,1658.8
GDPC1,1950-04-01,2003-12-10,2009-07-30,1747.3
GDPC1,1950-04-01,2009-07-31,2011-07-28,1972.9
GDPC1,1950-04-01,2011-07-29,2013-07-30,1971.2
GDPC1,1950-04-01,2013-07-31,2014-07-29,2145.5
GDPC1,1950-04-01,2014-07-30,2017-10-26,2147.6
GDPC1,1950-04-01,2017-10-27,2018-07-26,2147.592
GDPC1,1950-04-01,2018-07-27,2021-07-28,2251.507
GDPC1,1950-04-01,2021-07-29,2023-09-27,2253.045
GDPC1,1950-04-01,2023-09-28,9999-12-31,2417.682
GDPC1,1950-07-01,1992-12-22,1996-01-18,1445.2
GDPC1,1950-07-01,1997-05-07,1999-10-27,1644.1
GDPC1,1950-07-01,2000-04-27,2003-12-09,1723
GDPC1,1950-07-01,2003-12-10,2009-07-30,1815.8
GDPC1,1950-07-01,2009-07-31,2011-07-28,2050.1
GDPC1,1950-07-01,2011-07-29,2013-07-30,2048.4
GDPC1,1950-07-01,2013-07-31,2014-07-29,2228.2
GDPC1,1950-07-01,2014-07-30,2017-10-26,2230.4
GDPC1,1950-07-01,2017-10-27,2018-07-26,2230.362
GDPC1,1950-07-01,2018-07-27,2021-07-28,2338.514
GDPC1,1950-07-01,2021-07-29,2023-09-27,2340.112
GDPC1,1950-07-01,2023-09-28,9999-12-31,2511.127
GDPC1,1950-10-01,1992-12-22,1996-01-18,1484.5
GDPC1,1950-10-01,1997-05-07,1999-10-27,1678.6
GDPC1,1950-10-01,2000-04-27,2003-12-09,1753.9
GDPC1,1950-10-01,2003-12-10,2009-07-30,1848.9
GDPC1,1950-10-01,2009-07-31,2011-07-28,2086.2
GDPC1,1950-10-01,2011-07-29,2013-07-30,2084.4
GDPC1,1950-10-01,2013-07-31,2014-07-29,2271.2
GDPC1,1950-10-01,2014-07-30,2017-10-26,2273.4
GDPC1,1950-10-01,2017-10-27,2018-07-26,2273.435
GDPC1,1950-10-01,2018-07-27,2021-07-28,2383.291
GDPC1,1950-10-01,2021-07-29,2023-09-27,2384.92
GDPC1,1950-10-01,2023-09-28,9999-12-31,2559.214
GDPC1,1951-01-01,1992-12-22,1996-01-18,1504.1
GDPC1,1951-01-01,1997-05-07,1999-10-27,1693.1
GDPC1,1951-01-01,2000-04-27,2003-12-09,1773.5
GDPC1,1951-01-01,2003-12-10,2009-07-30,1871.3
GDPC1,1951-01-01,2009-07-31,2011-07-28,2112.5
GDPC1,1951-01-01,2011-07-29,2013-07-30,2110.7
GDPC1,1951-01-01,2013-07-31,2014-07-29,2302.3
GDPC1,1951-01-01,2014-07-30,2017-10-26,2304.5
GDPC1,1951-01-01,2017-10-27,2018-07-26,2304.542
GDPC1,1951-01-01,2018-07-27,2021-07-28,2415.66
GDPC1,1951-01-01,2021-07-29,2023-09-27,2417.311
GDPC1,1951-01-01,2023-09-28,9999-12-31,2593.967
GDPC1,1951-04-01,1992-12-22,1996-01-18,1548.3
GDPC1,1951-04-01,1997-05-07,1999-10-27,1724
GDPC1,1951-04-01,2000-04-27,2003-12-09,1803.7
GDPC1,1951-04-01,2003-12-10,2009-07-30,1903.1
GDPC1,1951-04-01,2009-07-31,2011-07-28,2147.6
GDPC1,1951-04-01,2011-07-29,2013-07-30,2145.7
GDPC1,1951-04-01,2013-07-31,2014-07-29,2342.3
GDPC1,1951-04-01,2014-07-30,2017-10-26,2344.5
GDPC1,1951-04-01,2017-10-27,2018-07-26,2344.517
GDPC1,1951-04-01,2018-07-27,2021-07-28,2457.517
GDPC1,1951-04-01,2021-07-29,2023-09-27,2459.196
GDPC1,1951-04-01,2023-09-28,9999-12-31,2638.898
GDPC1,1951-07-01,1992-12-22,1996-01-18,1585.4
GDPC1,1951-07-01,1997-05-07,1999-10-27,1758.2
GDPC1,1951-07-01,2000-04-27,2003-12-09,1839.8
GDPC1,1951-07-01,2003-12-10,2009-07-30,1941.1
GDPC1,1951-07-01,2009-07-31,2011-07-28,2190.4
GDPC1,1951-07-01,2011-07-29,2013-07-30,2188.5
GDPC1,1951-07-01,2013-07-31,2014-07-29,2390.5
GDPC1,1951-07-01,2014-07-30,2017-10-26,2392.8
GDPC1,1951-07-01,2017-10-27,2018-07-26,2392.808
GDPC1,1951-07-01,2018-07-27,2021-07-28,2508.166
GDPC1,1951-07-01,2021-07-29,2023-09-27,2509.88
GDPC1,1951-07-01,2023-09-28,9999-12-31,2693.259
GDPC1,1951-10-01,1992-12-22,1996-01-18,1596
GDPC1,1951-10-01,1997-05-07,1999-10-27,1760.6
GDPC1,1951-10-01,2000-04-27,2003-12-09,1843.3
GDPC1,1951-10-01,2003-12-10,2009-07-30,1944.4
GDPC1,1951-10-01,2009-07-31,2011-07-28,2194.1
GDPC1,1951-10-01,2011-07-29,2013-07-30,2192.2
GDPC1,1951-10-01,2013-07-31,2014-07-29,2395.8
GDPC1,1951-10-01,2014-07-30,2017-10-26,2398.1
GDPC1,1951-10-01,2017-10-27,2018-07-26,2398.105
GDPC1,1951-10-01,2018-07-27,2021-07-28,2513.69
GDPC1,1951-10-01,2021-07-29,2023-09-27,2515.408
GDPC1,1951-10-01,2023-09-28,9999-12-31,2699.156
GDPC1,1952-01-01,1992-12-22,1996-01-18,1607.7
GDPC1,1952-01-01,1997-05-07,1999-10-27,1779.2
GDPC1,1952-01-01,2000-04-27,2003-12-09,1864.7
GDPC1,1952-01-01,2003-12-10,2009-07-30,1964.7
GDPC1,1952-01-01,2009-07-31,2011-07-28,2216.2
GDPC1,1952-01-01,2011-07-29,2013-07-30,2214.3
GDPC1,1952-01-01,2013-07-31,2014-07-29,2421.1
GDPC1,1952-01-01,2014-07-30,2017-10-26,2423.5
GDPC1,1952-01-01,2017-10-27,2018-07-26,2423.457
GDPC1,1952-01-01,2018-07-27,2021-07-28,2540.55
GDPC1,1952-01-01,2021-07-29,2023-09-27,2542.286
GDPC1,1952-01-01,2023-09-28,9999-12-31,2727.954
GDPC1,1952-04-01,1992-12-22,1996-01-18,1612.1
GDPC1,1952-04-01,1997-05-07,1999-10-27,1778.8
GDPC1,1952-04-01,2000-04-27,2003-12-09,1866.2
GDPC1,1952-04-01,2003-12-10,2009-07-30,1966
GDPC1,1952-04-01,2009-07-31,2011-07-28,2218.6
GDPC1,1952-04-01,2011-07-29,2013-07-30,2216.7
GDPC1,1952-04-01,2013-07-31,2014-07-29,2426.2
GDPC1,1952-04-01,2014-07-30,2017-10-26,2428.5
GDPC1,1952-04-01,2017-10-27,2018-07-26,2428.516
GDPC1,1952-04-01,2018-07-27,2021-07-28,2546.022
GDPC1,1952-04-01,2021-07-29,2023-09-27,2547.762
GDPC1,1952-04-01,2023-09-28,9999-12-31,2733.8
GDPC1,1952-07-01,1992-12-22,1996-01-18,1621.9
GDPC1,1952-07-01,1997-05-07,1999-10-27,1790.9
GDPC1,1952-07-01,2000-04-27,2003-12-09,1878
GDPC1,1952-07-01,2003-12-10,2009-07-30,1978.8
GDPC1,1952-07-01,2009-07-31,2011-07-28,2233.5
GDPC1,1952-07-01,2011-07-29,2013-07-30,2231.6
GDPC1,1952-07-01,2013-07-31,2014-07-29,2443.7
GDPC1,1952-07-01,2014-07-30,2017-10-26,2446.1
GDPC1,1952-07-01,2017-10-27,2018-07-26,2446.081
GDPC1,1952-07-01,2018-07-27,2021-07-28,2564.401
GDPC1,1952-07-01,2021-07-29,2023-09-27,2566.153
GDPC1,1952-07-01,2023-09-28,9999-12-31,2753.517
GDPC1,1952-10-01,1992-12-22,1996-01-18,1657.8
GDPC1,1952-10-01,1997-05-07,1999-10-27,1846
GDPC1,1952-10-01,2000-04-27,2003-12-09,1940.2
GDPC1,1952-10-01,2003-12-10,2009-07-30,2043.8
GDPC1,1952-10-01,2009-07-31,2011-07-28,2307.2
GDPC1,1952-10-01,2011-07-29,2013-07-30,2305.3
GDPC1,1952-10-01,2013-07-31,2014-07-29,2523.9
GDPC1,1952-10-01,2014-07-30,2017-10-26,2526.4
GDPC1,1952-10-01,2017-10-27,2018-07-26,2526.359
GDPC1,1952-10-01,2018-07-27,2021-07-28,2648.621
GDPC1,1952-10-01,2021-07-29,2023-09-27,2650.431
GDPC1,1952-10-01,2023-09-28,9999-12-31,2843.941
GDPC1,1953-01-01,1992-12-22,1996-01-18,1687.3
GDPC1,1953-01-01,1997-05-07,1999-10-27,1882.6
GDPC1,1953-01-01,2000-04-27,2003-12-09,1976
GDPC1,1953-01-01,2003-12-10,2009-07-30,2082.3
GDPC1,1953-01-01,2009-07-31,2011-07-28,2350.4
GDPC1,1953-01-01,2011-07-29,2013-07-30,2348.4
GDPC1,1953-01-01,2013-07-31,2014-07-29,2570.9
GDPC1,1953-01-01,2014-07-30,2017-10-26,2573.4
GDPC1,1953-01-01,2017-10-27,2018-07-26,2573.372
GDPC1,1953-01-01,2018-07-27,2021-07-28,2697.855
GDPC1,1953-01-01,2021-07-29,2023-09-27,2699.699
GDPC1,1953-01-01,2023-09-28,9999-12-31,2896.811
GDPC1,1953-04-01,1992-12-22,1996-01-18,1695.3
GDPC1,1953-04-01,1997-05-07,1999-10-27,1897.3
GDPC1,1953-04-01,2000-04-27,2003-12-09,1992.2
GDPC1,1953-04-01,2003-12-10,2009-07-30,2098.1
GDPC1,1953-04-01,2009-07-31,2011-07-28,2368.2
GDPC1,1953-04-01,2011-07-29,2013-07-30,2366.2
GDPC1,1953-04-01,2013-07-31,2014-07-29,2591
GDPC1,1953-04-01,2014-07-30,2017-10-26,2593.5
GDPC1,1953-04-01,2017-10-27,2018-07-26,2593.456
GDPC1,1953-04-01,2018-07-27,2021-07-28,2718.709
GDPC1,1953-04-01,2021-07-29,2023-09-27,2720.566
GDPC1,1953-04-01,2023-09-28,9999-12-31,2919.206
GDPC1,1953-07-01,1992-12-22,1996-01-18,1687.9
GDPC1,1953-07-01,1997-05-07,1999-10-27,1887.4
GDPC1,1953-07-01,2000-04-27,2003-12-09,1979.5
GDPC1,1953-07-01,2003-12-10,2009-07-30,2085.4
GDPC1,1953-07-01,2009-07-31,2011-07-28,2353.8
GDPC1,1953-07-01,2011-07-29,2013-07-30,2351.8
GDPC1,1953-07-01,2013-07-31,2014-07-29,2576.4
GDPC1,1953-07-01,2014-07-30,2017-10-26,2578.9
GDPC1,1953-07-01,2017-10-27,2018-07-26,2578.922
GDPC1,1953-07-01,2018-07-27,2021-07-28,2703.411
GDPC1,1953-07-01,2021-07-29,2023-09-27,2705.258
GDPC1,1953-07-01,2023-09-28,9999-12-31,2902.785
GDPC1,1953-10-01,1992-12-22,1996-01-18,1671.2
GDPC1,1953-10-01,1997-05-07,1999-10-27,1858.2
GDPC1,1953-10-01,2000-04-27,2003-12-09,1947.8
GDPC1,1953-10-01,2003-12-10,2009-07-30,2052.5
GDPC1,1953-10-01,2009-07-31,2011-07-28,2316.5
GDPC1,1953-10-01,2011-07-29,2013-07-30,2314.6
GDPC1,1953-10-01,2013-07-31,2014-07-29,2537.3
GDPC1,1953-10-01,2014-07-30,2017-10-26,2539.8
GDPC1,1953-10-01,2017-10-27,2018-07-26,2539.786
GDPC1,1953-10-01,2018-07-27,2021-07-28,2662.482
GDPC1,1953-10-01,2021-07-29,2023-09-27,2664.302
GDPC1,1953-10-01,2023-09-28,9999-12-31,2858.845
GDPC1,1954-01-01,1992-12-22,1996-01-18,1660.8
GDPC1,1954-01-01,1997-05-07,1999-10-27,1849.9
GDPC1,1954-01-01,2000-04-27,2003-12-09,1938.1
GDPC1,1954-01-01,2003-12-10,2009-07-30,2042.4
GDPC1,1954-01-01,2009-07-31,2011-07-28,2305.5
GDPC1,1954-01-01,2011-07-29,2013-07-30,2303.5
GDPC1,1954-01-01,2013-07-31,2014-07-29,2525.6
GDPC1,1954-01-01,2014-07-30,2017-10-26,2528
GDPC1,1954-01-01,2017-10-27,2018-07-26,2528.043
GDPC1,1954-01-01,2018-07-27,2021-07-28,2649.755
GDPC1,1954-01-01,2021-07-29,2023-09-27,2651.566
GDPC1,1954-01-01,2023-09-28,9999-12-31,2845.192
GDPC1,1954-04-01,1992-12-22,1996-01-18,1658.4
GDPC1,1954-04-01,1997-05-07,1999-10-27,1848.5
GDPC1,1954-04-01,2000-04-27,2003-12-09,1941
GDPC1,1954-04-01,2003-12-10,2009-07-30,2044.3
GDPC1,1954-04-01,2009-07-31,2011-07-28,2308.4
GDPC1,1954-04-01,2011-07-29,2013-07-30,2306.4
GDPC1,1954-04-01,2013-07-31,2014-07-29,2528.3
GDPC1,1954-04-01,2014-07-30,2017-10-26,2530.7
GDPC1,1954-04-01,2017-10-27,2018-07-26,2530.689
GDPC1,1954-04-01,2018-07-27,2021-07-28,2652.643
GDPC1,1954-04-01,2021-07-29,2023-09-27,2654.456
GDPC1,1954-04-01,2023-09-28,9999-12-31,2848.305
GDPC1,1954-07-01,1992-12-22,1996-01-18,1677.7
GDPC1,1954-07-01,1997-05-07,1999-10-27,1868.9
GDPC1,1954-07-01,2000-04-27,2003-12-09,1962
GDPC1,1954-07-01,2003-12-10,2009-07-30,2066.9
GDPC1,1954-07-01,2009-07-31,2011-07-28,2334.4
GDPC1,1954-07-01,2011-07-29,2013-07-30,2332.4
GDPC1,1954-07-01,2013-07-31,2014-07-29,2556.9
GDPC1,1954-07-01,2014-07-30,2017-10-26,2559.4
GDPC1,1954-07-01,2017-10-27,2018-07-26,2559.397
GDPC1,1954-07-01,2018-07-27,2021-07-28,2682.601
GDPC1,1954-07-01,2021-07-29,2023-09-27,2684.434
GDPC1,1954-07-01,2023-09-28,9999-12-31,2880.482
GDPC1,1954-10-01,1992-12-22,1996-01-18,1698.3
GDPC1,1954-10-01,1997-05-07,1999-10-27,1905.6
GDPC1,1954-10-01,2000-04-27,2003-12-09,2000.9
GDPC1,1954-10-01,2003-12-10,2009-07-30,2107.8
GDPC1,1954-10-01,2009-07-31,2011-07-28,2381.2
GDPC1,1954-10-01,2011-07-29,2013-07-30,2379.1
GDPC1,1954-10-01,2013-07-31,2014-07-29,2606.8
GDPC1,1954-10-01,2014-07-30,2017-10-26,2609.3
GDPC1,1954-10-01,2017-10-27,2018-07-26,2609.272
GDPC1,1954-10-01,2018-07-27,2021-07-28,2735.091
GDPC1,1954-10-01,2021-07-29,2023-09-27,2736.96
GDPC1,1954-10-01,2023-09-28,9999-12-31,2936.852
GDPC1,1955-01-01,1992-12-22,1996-01-18,1742.5
GDPC1,1955-01-01,1997-05-07,1999-10-27,1959.6
GDPC1,1955-01-01,2000-04-27,2003-12-09,2058.1
GDPC1,1955-01-01,2003-12-10,2009-07-30,2168.5
GDPC1,1955-01-01,2009-07-31,2011-07-28,2449.7
GDPC1,1955-01-01,2011-07-29,2013-07-30,2447.7
GDPC1,1955-01-01,2013-07-31,2014-07-29,2681.2
GDPC1,1955-01-01,2014-07-30,2017-10-26,2683.8
GDPC1,1955-01-01,2017-10-27,2018-07-26,2683.766
GDPC1,1955-01-01,2018-07-27,2021-07-28,2813.212
GDPC1,1955-01-01,2021-07-29,2023-09-27,2815.134
GDPC1,1955-01-01,2023-09-28,9999-12-31,3020.746
GDPC1,1955-04-01,1992-12-22,1996-01-18,1758.6
GDPC1,1955-04-01,1997-05-07,1999-10-27,1994.4
GDPC1,1955-04-01,2000-04-27,2003-12-09,2091
GDPC1,1955-04-01,2003-12-10,2009-07-30,2204
GDPC1,1955-04-01,2009-07-31,2011-07-28,2490.3
GDPC1,1955-04-01,2011-07-29,2013-07-30,2488.1
GDPC1,1955-04-01,2013-07-31,2014-07-29,2724.8
GDPC1,1955-04-01,2014-07-30,2017-10-26,2727.5
GDPC1,1955-04-01,2017-10-27,2018-07-26,2727.452
GDPC1,1955-04-01,2018-07-27,2021-07-28,2858.988
GDPC1,1955-04-01,2021-07-29,2023-09-27,2860.942
GDPC1,1955-04-01,2023-09-28,9999-12-31,3069.91
GDPC1,1955-07-01,1992-12-22,1996-01-18,1778.2
GDPC1,1955-07-01,1997-05-07,1999-10-27,2020.1
GDPC1,1955-07-01,2000-04-27,2003-12-09,2118.9
GDPC1,1955-07-01,2003-12-10,2009-07-30,2233.4
GDPC1,1955-07-01,2009-07-31,2011-07-28,2523.5
GDPC1,1955-07-01,2011-07-29,2013-07-30,2521.4
GDPC1,1955-07-01,2013-07-31,2014-07-29,2761.5
GDPC1,1955-07-01,2014-07-30,2017-10-26,2764.1
GDPC1,1955-07-01,2017-10-27,2018-07-26,2764.128
GDPC1,1955-07-01,2018-07-27,2021-07-28,2897.598
GDPC1,1955-07-01,2021-07-29,2023-09-27,2899.578
GDPC1,1955-07-01,2023-09-28,9999-12-31,3111.379
GDPC1,1955-10-01,1992-12-22,1996-01-18,1793.9
GDPC1,1955-10-01,1997-05-07,1999-10-27,2030.5
GDPC1,1955-10-01,2000-04-27,2003-12-09,2130.1
GDPC1,1955-10-01,2003-12-10,2009-07-30,2245.3
GDPC1,1955-10-01,2009-07-31,2011-07-28,2537.6
GDPC1,1955-10-01,2011-07-29,2013-07-30,2535.5
GDPC1,1955-10-01,2013-07-31,2014-07-29,2778.1
GDPC1,1955-10-01,2014-07-30,2017-10-26,2780.8
GDPC1,1955-10-01,2017-10-27,2018-07-26,2780.762
GDPC1,1955-10-01,2018-07-27,2021-07-28,2914.993
GDPC1,1955-10-01,2021-07-29,2023-09-27,2916.985
GDPC1,1955-10-01,2023-09-28,9999-12-31,3130.068
GDPC1,1956-01-01,1992-12-22,1996-01-18,1787
GDPC1,1956-01-01,1997-05-07,1999-10-27,2023.6
GDPC1,1956-01-01,2000-04-27,2003-12-09,2121
GDPC1,1956-01-01,2003-12-10,2009-07-30,2234.8
GDPC1,1956-01-01,2009-07-31,2011-07-28,2526.1
GDPC1,1956-01-01,2011-07-29,2013-07-30,2523.9
GDPC1,1956-01-01,2013-07-31,2014-07-29,2767.4
GDPC1,1956-01-01,2014-07-30,2017-10-26,2770
GDPC1,1956-01-01,2017-10-27,2018-07-26,2770.032
GDPC1,1956-01-01,2018-07-27,2021-07-28,2903.671
GDPC1,1956-01-01,2021-07-29,2023-09-27,2905.656
GDPC1,1956-01-01,2023-09-28,9999-12-31,3117.922
GDPC1,1956-04-01,1992-12-22,1996-01-18,1798.5
GDPC1,1956-04-01,1997-05-07,1999-10-27,2037.7
GDPC1,1956-04-01,2000-04-27,2003-12-09,2137.7
GDPC1,1956-04-01,2003-12-10,2009-07-30,2252.5
GDPC1,1956-04-01,2009-07-31,2011-07-28,2545.9
GDPC1,1956-04-01,2011-07-29,2013-07-30,2543.8
GDPC1,1956-04-01,2013-07-31,2014-07-29,2790.2
GDPC1,1956-04-01,2014-07-30,2017-10-26,2792.9
GDPC1,1956-04-01,2017-10-27,2018-07-26,2792.872
GDPC1,1956-04-01,2018-07-27,2021-07-28,2927.665
GDPC1,1956-04-01,2021-07-29,2023-09-27,2929.666
GDPC1,1956-04-01,2023-09-28,9999-12-31,3143.694
GDPC1,1956-07-01,1992-12-22,1996-01-18,1802.2
GDPC1,1956-07-01,1997-05-07,1999-10-27,2033.4
GDPC1,1956-07-01,2000-04-27,2003-12-09,2135.3
GDPC1,1956-07-01,2003-12-10,2009-07-30,2249.8
GDPC1,1956-07-01,2009-07-31,2011-07-28,2542.7
GDPC1,1956-07-01,2011-07-29,2013-07-30,2540.6
GDPC1,1956-07-01,2013-07-31,2014-07-29,2787.9
GDPC1,1956-07-01,2014-07-30,2017-10-26,2790.6
GDPC1,1956-07-01,2017-10-27,2018-07-26,2790.588
GDPC1,1956-07-01,2018-07-27,2021-07-28,2925.035
GDPC1,1956-07-01,2021-07-29,2023-09-27,2927.034
GDPC1,1956-07-01,2023-09-28,9999-12-31,3140.874
GDPC1,1956-10-01,1992-12-22,1996-01-18,1826.6
GDPC1,1956-10-01,1997-05-07,1999-10-27,2066.2
GDPC1,1956-10-01,2000-04-27,2003-12-09,2170.4
GDPC1,1956-10-01,2003-12-10,2009-07-30,2286.5
GDPC1,1956-10-01,2009-07-31,2011-07-28,2584.3
GDPC1,1956-10-01,2011-07-29,2013-07-30,2582.1
GDPC1,1956-10-01,2013-07-31,2014-07-29,2833.5
GDPC1,1956-10-01,2014-07-30,2017-10-26,2836.2
GDPC1,1956-10-01,2017-10-27,2018-07-26,2836.238
GDPC1,1956-10-01,2018-07-27,2021-07-28,2973.179
GDPC1,1956-10-01,2021-07-29,2023-09-27,2975.209
GDPC1,1956-10-01,2023-09-28,9999-12-31,3192.57
GDPC1,1957-01-01,1992-12-22,1996-01-18,1836.4
GDPC1,1957-01-01,1997-05-07,1999-10-27,2077.5
GDPC1,1957-01-01,2000-04-27,2003-12-09,2182.7
GDPC1,1957-01-01,2003-12-10,2009-07-30,2300.3
GDPC1,1957-01-01,2009-07-31,2011-07-28,2600.2
GDPC1,1957-01-01,2011-07-29,2013-07-30,2597.9
GDPC1,1957-01-01,2013-07-31,2014-07-29,2851.8
GDPC1,1957-01-01,2014-07-30,2017-10-26,2854.5
GDPC1,1957-01-01,2017-10-27,2018-07-26,2854.517
GDPC1,1957-01-01,2018-07-27,2021-07-28,2992.219
GDPC1,1957-01-01,2021-07-29,2023-09-27,2994.259
GDPC1,1957-01-01,2023-09-28,9999-12-31,3213.011
GDPC1,1957-04-01,1992-12-22,1996-01-18,1834.8
GDPC1,1957-04-01,1997-05-07,1999-10-27,2071.9
GDPC1,1957-04-01,2000-04-27,2003-12-09,2177.7
GDPC1,1957-04-01,2003-12-10,2009-07-30,2294.6
GDPC1,1957-04-01,2009-07-31,2011-07-28,2593.9
GDPC1,1957-04-01,2011-07-29,2013-07-30,2591.7
GDPC1,1957-04-01,2013-07-31,2014-07-29,2845.5
GDPC1,1957-04-01,2014-07-30,2017-10-26,2848.2
GDPC1,1957-04-01,2017-10-27,2018-07-26,2848.186
GDPC1,1957-04-01,2018-07-27,2021-07-28,2985.663
GDPC1,1957-04-01,2021-07-29,2023-09-27,2987.699
GDPC1,1957-04-01,2023-09-28,9999-12-31,3205.97
GDPC1,1957-07-01,1992-12-22,1996-01-18,1851.2
GDPC1,1957-07-01,1997-05-07,1999-10-27,2094
GDPC1,1957-07-01,2000-04-27,2003-12-09,2198.9
GDPC1,1957-07-01,2003-12-10,2009-07-30,2317
GDPC1,1957-07-01,2009-07-31,2011-07-28,2618.9
GDPC1,1957-07-01,2011-07-29,2013-07-30,2616.6
GDPC1,1957-07-01,2013-07-31,2014-07-29,2873.2
GDPC1,1957-07-01,2014-07-30,2017-10-26,2875.9
GDPC1,1957-07-01,2017-10-27,2018-07-26,2875.927
GDPC1,1957-07-01,2018-07-27,2021-07-28,3014.919
GDPC1,1957-07-01,2021-07-29,2023-09-27,3016.979
GDPC1,1957-07-01,2023-09-28,9999-12-31,3237.386
GDPC1,1957-10-01,1992-12-22,1996-01-18,1830.5
GDPC1,1957-10-01,1997-05-07,1999-10-27,2070.8
GDPC1,1957-10-01,2000-04-27,2003-12-09,2176
GDPC1,1957-10-01,2003-12-10,2009-07-30,2292.5
GDPC1,1957-10-01,2009-07-31,2011-07-28,2591.3
GDPC1,1957-10-01,2011-07-29,2013-07-30,2589.1
GDPC1,1957-10-01,2013-07-31,2014-07-29,2843.7
GDPC1,1957-10-01,2014-07-30,2017-10-26,2846.4
GDPC1,1957-10-01,2017-10-27,2018-07-26,2846.446
GDPC1,1957-10-01,2018-07-27,2021-07-28,2983.727
GDPC1,1957-10-01,2021-07-29,2023-09-27,2985.775
GDPC1,1957-10-01,2023-09-28,9999-12-31,3203.894
GDPC1,1958-01-01,1992-12-22,1996-01-18,1790.1
GDPC1,1958-01-01,1997-05-07,1999-10-27,2012.6
GDPC1,1958-01-01,2000-04-27,2003-12-09,2117.4
GDPC1,1958-01-01,2003-12-10,2009-07-30,2230.2
GDPC1,1958-01-01,2009-07-31,2011-07-28,2521.2
GDPC1,1958-01-01,2011-07-29,2013-07-30,2519
GDPC1,1958-01-01,2013-07-31,2014-07-29,2770
GDPC1,1958-01-01,2014-07-30,2017-10-26,2772.7
GDPC1,1958-01-01,2017-10-27,2018-07-26,2772.654
GDPC1,1958-01-01,2018-07-27,2021-07-28,2906.274
GDPC1,1958-01-01,2021-07-29,2023-09-27,2908.281
GDPC1,1958-01-01,2023-09-28,9999-12-31,3120.724
GDPC1,1958-04-01,1992-12-22,1996-01-18,1804.4
GDPC1,1958-04-01,1997-05-07,1999-10-27,2024.7
GDPC1,1958-04-01,2000-04-27,2003-12-09,2129.7
GDPC1,1958-04-01,2003-12-10,2009-07-30,2243.4
GDPC1,1958-04-01,2009-07-31,2011-07-28,2536.6
GDPC1,1958-04-01,2011-07-29,2013-07-30,2534.5
GDPC1,1958-04-01,2013-07-31,2014-07-29,2788.3
GDPC1,1958-04-01,2014-07-30,2017-10-26,2790.9
GDPC1,1958-04-01,2017-10-27,2018-07-26,2790.948
GDPC1,1958-04-01,2018-07-27,2021-07-28,2925.379
GDPC1,1958-04-01,2021-07-29,2023-09-27,2927.395
GDPC1,1958-04-01,2023-09-28,9999-12-31,3141.224
GDPC1,1958-07-01,1992-12-22,1996-01-18,1840.9
GDPC1,1958-07-01,1997-05-07,1999-10-27,2072.3
GDPC1,1958-07-01,2000-04-27,2003-12-09,2177.5
GDPC1,1958-07-01,2003-12-10,2009-07-30,2295.2
GDPC1,1958-07-01,2009-07-31,2011-07-28,2596.1
GDPC1,1958-07-01,2011-07-29,2013-07-30,2593.9
GDPC1,1958-07-01,2013-07-31,2014-07-29,2852.7
GDPC1,1958-07-01,2014-07-30,2017-10-26,2855.5
GDPC1,1958-07-01,2017-10-27,2018-07-26,2855.472
GDPC1,1958-07-01,2018-07-27,2021-07-28,2993.068
GDPC1,1958-07-01,2021-07-29,2023-09-27,2995.112
GDPC1,1958-07-01,2023-09-28,9999-12-31,3213.884
GDPC1,1958-10-01,1992-12-22,1996-01-18,1880.9
GDPC1,1958-10-01,1997-05-07,1999-10-27,2120.6
GDPC1,1958-10-01,2000-04-27,2003-12-09,2226.5
GDPC1,1958-10-01,2003-12-10,2009-07-30,2348
GDPC1,1958-10-01,2009-07-31,2011-07-28,2656.6
GDPC1,1958-10-01,2011-07-29,2013-07-30,2654.3
GDPC1,1958-10-01,2013-07-31,2014-07-29,2919.5
GDPC1,1958-10-01,2014-07-30,2017-10-26,2922.3
GDPC1,1958-10-01,2017-10-27,2018-07-26,2922.264
GDPC1,1958-10-01,2018-07-27,2021-07-28,3063.085
GDPC1,1958-10-01,2021-07-29,2023-09-27,3065.141
GDPC1,1958-10-01,2023-09-28,9999-12-31,3289.032
GDPC1,1959-01-01,1991-12-04,1992-04-27,1909.7
GDPC1,1959-01-01,1992-04-28,1996-01-18,1904.9
GDPC1,1959-01-01,1997-05-07,1999-10-27,2165
GDPC1,1959-01-01,1999-10-29,2000-04-02,2254.4
GDPC1,1959-01-01,2000-04-03,2003-12-09,2273
GDPC1,1959-01-01,2003-12-10,2009-07-30,2392.9
GDPC1,1959-01-01,2009-07-31,2011-07-28,2710.3
GDPC1,1959-01-01,2011-07-29,2013-07-30,2708
GDPC1,1959-01-01,2013-07-31,2014-07-29,2973.8
GDPC1,1959-01-01,2014-07-30,2017-10-26,2976.6
GDPC1,1959-01-01,2017-10-27,2018-07-26,2976.629
GDPC1,1959-01-01,2018-07-27,2021-07-28,3121.936
GDPC1,1959-01-01,2021-07-29,2023-09-27,3123.978
GDPC1,1959-01-01,2023-09-28,9999-12-31,3352.129
GDPC1,1959-04-01,1991-12-04,1992-04-27,1941.2
GDPC1,1959-04-01,1992-04-28,1996-01-18,1937.5
GDPC1,1959-04-01,1997-05-07,1999-10-27,2223.3
GDPC1,1959-04-01,1999-10-29,2000-04-02,2313.3
GDPC1,1959-04-01,2000-04-03,2003-12-09,2332.4
GDPC1,1959-04-01,2003-12-10,2009-07-30,2455.8
GDPC1,1959-04-01,2009-07-31,2011-07-28,2778.8
GDPC1,1959-04-01,2011-07-29,2013-07-30,2776.4
GDPC1,1959-04-01,2013-07-31,2014-07-29,3046.1
GDPC1,1959-04-01,2014-07-30,2017-10-26,3049
GDPC1,1959-04-01,2017-10-27,2018-07-26,3049.011
GDPC1,1959-04-01,2018-07-27,2021-07-28,3192.38
GDPC1,1959-04-01,2021-07-29,2023-09-27,3194.429
GDPC1,1959-04-01,2023-09-28,9999-12-31,3427.667
GDPC1,1959-07-01,1991-12-04,1992-04-27,1931.7
GDPC1,1959-07-01,1992-04-28,1996-01-18,1930.8
GDPC1,1959-07-01,1996-01-19,1997-05-06,2225.6
GDPC1,1959-07-01,1997-05-07,1999-10-27,2221.4
GDPC1,1959-07-01,1999-10-29,2000-04-02,2312.4
GDPC1,1959-07-01,2000-04-03,2003-12-09,2331.4
GDPC1,1959-07-01,2003-12-10,2009-07-30,2453.9
GDPC1,1959-07-01,2009-07-31,2011-07-28,2775.5
GDPC1,1959-07-01,2011-07-29,2013-07-30,2773.1
GDPC1,1959-07-01,2013-07-31,2014-07-29,3040.2
GDPC1,1959-07-01,2014-07-30,2017-10-26,3043.1
GDPC1,1959-07-01,2017-10-27,2018-07-26,3043.139
GDPC1,1959-07-01,2018-07-27,2021-07-28,3194.653
GDPC1,1959-07-01,2021-07-29,2023-09-27,3196.683
GDPC1,1959-07-01,2023-09-28,9999-12-31,3430.057
GDPC1,1959-10-01,1991-12-04,1992-04-27,1942.7
GDPC1,1959-10-01,1992-04-28,1996-01-18,1941.9
GDPC1,1959-10-01,1996-01-19,1997-05-06,2225.8
GDPC1,1959-10-01,1997-05-07,1999-10-27,2231
GDPC1,1959-10-01,1999-10-29,2000-04-02,2320
GDPC1,1959-10-01,2000-04-03,2003-12-09,2339.1
GDPC1,1959-10-01,2003-12-10,2009-07-30,2462.6
GDPC1,1959-10-01,2009-07-31,2011-07-28,2785.2
GDPC1,1959-10-01,2011-07-29,2013-07-30,2782.8
GDPC1,1959-10-01,2013-07-31,2014-07-29,3052.2
GDPC1,1959-10-01,2014-07-30,2017-10-26,3055.1
GDPC1,1959-10-01,2017-10-27,2018-07-26,3055.104
GDPC1,1959-10-01,2018-07-27,2021-07-28,3203.759
GDPC1,1959-10-01,2021-07-29,2023-09-27,3205.79
GDPC1,1959-10-01,2023-09-28,9999-12-31,3439.832
GDPC1,1960-01-01,1991-12-04,1992-04-27,1977.8
GDPC1,1960-01-01,1992-04-28,1996-01-18,1976.9
GDPC1,1960-01-01,1996-01-19,1997-05-06,2283.3
GDPC1,1960-01-01,1997-05-07,1999-10-27,2279.2
GDPC1,1960-01-01,1999-10-29,2000-04-02,2371.4
GDPC1,1960-01-01,2000-04-03,2003-12-09,2391
GDPC1,1960-01-01,2003-12-10,2009-07-30,2517.4
GDPC1,1960-01-01,2009-07-31,2011-07-28,2847.7
GDPC1,1960-01-01,2011-07-29,2013-07-30,2845.3
GDPC1,1960-01-01,2013-07-31,2014-07-29,3120.2
GDPC1,1960-01-01,2014-07-30,2017-10-26,3123.2
GDPC1,1960-01-01,2017-10-27,2018-07-26,3123.162
GDPC1,1960-01-01,2018-07-27,2021-07-28,3275.757
GDPC1,1960-01-01,2021-07-29,2023-09-27,3277.847
GDPC1,1960-01-01,2023-09-28,9999-12-31,3517.181
GDPC1,1960-04-01,1991-12-04,1992-04-27,1973.5
GDPC1,1960-04-01,1992-04-28,1996-01-18,1971.7
GDPC1,1960-04-01,1996-01-19,1997-05-06,2268.5
GDPC1,1960-04-01,1997-05-07,1999-10-27,2265.5
GDPC1,1960-04-01,1999-10-29,2000-04-02,2359.7
GDPC1,1960-04-01,2000-04-03,2003-12-09,2379.2
GDPC1,1960-04-01,2003-12-10,2009-07-30,2504.8
GDPC1,1960-04-01,2009-07-31,2011-07-28,2834.4
GDPC1,1960-04-01,2011-07-29,2013-07-30,2832
GDPC1,1960-04-01,2013-07-31,2014-07-29,3108.4
GDPC1,1960-04-01,2014-07-30,2017-10-26,3111.3
GDPC1,1960-04-01,2017-10-27,2018-07-26,3111.31
GDPC1,1960-04-01,2018-07-27,2021-07-28,3258.088
GDPC1,1960-04-01,2021-07-29,2023-09-27,3260.177
GDPC1,1960-04-01,2023-09-28,9999-12-31,3498.246
GDPC1,1960-07-01,1991-12-04,1992-04-27,1976.2
GDPC1,1960-07-01,1992-04-28,1996-01-18,1973.7
GDPC1,1960-07-01,1996-01-19,1997-05-06,2265.8
GDPC1,1960-07-01,1997-05-07,1999-10-27,2268.3
GDPC1,1960-07-01,1999-10-29,2000-04-02,2364.1
GDPC1,1960-07-01,2000-04-03,2003-12-09,2383.6
GDPC1,1960-07-01,2003-12-10,2009-07-30,2508.7
GDPC1,1960-07-01,2009-07-31,2011-07-28,2839
GDPC1,1960-07-01,2011-07-29,2013-07-30,2836.6
GDPC1,1960-07-01,2013-07-31,2014-07-29,3116.1
GDPC1,1960-07-01,2014-07-30,2017-10-26,3119.1
GDPC1,1960-07-01,2017-10-27,2018-07-26,3119.057
GDPC1,1960-07-01,2018-07-27,2021-07-28,3274.029
GDPC1,1960-07-01,2021-07-29,2023-09-27,3276.133
GDPC1,1960-07-01,2023-09-28,9999-12-31,3515.385
GDPC1,1960-10-01,1991-12-04,1992-04-27,1965.1
GDPC1,1960-10-01,1992-04-28,1996-01-18,1961.1
GDPC1,1960-10-01,1996-01-19,1997-05-06,2229.1
GDPC1,1960-10-01,1997-05-07,1999-10-27,2238.6
GDPC1,1960-10-01,1999-10-29,2000-04-02,2333.7
GDPC1,1960-10-01,2000-04-03,2003-12-09,2352.9
GDPC1,1960-10-01,2003-12-10,2009-07-30,2476.2
GDPC1,1960-10-01,2009-07-31,2011-07-28,2802.6
GDPC1,1960-10-01,2011-07-29,2013-07-30,2800.2
GDPC1,1960-10-01,2013-07-31,2014-07-29,3078.4
GDPC1,1960-10-01,2014-07-30,2018-07-26,3081.3
GDPC1,1960-10-01,2018-07-27,2021-07-28,3232.009
GDPC1,1960-10-01,2021-07-29,2023-09-27,3234.087
GDPC1,1960-10-01,2023-09-28,9999-12-31,3470.278
GDPC1,1961-01-01,1991-12-04,1992-04-27,1979.7
GDPC1,1961-01-01,1992-04-28,1996-01-18,1977.4
GDPC1,1961-01-01,1996-01-19,1997-05-06,2245.6
GDPC1,1961-01-01,1997-05-07,1999-10-27,2251.7
GDPC1,1961-01-01,1999-10-29,2000-04-02,2347.2
GDPC1,1961-01-01,2000-04-03,2003-12-09,2366.5
GDPC1,1961-01-01,2003-12-10,2009-07-30,2491.2
GDPC1,1961-01-01,2009-07-31,2011-07-28,2819.3
GDPC1,1961-01-01,2011-07-29,2013-07-30,2816.9
GDPC1,1961-01-01,2013-07-31,2014-07-29,3099.3
GDPC1,1961-01-01,2014-07-30,2017-10-26,3102.3
GDPC1,1961-01-01,2017-10-27,2018-07-26,3102.251
GDPC1,1961-01-01,2018-07-27,2021-07-28,3253.826
GDPC1,1961-01-01,2021-07-29,2023-09-27,3255.914
GDPC1,1961-01-01,2023-09-28,9999-12-31,3493.703
GDPC1,1961-04-01,1991-12-04,1992-04-27,2008.8
GDPC1,1961-04-01,1992-04-28,1996-01-18,2006
GDPC1,1961-04-01,1996-01-19,1997-05-06,2286.1
GDPC1,1961-04-01,1997-05-07,1999-10-27,2292
GDPC1,1961-04-01,1999-10-29,2000-04-02,2391.1
GDPC1,1961-04-01,2000-04-03,2003-12-09,2410.8
GDPC1,1961-04-01,2003-12-10,2009-07-30,2538
GDPC1,1961-04-01,2009-07-31,2011-07-28,2872
GDPC1,1961-04-01,2011-07-29,2013-07-30,2869.6
GDPC1,1961-04-01,2013-07-31,2014-07-29,3156.9
GDPC1,1961-04-01,2014-07-30,2017-10-26,3159.9
GDPC1,1961-04-01,2017-10-27,2018-07-26,3159.918
GDPC1,1961-04-01,2018-07-27,2021-07-28,3309.059
GDPC1,1961-04-01,2021-07-29,2023-09-27,3311.181
GDPC1,1961-04-01,2023-09-28,9999-12-31,3553.021
GDPC1,1961-07-01,1991-12-04,1992-04-27,2036.5
GDPC1,1961-07-01,1992-04-28,1996-01-18,2035.2
GDPC1,1961-07-01,1996-01-19,1997-05-06,2328.2
GDPC1,1961-07-01,1997-05-07,1999-10-27,2332.6
GDPC1,1961-07-01,1999-10-29,2000-04-02,2430.4
GDPC1,1961-07-01,2000-04-03,2003-12-09,2450.4
GDPC1,1961-07-01,2003-12-10,2009-07-30,2579.1
GDPC1,1961-07-01,2009-07-31,2011-07-28,2918.4
GDPC1,1961-07-01,2011-07-29,2013-07-30,2915.9
GDPC1,1961-07-01,2013-07-31,2014-07-29,3209.6
GDPC1,1961-07-01,2014-07-30,2017-10-26,3212.6
GDPC1,1961-07-01,2017-10-27,2018-07-26,3212.606
GDPC1,1961-07-01,2018-07-27,2021-07-28,3372.581
GDPC1,1961-07-01,2021-07-29,2023-09-27,3374.742
GDPC1,1961-07-01,2023-09-28,9999-12-31,3621.252
GDPC1,1961-10-01,1991-12-04,1992-04-27,2077.4
GDPC1,1961-10-01,1992-04-28,1996-01-18,2076.5
GDPC1,1961-10-01,1996-01-19,1997-05-06,2379.4
GDPC1,1961-10-01,1997-05-07,1999-10-27,2381
GDPC1,1961-10-01,1999-10-29,2000-04-02,2479.8
GDPC1,1961-10-01,2000-04-03,2003-12-09,2500.4
GDPC1,1961-10-01,2003-12-10,2009-07-30,2631.8
GDPC1,1961-10-01,2009-07-31,2011-07-28,2977.8
GDPC1,1961-10-01,2011-07-29,2013-07-30,2975.3
GDPC1,1961-10-01,2013-07-31,2014-07-29,3274.6
GDPC1,1961-10-01,2014-07-30,2017-10-26,3277.7
GDPC1,1961-10-01,2017-10-27,2018-07-26,3277.717
GDPC1,1961-10-01,2018-07-27,2021-07-28,3438.721
GDPC1,1961-10-01,2021-07-29,2023-09-27,3440.924
GDPC1,1961-10-01,2023-09-28,9999-12-31,3692.289
GDPC1,1962-01-01,1991-12-04,1992-04-27,2105.8
GDPC1,1962-01-01,1992-04-28,1996-01-18,2103.8
GDPC1,1962-01-01,1996-01-19,1997-05-06,2420.4
GDPC1,1962-01-01,1997-05-07,1999-10-27,2422.6
GDPC1,1962-01-01,1999-10-29,2000-04-02,2522.9
GDPC1,1962-01-01,2000-04-03,2003-12-09,2544
GDPC1,1962-01-01,2003-12-10,2009-07-30,2679.1
GDPC1,1962-01-01,2009-07-31,2011-07-28,3031.2
GDPC1,1962-01-01,2011-07-29,2013-07-30,3028.7
GDPC1,1962-01-01,2013-07-31,2014-07-29,3333.6
GDPC1,1962-01-01,2014-07-30,2017-10-26,3336.8
GDPC1,1962-01-01,2017-10-27,2018-07-26,3336.753
GDPC1,1962-01-01,2018-07-27,2021-07-28,3500.054
GDPC1,1962-01-01,2021-07-29,2023-09-27,3502.298
GDPC1,1962-01-01,2023-09-28,9999-12-31,3758.147
GDPC1,1962-04-01,1991-12-04,1992-04-27,2127.5
GDPC1,1962-04-01,1992-04-28,1996-01-18,2125.7
GDPC1,1962-04-01,1996-01-19,1997-05-06,2440
GDPC1,1962-04-01,1997-05-07,1999-10-27,2448
GDPC1,1962-04-01,1999-10-29,2000-04-02,2550.2
GDPC1,1962-04-01,2000-04-03,2003-12-09,2571.5
GDPC1,1962-04-01,2003-12-10,2009-07-30,2708.4
GDPC1,1962-04-01,2009-07-31,2011-07-28,3064.7
GDPC1,1962-04-01,2011-07-29,2013-07-30,3062.1
GDPC1,1962-04-01,2013-07-31,2014-07-29,3369.5
GDPC1,1962-04-01,2014-07-30,2017-10-26,3372.7
GDPC1,1962-04-01,2017-10-27,2018-07-26,3372.706
GDPC1,1962-04-01,2018-07-27,2021-07-28,3531.683
GDPC1,1962-04-01,2021-07-29,2023-09-27,3533.947
GDPC1,1962-04-01,2023-09-28,9999-12-31,3792.149
GDPC1,1962-07-01,1991-12-04,1992-04-27,2143.9
GDPC1,1962-07-01,1992-04-28,1996-01-18,2142.6
GDPC1,1962-07-01,1996-01-19,1997-05-06,2465.2
GDPC1,1962-07-01,1997-05-07,1999-10-27,2471.9
GDPC1,1962-07-01,1999-10-29,2000-04-02,2575.3
GDPC1,1962-07-01,2000-04-03,2003-12-09,2596.8
GDPC1,1962-07-01,2003-12-10,2009-07-30,2733.3
GDPC1,1962-07-01,2009-07-31,2011-07-28,3093
GDPC1,1962-07-01,2011-07-29,2013-07-30,3090.4
GDPC1,1962-07-01,2013-07-31,2014-07-29,3401.6
GDPC1,1962-07-01,2014-07-30,2017-10-26,3404.8
GDPC1,1962-07-01,2017-10-27,2018-07-26,3404.833
GDPC1,1962-07-01,2018-07-27,2021-07-28,3575.07
GDPC1,1962-07-01,2021-07-29,2023-09-27,3577.362
GDPC1,1962-07-01,2023-09-28,9999-12-31,3838.776
GDPC1,1962-10-01,1991-12-04,1992-04-27,2142.1
GDPC1,1962-10-01,1992-04-28,1996-01-18,2140.2
GDPC1,1962-10-01,1996-01-19,1997-05-06,2470.7
GDPC1,1962-10-01,1997-05-07,1999-10-27,2476.7
GDPC1,1962-10-01,1999-10-29,2000-04-02,2581.8
GDPC1,1962-10-01,2000-04-03,2003-12-09,2603.3
GDPC1,1962-10-01,2003-12-10,2009-07-30,2740
GDPC1,1962-10-01,2009-07-31,2011-07-28,3100.6
GDPC1,1962-10-01,2011-07-29,2013-07-30,3097.9
GDPC1,1962-10-01,2013-07-31,2014-07-29,3414.8
GDPC1,1962-10-01,2014-07-30,2017-10-26,3418
GDPC1,1962-10-01,2017-10-27,2018-07-26,3418.046
GDPC1,1962-10-01,2018-07-27,2021-07-28,3586.827
GDPC1,1962-10-01,2021-07-29,2023-09-27,3589.128
GDPC1,1962-10-01,2023-09-28,9999-12-31,3851.421
GDPC1,1963-01-01,1991-12-04,1992-04-27,2173.5
GDPC1,1963-01-01,1992-04-28,1996-01-18,2170.9
GDPC1,1963-01-01,1996-01-19,1997-05-06,2502.3
GDPC1,1963-01-01,1997-05-07,1999-10-27,2508.7
GDPC1,1963-01-01,1999-10-29,2000-04-02,2612.4
GDPC1,1963-01-01,2000-04-03,2003-12-09,2634.1
GDPC1,1963-01-01,2003-12-10,2009-07-30,2775.9
GDPC1,1963-01-01,2009-07-31,2011-07-28,3141.1
GDPC1,1963-01-01,2011-07-29,2013-07-30,3138.4
GDPC1,1963-01-01,2013-07-31,2014-07-29,3452.8
GDPC1,1963-01-01,2014-07-30,2017-10-26,3456.1
GDPC1,1963-01-01,2017-10-27,2018-07-26,3456.08
GDPC1,1963-01-01,2018-07-27,2021-07-28,3625.981
GDPC1,1963-01-01,2021-07-29,2023-09-27,3628.306
GDPC1,1963-01-01,2023-09-28,9999-12-31,3893.482
GDPC1,1963-04-01,1991-12-04,1992-04-27,2203.1
GDPC1,1963-04-01,1992-04-28,1996-01-18,2199.5
GDPC1,1963-04-01,1996-01-19,1997-05-06,2532.9
GDPC1,1963-04-01,1997-05-07,1999-10-27,2538.1
GDPC1,1963-04-01,1999-10-29,2000-04-02,2646.3
GDPC1,1963-04-01,2000-04-03,2003-12-09,2668.4
GDPC1,1963-04-01,2003-12-10,2009-07-30,2810.6
GDPC1,1963-04-01,2009-07-31,2011-07-28,3180.4
GDPC1,1963-04-01,2011-07-29,2013-07-30,3177.7
GDPC1,1963-04-01,2013-07-31,2014-07-29,3497.8
GDPC1,1963-04-01,2014-07-30,2017-10-26,3501.1
GDPC1,1963-04-01,2017-10-27,2018-07-26,3501.134
GDPC1,1963-04-01,2018-07-27,2021-07-28,3666.669
GDPC1,1963-04-01,2021-07-29,2023-09-27,3669.02
GDPC1,1963-04-01,2023-09-28,9999-12-31,3937.183
GDPC1,1963-07-01,1991-12-04,1992-04-27,2239
GDPC1,1963-07-01,1992-04-28,1996-01-18,2237.6
GDPC1,1963-07-01,1996-01-19,1997-05-06,2581.4
GDPC1,1963-07-01,1997-05-07,1999-10-27,2586.3
GDPC1,1963-07-01,1999-10-29,2000-04-02,2697.2
GDPC1,1963-07-01,2000-04-03,2003-12-09,2719.6
GDPC1,1963-07-01,2003-12-10,2009-07-30,2863.5
GDPC1,1963-07-01,2009-07-31,2011-07-28,3240.3
GDPC1,1963-07-01,2011-07-29,2013-07-30,3237.6
GDPC1,1963-07-01,2013-07-31,2014-07-29,3566.1
GDPC1,1963-07-01,2014-07-30,2017-10-26,3569.5
GDPC1,1963-07-01,2017-10-27,2018-07-26,3569.479
GDPC1,1963-07-01,2018-07-27,2021-07-28,3747.278
GDPC1,1963-07-01,2021-07-29,2023-09-27,3749.681
GDPC1,1963-07-01,2023-09-28,9999-12-31,4023.755
GDPC1,1963-10-01,1991-12-04,1992-04-27,2256.4
GDPC1,1963-10-01,1992-04-28,1996-01-18,2254.5
GDPC1,1963-10-01,1996-01-19,1997-05-06,2599.7
GDPC1,1963-10-01,1997-05-07,1999-10-27,2604.6
GDPC1,1963-10-01,1999-10-29,2000-04-02,2716.8
GDPC1,1963-10-01,2000-04-03,2003-12-09,2739.4
GDPC1,1963-10-01,2003-12-10,2009-07-30,2885.8
GDPC1,1963-10-01,2009-07-31,2011-07-28,3265
GDPC1,1963-10-01,2011-07-29,2013-07-30,3262.2
GDPC1,1963-10-01,2013-07-31,2014-07-29,3591.5
GDPC1,1963-10-01,2014-07-30,2017-10-26,3595
GDPC1,1963-10-01,2017-10-27,2018-07-26,3594.954
GDPC1,1963-10-01,2018-07-27,2021-07-28,3771.845
GDPC1,1963-10-01,2021-07-29,2023-09-27,3774.264
GDPC1,1963-10-01,2023-09-28,9999-12-31,4050.147
GDPC1,1964-01-01,1991-12-04,1992-04-27,2315
GDPC1,1964-01-01,1992-04-28,1996-01-18,2311.1
GDPC1,1964-01-01,1996-01-19,1997-05-06,2661.8
GDPC1,1964-01-01,1997-05-07,1999-10-27,2666.7
GDPC1,1964-01-01,1999-10-29,2000-04-02,2777.3
GDPC1,1964-01-01,2000-04-03,2003-12-09,2800.5
GDPC1,1964-01-01,2003-12-10,2009-07-30,2950.5
GDPC1,1964-01-01,2009-07-31,2011-07-28,3338.2
GDPC1,1964-01-01,2011-07-29,2013-07-30,3335.4
GDPC1,1964-01-01,2013-07-31,2014-07-29,3669.2
GDPC1,1964-01-01,2014-07-30,2017-10-26,3672.7
GDPC1,1964-01-01,2017-10-27,2018-07-26,3672.708
GDPC1,1964-01-01,2018-07-27,2021-07-28,3851.366
GDPC1,1964-01-01,2021-07-29,2023-09-27,3853.835
GDPC1,1964-01-01,2023-09-28,9999-12-31,4135.553
GDPC1,1964-04-01,1991-12-04,1992-04-27,2333.2
GDPC1,1964-04-01,1992-04-28,1996-01-18,2329.9
GDPC1,1964-04-01,1996-01-19,1997-05-06,2692.5
GDPC1,1964-04-01,1997-05-07,1999-10-27,2697.5
GDPC1,1964-04-01,1999-10-29,2000-04-02,2810.2
GDPC1,1964-04-01,2000-04-03,2003-12-09,2833.8
GDPC1,1964-04-01,2003-12-10,2009-07-30,2984.8
GDPC1,1964-04-01,2009-07-31,2011-07-28,3376.6
GDPC1,1964-04-01,2011-07-29,2013-07-30,3373.7
GDPC1,1964-04-01,2013-07-31,2014-07-29,3712.9
GDPC1,1964-04-01,2014-07-30,2017-10-26,3716.4
GDPC1,1964-04-01,2017-10-27,2018-07-26,3716.382
GDPC1,1964-04-01,2018-07-27,2021-07-28,3893.296
GDPC1,1964-04-01,2021-07-29,2023-09-27,3895.793
GDPC1,1964-04-01,2023-09-28,9999-12-31,4180.592
GDPC1,1964-07-01,1991-12-04,1992-04-27,2359.8
GDPC1,1964-07-01,1992-04-28,1996-01-18,2357.4
GDPC1,1964-07-01,1996-01-19,1997-05-06,2723.9
GDPC1,1964-07-01,1997-05-07,1999-10-27,2729.6
GDPC1,1964-07-01,1999-10-29,2000-04-02,2848
GDPC1,1964-07-01,2000-04-03,2003-12-09,2872
GDPC1,1964-07-01,2003-12-10,2009-07-30,3025.5
GDPC1,1964-07-01,2009-07-31,2011-07-28,3422.5
GDPC1,1964-07-01,2011-07-29,2013-07-30,3419.5
GDPC1,1964-07-01,2013-07-31,2014-07-29,3763.3
GDPC1,1964-07-01,2014-07-30,2017-10-26,3766.9
GDPC1,1964-07-01,2017-10-27,2018-07-26,3766.862
GDPC1,1964-07-01,2018-07-27,2021-07-28,3954.121
GDPC1,1964-07-01,2021-07-29,2023-09-27,3956.657
GDPC1,1964-07-01,2023-09-28,9999-12-31,4245.918
GDPC1,1964-10-01,1991-12-04,1992-04-27,2365.1
GDPC1,1964-10-01,1992-04-28,1996-01-18,2364
GDPC1,1964-10-01,1996-01-19,1997-05-06,2733.6
GDPC1,1964-10-01,1997-05-07,1999-10-27,2739.7
GDPC1,1964-10-01,1999-10-29,2000-04-02,2855.3
GDPC1,1964-10-01,2000-04-03,2003-12-09,2879.5
GDPC1,1964-10-01,2003-12-10,2009-07-30,3033.6
GDPC1,1964-10-01,2009-07-31,2011-07-28,3432
GDPC1,1964-10-01,2011-07-29,2013-07-30,3429
GDPC1,1964-10-01,2013-07-31,2014-07-29,3776.6
GDPC1,1964-10-01,2014-07-30,2017-10-26,3780.2
GDPC1,1964-10-01,2017-10-27,2018-07-26,3780.219
GDPC1,1964-10-01,2018-07-27,2021-07-28,3966.335
GDPC1,1964-10-01,2021-07-29,2023-09-27,3968.878
GDPC1,1964-10-01,2023-09-28,9999-12-31,4259.046
GDPC1,1965-01-01,1991-12-04,1992-04-27,2410.4
GDPC1,1965-01-01,1992-04-28,1996-01-18,2410.1
GDPC1,1965-01-01,1996-01-19,1997-05-06,2800.8
GDPC1,1965-01-01,1997-05-07,1999-10-27,2808.9
GDPC1,1965-01-01,1999-10-29,2000-04-02,2925.1
GDPC1,1965-01-01,2000-04-03,2003-12-09,2950.1
GDPC1,1965-01-01,2003-12-10,2009-07-30,3108.2
GDPC1,1965-01-01,2009-07-31,2011-07-28,3516.3
GDPC1,1965-01-01,2011-07-29,2013-07-30,3513.3
GDPC1,1965-01-01,2013-07-31,2014-07-29,3869.8
GDPC1,1965-01-01,2014-07-30,2017-10-26,3873.5
GDPC1,1965-01-01,2017-10-27,2018-07-26,3873.452
GDPC1,1965-01-01,2018-07-27,2021-07-28,4062.311
GDPC1,1965-01-01,2021-07-29,2023-09-27,4064.915
GDPC1,1965-01-01,2023-09-28,9999-12-31,4362.111
GDPC1,1965-04-01,1991-12-04,1992-04-27,2443.9
GDPC1,1965-04-01,1992-04-28,1996-01-18,2442.8
GDPC1,1965-04-01,1996-01-19,1997-05-06,2844.2
GDPC1,1965-04-01,1997-05-07,1999-10-27,2846.3
GDPC1,1965-04-01,1999-10-29,2000-04-02,2964.4
GDPC1,1965-04-01,2000-04-03,2003-12-09,2989.9
GDPC1,1965-04-01,2003-12-10,2009-07-30,3150.2
GDPC1,1965-04-01,2009-07-31,2011-07-28,3564
GDPC1,1965-04-01,2011-07-29,2013-07-30,3560.9
GDPC1,1965-04-01,2013-07-31,2014-07-29,3922.7
GDPC1,1965-04-01,2014-07-30,2017-10-26,3926.4
GDPC1,1965-04-01,2017-10-27,2018-07-26,3926.406
GDPC1,1965-04-01,2018-07-27,2021-07-28,4113.629
GDPC1,1965-04-01,2021-07-29,2023-09-27,4116.267
GDPC1,1965-04-01,2023-09-28,9999-12-31,4417.225
GDPC1,1965-07-01,1991-12-04,1992-04-27,2488.1
GDPC1,1965-07-01,1992-04-28,1996-01-18,2485.5
GDPC1,1965-07-01,1996-01-19,1997-05-06,2889.2
GDPC1,1965-07-01,1997-05-07,1999-10-27,2898.8
GDPC1,1965-07-01,1999-10-29,2000-04-02,3024.6
GDPC1,1965-07-01,2000-04-03,2003-12-09,3050.7
GDPC1,1965-07-01,2003-12-10,2009-07-30,3214.1
GDPC1,1965-07-01,2009-07-31,2011-07-28,3636.3
GDPC1,1965-07-01,2011-07-29,2013-07-30,3633.2
GDPC1,1965-07-01,2013-07-31,2014-07-29,4002.4
GDPC1,1965-07-01,2014-07-30,2017-10-26,4006.2
GDPC1,1965-07-01,2017-10-27,2018-07-26,4006.152
GDPC1,1965-07-01,2018-07-27,2021-07-28,4205.086
GDPC1,1965-07-01,2021-07-29,2023-09-27,4207.782
GDPC1,1965-07-01,2023-09-28,9999-12-31,4515.427
GDPC1,1965-10-01,1991-12-04,1992-04-27,2551.4
GDPC1,1965-10-01,1992-04-28,1996-01-18,2543.8
GDPC1,1965-10-01,1996-01-19,1997-05-06,2965.2
GDPC1,1965-10-01,1997-05-07,1999-10-27,2970.5
GDPC1,1965-10-01,1999-10-29,2000-04-02,3096.8
GDPC1,1965-10-01,2000-04-03,2003-12-09,3123.6
GDPC1,1965-10-01,2003-12-10,2009-07-30,3291.8
GDPC1,1965-10-01,2009-07-31,2011-07-28,3724
GDPC1,1965-10-01,2011-07-29,2013-07-30,3720.8
GDPC1,1965-10-01,2013-07-31,2014-07-29,4096.7
GDPC1,1965-10-01,2014-07-30,2017-10-26,4100.6
GDPC1,1965-10-01,2017-10-27,2018-07-26,4100.631
GDPC1,1965-10-01,2018-07-27,2021-07-28,4301.973
GDPC1,1965-10-01,2021-07-29,2023-09-27,4304.731
GDPC1,1965-10-01,2023-09-28,9999-12-31,4619.458
GDPC1,1966-01-01,1991-12-04,1992-04-27,2601.8
GDPC1,1966-01-01,1992-04-28,1996-01-18,2596.8
GDPC1,1966-01-01,1996-01-19,1997-05-06,3034.4
GDPC1,1966-01-01,1997-05-07,1999-10-27,3042.4
GDPC1,1966-01-01,1999-10-29,2000-04-02,3173.4
GDPC1,1966-01-01,2000-04-03,2003-12-09,3201.1
GDPC1,1966-01-01,2003-12-10,2009-07-30,3372.3
GDPC1,1966-01-01,2009-07-31,2011-07-28,3815.4
GDPC1,1966-01-01,2011-07-29,2013-07-30,3812.2
GDPC1,1966-01-01,2013-07-31,2014-07-29,4197.9
GDPC1,1966-01-01,2014-07-30,2017-10-26,4201.9
GDPC1,1966-01-01,2017-10-27,2018-07-26,4201.891
GDPC1,1966-01-01,2018-07-27,2021-07-28,4406.693
GDPC1,1966-01-01,2021-07-29,2023-09-27,4409.518
GDPC1,1966-01-01,2023-09-28,9999-12-31,4731.888
GDPC1,1966-04-01,1991-12-04,1992-04-27,2606.7
GDPC1,1966-04-01,1992-04-28,1996-01-18,2601.4
GDPC1,1966-04-01,1996-01-19,1997-05-06,3046.2
GDPC1,1966-04-01,1997-05-07,1999-10-27,3055.5
GDPC1,1966-04-01,1999-10-29,2000-04-02,3185.4
GDPC1,1966-04-01,2000-04-03,2003-12-09,3213.2
GDPC1,1966-04-01,2003-12-10,2009-07-30,3384
GDPC1,1966-04-01,2009-07-31,2011-07-28,3828.1
GDPC1,1966-04-01,2011-07-29,2013-07-30,3824.9
GDPC1,1966-04-01,2013-07-31,2014-07-29,4215.1
GDPC1,1966-04-01,2014-07-30,2017-10-26,4219.1
GDPC1,1966-04-01,2017-10-27,2018-07-26,4219.097
GDPC1,1966-04-01,2018-07-27,2021-07-28,4421.747
GDPC1,1966-04-01,2021-07-29,2023-09-27,4424.581
GDPC1,1966-04-01,2023-09-28,9999-12-31,4748.046
GDPC1,1966-07-01,1991-12-04,1992-04-27,2634.7
GDPC1,1966-07-01,1992-04-28,1996-01-18,2626.1
GDPC1,1966-07-01,1996-01-19,1997-05-06,3067.6
GDPC1,1966-07-01,1997-05-07,1999-10-27,3076.5
GDPC1,1966-07-01,1999-10-29,2000-04-02,3205.7
GDPC1,1966-07-01,2000-04-03,2003-12-09,3233.6
GDPC1,1966-07-01,2003-12-10,2009-07-30,3406.3
GDPC1,1966-07-01,2009-07-31,2011-07-28,3853.3
GDPC1,1966-07-01,2011-07-29,2013-07-30,3850
GDPC1,1966-07-01,2013-07-31,2014-07-29,4245.2
GDPC1,1966-07-01,2014-07-30,2017-10-26,4249.2
GDPC1,1966-07-01,2017-10-27,2018-07-26,4249.152
GDPC1,1966-07-01,2018-07-27,2021-07-28,4459.195
GDPC1,1966-07-01,2021-07-29,2023-09-27,4462.053
GDPC1,1966-07-01,2023-09-28,9999-12-31,4788.254
GDPC1,1966-10-01,1991-12-04,1992-04-27,2646.1
GDPC1,1966-10-01,1992-04-28,1996-01-18,2640.5
GDPC1,1966-10-01,1996-01-19,1997-05-06,3092.6
GDPC1,1966-10-01,1997-05-07,1999-10-27,3102.4
GDPC1,1966-10-01,1999-10-29,2000-04-02,3233.5
GDPC1,1966-10-01,2000-04-03,2003-12-09,3261.8
GDPC1,1966-10-01,2003-12-10,2009-07-30,3433.7
GDPC1,1966-10-01,2009-07-31,2011-07-28,3884.5
GDPC1,1966-10-01,2011-07-29,2013-07-30,3881.2
GDPC1,1966-10-01,2013-07-31,2014-07-29,4281.6
GDPC1,1966-10-01,2014-07-30,2017-10-26,4285.6
GDPC1,1966-10-01,2017-10-27,2018-07-26,4285.582
GDPC1,1966-10-01,2018-07-27,2021-07-28,4495.777
GDPC1,1966-10-01,2021-07-29,2023-09-27,4498.66
GDPC1,1966-10-01,2023-09-28,9999-12-31,4827.537
GDPC1,1967-01-01,1991-12-04,1992-04-27,2662.1
GDPC1,1967-01-01,1992-04-28,1996-01-18,2657.2
GDPC1,1967-01-01,1996-01-19,1997-05-06,3119.7
GDPC1,1967-01-01,1997-05-07,1999-10-27,3127.2
GDPC1,1967-01-01,1999-10-29,2000-04-02,3263.2
GDPC1,1967-01-01,2000-04-03,2003-12-09,3291.8
GDPC1,1967-01-01,2003-12-10,2009-07-30,3464.1
GDPC1,1967-01-01,2009-07-31,2011-07-28,3918.7
GDPC1,1967-01-01,2011-07-29,2013-07-30,3915.4
GDPC1,1967-01-01,2013-07-31,2014-07-29,4320.9
GDPC1,1967-01-01,2014-07-30,2017-10-26,4324.9
GDPC1,1967-01-01,2017-10-27,2018-07-26,4324.926
GDPC1,1967-01-01,2018-07-27,2021-07-28,4535.591
GDPC1,1967-01-01,2021-07-29,2023-09-27,4538.498
GDPC1,1967-01-01,2023-09-28,9999-12-31,4870.299
GDPC1,1967-04-01,1991-12-04,1992-04-27,2673.7
GDPC1,1967-04-01,1992-04-28,1996-01-18,2669
GDPC1,1967-04-01,1996-01-19,1997-05-06,3122.3
GDPC1,1967-04-01,1997-05-07,1999-10-27,3129.5
GDPC1,1967-04-01,1999-10-29,2000-04-02,3261.1
GDPC1,1967-04-01,2000-04-03,2003-12-09,3289.7
GDPC1,1967-04-01,2003-12-10,2009-07-30,3464.3
GDPC1,1967-04-01,2009-07-31,2011-07-28,3919.6
GDPC1,1967-04-01,2011-07-29,2013-07-30,3916.2
GDPC1,1967-04-01,2013-07-31,2014-07-29,4324.7
GDPC1,1967-04-01,2014-07-30,2017-10-26,4328.7
GDPC1,1967-04-01,2017-10-27,2018-07-26,4328.72
GDPC1,1967-04-01,2018-07-27,2021-07-28,4538.37
GDPC1,1967-04-01,2021-07-29,2023-09-27,4541.28
GDPC1,1967-04-01,2023-09-28,9999-12-31,4873.287
GDPC1,1967-07-01,1991-12-04,1992-04-27,2704.9
GDPC1,1967-07-01,1992-04-28,1996-01-18,2699.5
GDPC1,1967-07-01,1996-01-19,1997-05-06,3147.3
GDPC1,1967-07-01,1997-05-07,1999-10-27,3154.2
GDPC1,1967-07-01,1999-10-29,2000-04-02,3284.6
GDPC1,1967-07-01,2000-04-03,2003-12-09,3313.5
GDPC1,1967-07-01,2003-12-10,2009-07-30,3491.8
GDPC1,1967-07-01,2009-07-31,2011-07-28,3950.8
GDPC1,1967-07-01,2011-07-29,2013-07-30,3947.5
GDPC1,1967-07-01,2013-07-31,2014-07-29,4362
GDPC1,1967-07-01,2014-07-30,2017-10-26,4366.1
GDPC1,1967-07-01,2017-10-27,2018-07-26,4366.088
GDPC1,1967-07-01,2018-07-27,2021-07-28,4581.309
GDPC1,1967-07-01,2021-07-29,2023-09-27,4584.246
GDPC1,1967-07-01,2023-09-28,9999-12-31,4919.392
GDPC1,1967-10-01,1991-12-04,1992-04-27,2720.6
GDPC1,1967-10-01,1992-04-28,1996-01-18,2715.1
GDPC1,1967-10-01,1996-01-19,1997-05-06,3171.6
GDPC1,1967-10-01,1997-05-07,1999-10-27,3178
GDPC1,1967-10-01,1999-10-29,2000-04-02,3309.1
GDPC1,1967-10-01,2000-04-03,2003-12-09,3338.3
GDPC1,1967-10-01,2003-12-10,2009-07-30,3518.2
GDPC1,1967-10-01,2009-07-31,2011-07-28,3981
GDPC1,1967-10-01,2011-07-29,2013-07-30,3977.6
GDPC1,1967-10-01,2013-07-31,2014-07-29,4397.1
GDPC1,1967-10-01,2014-07-30,2017-10-26,4401.2
GDPC1,1967-10-01,2017-10-27,2018-07-26,4401.233
GDPC1,1967-10-01,2018-07-27,2021-07-28,4615.853
GDPC1,1967-10-01,2021-07-29,2023-09-27,4618.812
GDPC1,1967-10-01,2023-09-28,9999-12-31,4956.477
GDPC1,1968-01-01,1991-12-04,1992-04-27,2758
GDPC1,1968-01-01,1992-04-28,1996-01-18,2752.1
GDPC1,1968-01-01,1996-01-19,1997-05-06,3230.2
GDPC1,1968-01-01,1997-05-07,1999-10-27,3236.2
GDPC1,1968-01-01,1999-10-29,2000-04-02,3375.9
GDPC1,1968-01-01,2000-04-03,2003-12-09,3406.2
GDPC1,1968-01-01,2003-12-10,2009-07-30,3590.7
GDPC1,1968-01-01,2009-07-31,2011-07-28,4063
GDPC1,1968-01-01,2011-07-29,2013-07-30,4059.5
GDPC1,1968-01-01,2013-07-31,2014-07-29,4486.4
GDPC1,1968-01-01,2014-07-30,2017-10-26,4490.6
GDPC1,1968-01-01,2017-10-27,2018-07-26,4490.609
GDPC1,1968-01-01,2018-07-27,2021-07-28,4709.993
GDPC1,1968-01-01,2021-07-29,2023-09-27,4713.013
GDPC1,1968-01-01,2023-09-28,9999-12-31,5057.553
GDPC1,1968-04-01,1991-12-04,1992-04-27,2802.2
GDPC1,1968-04-01,1992-04-28,1996-01-18,2796.9
GDPC1,1968-04-01,1996-01-19,1997-05-06,3286.6
GDPC1,1968-04-01,1997-05-07,1999-10-27,3292.1
GDPC1,1968-04-01,1999-10-29,2000-04-02,3434
GDPC1,1968-04-01,2000-04-03,2003-12-09,3464.8
GDPC1,1968-04-01,2003-12-10,2009-07-30,3651.6
GDPC1,1968-04-01,2009-07-31,2011-07-28,4132
GDPC1,1968-04-01,2011-07-29,2013-07-30,4128.5
GDPC1,1968-04-01,2013-07-31,2014-07-29,4562.2
GDPC1,1968-04-01,2014-07-30,2017-10-26,4566.4
GDPC1,1968-04-01,2017-10-27,2018-07-26,4566.442
GDPC1,1968-04-01,2018-07-27,2021-07-28,4788.688
GDPC1,1968-04-01,2021-07-29,2023-09-27,4791.758
GDPC1,1968-04-01,2023-09-28,9999-12-31,5142.033
GDPC1,1968-07-01,1991-12-04,1992-04-27,2819.1
GDPC1,1968-07-01,1992-04-28,1996-01-18,2816.8
GDPC1,1968-07-01,1996-01-19,1997-05-06,3311.1
GDPC1,1968-07-01,1997-05-07,1999-10-27,3316.1
GDPC1,1968-07-01,1999-10-29,2000-04-02,3458.6
GDPC1,1968-07-01,2000-04-03,2003-12-09,3489.2
GDPC1,1968-07-01,2003-12-10,2009-07-30,3676.5
GDPC1,1968-07-01,2009-07-31,2011-07-28,4160.3
GDPC1,1968-07-01,2011-07-29,2013-07-30,4156.7
GDPC1,1968-07-01,2013-07-31,2014-07-29,4595
GDPC1,1968-07-01,2014-07-30,2017-10-26,4599.3
GDPC1,1968-07-01,2017-10-27,2018-07-26,4599.332
GDPC1,1968-07-01,2018-07-27,2021-07-28,4825.799
GDPC1,1968-07-01,2021-07-29,2023-09-27,4828.892
GDPC1,1968-07-01,2023-09-28,9999-12-31,5181.859
GDPC1,1968-10-01,1991-12-04,1992-04-27,2824.8
GDPC1,1968-10-01,1992-04-28,1996-01-18,2821.7
GDPC1,1968-10-01,1996-01-19,1997-05-06,3326.3
GDPC1,1968-10-01,1997-05-07,1999-10-27,3331.2
GDPC1,1968-10-01,1999-10-29,2000-04-02,3473.9
GDPC1,1968-10-01,2000-04-03,2003-12-09,3504.1
GDPC1,1968-10-01,2003-12-10,2009-07-30,3692
GDPC1,1968-10-01,2009-07-31,2011-07-28,4178.3
GDPC1,1968-10-01,2011-07-29,2013-07-30,4174.7
GDPC1,1968-10-01,2013-07-31,2014-07-29,4615.4
GDPC1,1968-10-01,2014-07-30,2017-10-26,4619.8
GDPC1,1968-10-01,2017-10-27,2018-07-26,4619.803
GDPC1,1968-10-01,2018-07-27,2021-07-28,4844.779
GDPC1,1968-10-01,2021-07-29,2023-09-27,4847.885
GDPC1,1968-10-01,2023-09-28,9999-12-31,5202.212
GDPC1,1969-01-01,1991-12-04,1992-04-27,2867.4
GDPC1,1969-01-01,1992-04-28,1996-01-18,2864.6
GDPC1,1969-01-01,1996-01-19,1997-05-06,3376.9
GDPC1,1969-01-01,1997-05-07,1999-10-27,3381.9
GDPC1,1969-01-01,1999-10-29,2000-04-02,3529.1
GDPC1,1969-01-01,2000-04-03,2003-12-09,3558.3
GDPC1,1969-01-01,2003-12-10,2009-07-30,3750.2
GDPC1,1969-01-01,2009-07-31,2011-07-28,4244.1
GDPC1,1969-01-01,2011-07-29,2013-07-30,4240.5
GDPC1,1969-01-01,2013-07-31,2014-07-29,4687.1
GDPC1,1969-01-01,2014-07-30,2017-10-26,4691.6
GDPC1,1969-01-01,2017-10-27,2018-07-26,4691.637
GDPC1,1969-01-01,2018-07-27,2021-07-28,4920.605
GDPC1,1969-01-01,2021-07-29,2023-09-27,4923.76
GDPC1,1969-01-01,2023-09-28,9999-12-31,5283.597
GDPC1,1969-04-01,1991-12-04,1992-04-27,2872.5
GDPC1,1969-04-01,1992-04-28,1996-01-18,2867.8
GDPC1,1969-04-01,1996-01-19,1997-05-06,3385.2
GDPC1,1969-04-01,1997-05-07,1999-10-27,3390.2
GDPC1,1969-04-01,1999-10-29,2000-04-02,3539.2
GDPC1,1969-04-01,2000-04-03,2003-12-09,3567.6
GDPC1,1969-04-01,2003-12-10,2009-07-30,3760.9
GDPC1,1969-04-01,2009-07-31,2011-07-28,4256.5
GDPC1,1969-04-01,2011-07-29,2013-07-30,4252.8
GDPC1,1969-04-01,2013-07-31,2014-07-29,4702.1
GDPC1,1969-04-01,2014-07-30,2017-10-26,4706.7
GDPC1,1969-04-01,2017-10-27,2018-07-26,4706.684
GDPC1,1969-04-01,2018-07-27,2021-07-28,4935.564
GDPC1,1969-04-01,2021-07-29,2023-09-27,4938.728
GDPC1,1969-04-01,2023-09-28,9999-12-31,5299.625
GDPC1,1969-07-01,1991-12-04,1992-04-27,2887.9
GDPC1,1969-07-01,1992-04-28,1996-01-18,2884.5
GDPC1,1969-07-01,1996-01-19,1997-05-06,3404.3
GDPC1,1969-07-01,1997-05-07,1999-10-27,3409.7
GDPC1,1969-07-01,1999-10-29,2000-04-02,3560.5
GDPC1,1969-07-01,2000-04-03,2003-12-09,3588.3
GDPC1,1969-07-01,2003-12-10,2009-07-30,3784.2
GDPC1,1969-07-01,2009-07-31,2011-07-28,4283.4
GDPC1,1969-07-01,2011-07-29,2013-07-30,4279.7
GDPC1,1969-07-01,2013-07-31,2014-07-29,4731.5
GDPC1,1969-07-01,2014-07-30,2017-10-26,4736.1
GDPC1,1969-07-01,2017-10-27,2018-07-26,4736.143
GDPC1,1969-07-01,2018-07-27,2021-07-28,4968.164
GDPC1,1969-07-01,2021-07-29,2023-09-27,4971.349
GDPC1,1969-07-01,2023-09-28,9999-12-31,5334.6
GDPC1,1969-10-01,1991-12-04,1992-04-27,2880.6
GDPC1,1969-10-01,1992-04-28,1996-01-18,2875.1
GDPC1,1969-10-01,1996-01-19,1997-05-06,3385.6
GDPC1,1969-10-01,1997-05-07,1999-10-27,3392.6
GDPC1,1969-10-01,1999-10-29,2000-04-02,3544
GDPC1,1969-10-01,2000-04-03,2003-12-09,3571.4
GDPC1,1969-10-01,2003-12-10,2009-07-30,3766.3
GDPC1,1969-10-01,2009-07-31,2011-07-28,4263.3
GDPC1,1969-10-01,2011-07-29,2013-07-30,4259.6
GDPC1,1969-10-01,2013-07-31,2014-07-29,4711
GDPC1,1969-10-01,2014-07-30,2017-10-26,4715.5
GDPC1,1969-10-01,2017-10-27,2018-07-26,4715.469
GDPC1,1969-10-01,2018-07-27,2021-07-28,4943.935
GDPC1,1969-10-01,2021-07-29,2023-09-27,4947.104
GDPC1,1969-10-01,2023-09-28,9999-12-31,5308.556
GDPC1,1970-01-01,1991-12-04,1992-02-27,2872.2
GDPC1,1970-01-01,1992-02-28,1992-04-27,2872.8
GDPC1,1970-01-01,1992-04-28,1996-01-18,2867.8
GDPC1,1970-01-01,1996-01-19,1997-05-06,3378.1
GDPC1,1970-01-01,1997-05-07,1999-10-27,3386.5
GDPC1,1970-01-01,1999-10-29,2000-04-02,3539.3
GDPC1,1970-01-01,2000-04-03,2003-12-09,3566.5
GDPC1,1970-01-01,2003-12-10,2009-07-30,3760
GDPC1,1970-01-01,2009-07-31,2011-07-28,4256.6
GDPC1,1970-01-01,2011-07-29,2013-07-30,4252.9
GDPC1,1970-01-01,2013-07-31,2014-07-29,4702.8
GDPC1,1970-01-01,2014-07-30,2017-10-26,4707.1
GDPC1,1970-01-01,2017-10-27,2018-07-26,4707.112
GDPC1,1970-01-01,2018-07-27,2021-07-28,4936.594
GDPC1,1970-01-01,2021-07-29,2023-09-27,4939.759
GDPC1,1970-01-01,2023-09-28,9999-12-31,5300.652
GDPC1,1970-04-01,1991-12-04,1992-02-27,2859.4
GDPC1,1970-04-01,1992-02-28,1992-04-27,2860.3
GDPC1,1970-04-01,1992-04-28,1996-01-18,2859.5
GDPC1,1970-04-01,1996-01-19,1997-05-06,3382.1
GDPC1,1970-04-01,1997-05-07,1999-10-27,3391.6
GDPC1,1970-04-01,1999-10-29,2000-04-02,3546.1
GDPC1,1970-04-01,2000-04-03,2003-12-09,3573.9
GDPC1,1970-04-01,2003-12-10,2009-07-30,3767.1
GDPC1,1970-04-01,2009-07-31,2011-07-28,4264.3
GDPC1,1970-04-01,2011-07-29,2013-07-30,4260.7
GDPC1,1970-04-01,2013-07-31,2014-07-29,4711.1
GDPC1,1970-04-01,2014-07-30,2017-10-26,4715.4
GDPC1,1970-04-01,2017-10-27,2018-07-26,4715.441
GDPC1,1970-04-01,2018-07-27,2021-07-28,4943.6
GDPC1,1970-04-01,2021-07-29,2023-09-27,4946.77
GDPC1,1970-04-01,2023-09-28,9999-12-31,5308.164
GDPC1,1970-07-01,1991-12-04,1992-02-27,2896.5
GDPC1,1970-07-01,1992-02-28,1992-04-27,2896.6
GDPC1,1970-07-01,1992-04-28,1996-01-18,2895
GDPC1,1970-07-01,1996-01-19,1997-05-06,3412.9
GDPC1,1970-07-01,1997-05-07,1999-10-27,3423
GDPC1,1970-07-01,1999-10-29,2000-04-02,3576
GDPC1,1970-07-01,2000-04-03,2003-12-09,3605.2
GDPC1,1970-07-01,2003-12-10,2009-07-30,3800.5
GDPC1,1970-07-01,2009-07-31,2011-07-28,4302.3
GDPC1,1970-07-01,2011-07-29,2013-07-30,4298.6
GDPC1,1970-07-01,2013-07-31,2014-07-29,4752.8
GDPC1,1970-07-01,2014-07-30,2017-10-26,4757.2
GDPC1,1970-07-01,2017-10-27,2018-07-26,4757.213
GDPC1,1970-07-01,2018-07-27,2021-07-28,4989.159
GDPC1,1970-07-01,2021-07-29,2023-09-27,4992.357
GDPC1,1970-07-01,2023-09-28,9999-12-31,5357.077
GDPC1,1970-10-01,1991-12-04,1992-02-27,2875.3
GDPC1,1970-10-01,1992-02-28,1992-04-27,2873.7
GDPC1,1970-10-01,1992-04-28,1996-01-18,2873.3
GDPC1,1970-10-01,1996-01-19,1997-05-06,3379.6
GDPC1,1970-10-01,1997-05-07,1999-10-27,3389.4
GDPC1,1970-10-01,1999-10-29,2000-04-02,3536.1
GDPC1,1970-10-01,2000-04-03,2003-12-09,3566.5
GDPC1,1970-10-01,2003-12-10,2009-07-30,3759.8
GDPC1,1970-10-01,2009-07-31,2011-07-28,4256.6
GDPC1,1970-10-01,2011-07-29,2013-07-30,4253
GDPC1,1970-10-01,2013-07-31,2014-07-29,4703.9
GDPC1,1970-10-01,2014-07-30,2017-10-26,4708.3
GDPC1,1970-10-01,2017-10-27,2018-07-26,4708.281
GDPC1,1970-10-01,2018-07-27,2021-07-28,4935.693
GDPC1,1970-10-01,2021-07-29,2023-09-27,4938.857
GDPC1,1970-10-01,2023-09-28,9999-12-31,5299.672
GDPC1,1971-01-01,1991-12-04,1992-02-27,2947.1
GDPC1,1971-01-01,1992-02-28,1992-04-27,2942.9
GDPC1,1971-01-01,1992-04-28,1996-01-18,2939.9
GDPC1,1971-01-01,1996-01-19,1997-05-06,3471.5
GDPC1,1971-01-01,1997-05-07,1999-10-27,3481.4
GDPC1,1971-01-01,1999-10-29,2000-04-02,3631.9
GDPC1,1971-01-01,2000-04-03,2003-12-09,3666.1
GDPC1,1971-01-01,2003-12-10,2009-07-30,3864.1
GDPC1,1971-01-01,2009-07-31,2011-07-28,4374
GDPC1,1971-01-01,2011-07-29,2013-07-30,4370.3
GDPC1,1971-01-01,2013-07-31,2014-07-29,4829.9
GDPC1,1971-01-01,2014-07-30,2017-10-26,4834.3
GDPC1,1971-01-01,2017-10-27,2018-07-26,4834.349
GDPC1,1971-01-01,2018-07-27,2021-07-28,5069.746
GDPC1,1971-01-01,2021-07-29,2023-09-27,5072.996
GDPC1,1971-01-01,2023-09-28,9999-12-31,5443.619
GDPC1,1971-04-01,1991-12-04,1992-02-27,2953.8
GDPC1,1971-04-01,1992-02-28,1992-04-27,2947.4
GDPC1,1971-04-01,1992-04-28,1996-01-18,2944.2
GDPC1,1971-04-01,1996-01-19,1997-05-06,3491.3
GDPC1,1971-04-01,1997-05-07,1999-10-27,3500.9
GDPC1,1971-04-01,1999-10-29,2000-04-02,3649.7
GDPC1,1971-04-01,2000-04-03,2003-12-09,3686.2
GDPC1,1971-04-01,2003-12-10,2009-07-30,3885.9
GDPC1,1971-04-01,2009-07-31,2011-07-28,4398.8
GDPC1,1971-04-01,2011-07-29,2013-07-30,4395.1
GDPC1,1971-04-01,2013-07-31,2014-07-29,4857.4
GDPC1,1971-04-01,2014-07-30,2017-10-26,4861.9
GDPC1,1971-04-01,2017-10-27,2018-07-26,4861.938
GDPC1,1971-04-01,2018-07-27,2021-07-28,5097.179
GDPC1,1971-04-01,2021-07-29,2023-09-27,5100.447
GDPC1,1971-04-01,2023-09-28,9999-12-31,5473.059
GDPC1,1971-07-01,1991-12-04,1992-02-27,2972.8
GDPC1,1971-07-01,1992-02-28,1992-04-27,2966
GDPC1,1971-07-01,1992-04-28,1996-01-18,2962.3
GDPC1,1971-07-01,1996-01-19,1997-05-06,3514
GDPC1,1971-07-01,1997-05-07,1999-10-27,3523.8
GDPC1,1971-07-01,1999-10-29,2000-04-02,3675.8
GDPC1,1971-07-01,2000-04-03,2003-12-09,3714.5
GDPC1,1971-07-01,2003-12-10,2009-07-30,3916.7
GDPC1,1971-07-01,2009-07-31,2011-07-28,4433.9
GDPC1,1971-07-01,2011-07-29,2013-07-30,4430.2
GDPC1,1971-07-01,2013-07-31,2014-07-29,4895.3
GDPC1,1971-07-01,2014-07-30,2017-10-26,4900
GDPC1,1971-07-01,2017-10-27,2018-07-26,4899.95
GDPC1,1971-07-01,2018-07-27,2021-07-28,5139.128
GDPC1,1971-07-01,2021-07-29,2023-09-27,5142.422
GDPC1,1971-07-01,2023-09-28,9999-12-31,5518.072
GDPC1,1971-10-01,1991-12-04,1992-02-27,2986.6
GDPC1,1971-10-01,1992-02-28,1992-04-27,2980.8
GDPC1,1971-10-01,1992-04-28,1996-01-18,2977.3
GDPC1,1971-10-01,1996-01-19,1997-05-06,3523.6
GDPC1,1971-10-01,1997-05-07,1999-10-27,3533.8
GDPC1,1971-10-01,1999-10-29,2000-04-02,3683.5
GDPC1,1971-10-01,2000-04-03,2003-12-09,3723.8
GDPC1,1971-10-01,2003-12-10,2009-07-30,3927.9
GDPC1,1971-10-01,2009-07-31,2011-07-28,4446.3
GDPC1,1971-10-01,2011-07-29,2013-07-30,4442.5
GDPC1,1971-10-01,2013-07-31,2014-07-29,4909.5
GDPC1,1971-10-01,2014-07-30,2017-10-26,4914.3
GDPC1,1971-10-01,2017-10-27,2018-07-26,4914.261
GDPC1,1971-10-01,2018-07-27,2021-07-28,5151.245
GDPC1,1971-10-01,2021-07-29,2023-09-27,5154.547
GDPC1,1971-10-01,2023-09-28,9999-12-31,5531.032
GDPC1,1972-01-01,1991-12-04,1992-02-27,3040.1
GDPC1,1972-01-01,1992-02-28,1996-01-18,3037.3
GDPC1,1972-01-01,1996-01-19,1997-05-06,3593.9
GDPC1,1972-01-01,1997-05-07,1999-10-27,3604.7
GDPC1,1972-01-01,1999-10-29,2000-04-02,3755.6
GDPC1,1972-01-01,2000-04-03,2003-12-09,3796.9
GDPC1,1972-01-01,2003-12-10,2009-07-30,3997.7
GDPC1,1972-01-01,2009-07-31,2011-07-28,4525.8
GDPC1,1972-01-01,2011-07-29,2013-07-30,4521.9
GDPC1,1972-01-01,2013-07-31,2014-07-29,4997
GDPC1,1972-01-01,2014-07-30,2017-10-26,5002.4
GDPC1,1972-01-01,2017-10-27,2018-07-26,5002.436
GDPC1,1972-01-01,2018-07-27,2021-07-28,5245.974
GDPC1,1972-01-01,2021-07-29,2023-09-27,5249.337
GDPC1,1972-01-01,2023-09-28,9999-12-31,5632.649
GDPC1,1972-04-01,1991-12-04,1992-02-27,3090
GDPC1,1972-04-01,1992-02-28,1996-01-18,3089.7
GDPC1,1972-04-01,1996-01-19,1997-05-06,3676.3
GDPC1,1972-04-01,1997-05-07,1999-10-27,3687.9
GDPC1,1972-04-01,1999-10-29,2000-04-02,3840.6
GDPC1,1972-04-01,2000-04-03,2003-12-09,3883.8
GDPC1,1972-04-01,2003-12-10,2009-07-30,4092.1
GDPC1,1972-04-01,2009-07-31,2011-07-28,4633.1
GDPC1,1972-04-01,2011-07-29,2013-07-30,4629.1
GDPC1,1972-04-01,2013-07-31,2014-07-29,5112.7
GDPC1,1972-04-01,2014-07-30,2017-10-26,5118.3
GDPC1,1972-04-01,2017-10-27,2018-07-26,5118.278
GDPC1,1972-04-01,2018-07-27,2021-07-28,5365.045
GDPC1,1972-04-01,2021-07-29,2023-09-27,5368.485
GDPC1,1972-04-01,2023-09-28,9999-12-31,5760.47
GDPC1,1972-07-01,1991-12-04,1992-02-27,3124.6
GDPC1,1972-07-01,1992-02-28,1996-01-18,3125.8
GDPC1,1972-07-01,1996-01-19,1997-05-06,3713.8
GDPC1,1972-07-01,1997-05-07,1999-10-27,3726.2
GDPC1,1972-07-01,1999-10-29,2000-04-02,3877.2
GDPC1,1972-07-01,2000-04-03,2003-12-09,3922.3
GDPC1,1972-07-01,2003-12-10,2009-07-30,4131.1
GDPC1,1972-07-01,2009-07-31,2011-07-28,4677.5
GDPC1,1972-07-01,2011-07-29,2013-07-30,4673.5
GDPC1,1972-07-01,2013-07-31,2014-07-29,5159.8
GDPC1,1972-07-01,2014-07-30,2017-10-26,5165.4
GDPC1,1972-07-01,2017-10-27,2018-07-26,5165.448
GDPC1,1972-07-01,2018-07-27,2021-07-28,5415.712
GDPC1,1972-07-01,2021-07-29,2023-09-27,5419.184
GDPC1,1972-07-01,2023-09-28,9999-12-31,5814.854
GDPC1,1972-10-01,1991-12-04,1992-02-27,3173.6
GDPC1,1972-10-01,1992-02-28,1996-01-18,3175.5
GDPC1,1972-10-01,1996-01-19,1997-05-06,3777.2
GDPC1,1972-10-01,1997-05-07,1999-10-27,3790.4
GDPC1,1972-10-01,1999-10-29,2000-04-02,3943.3
GDPC1,1972-10-01,2000-04-03,2003-12-09,3990.5
GDPC1,1972-10-01,2003-12-10,2009-07-30,4198.7
GDPC1,1972-10-01,2009-07-31,2011-07-28,4754.5
GDPC1,1972-10-01,2011-07-29,2013-07-30,4750.5
GDPC1,1972-10-01,2013-07-31,2014-07-29,5245.5
GDPC1,1972-10-01,2014-07-30,2017-10-26,5251.2
GDPC1,1972-10-01,2017-10-27,2018-07-26,5251.226
GDPC1,1972-10-01,2018-07-27,2021-07-28,5506.396
GDPC1,1972-10-01,2021-07-29,2023-09-27,5509.926
GDPC1,1972-10-01,2023-09-28,9999-12-31,5912.22
GDPC1,1973-01-01,1991-12-04,1992-02-27,3252.2
GDPC1,1973-01-01,1992-02-28,1996-01-18,3253.3
GDPC1,1973-01-01,1996-01-19,1997-05-06,3876.9
GDPC1,1973-01-01,1997-05-07,1999-10-27,3892.2
GDPC1,1973-01-01,1999-10-29,2000-04-02,4040.9
GDPC1,1973-01-01,2000-04-03,2003-12-09,4092.3
GDPC1,1973-01-01,2003-12-10,2009-07-30,4305.3
GDPC1,1973-01-01,2009-07-31,2011-07-28,4876.2
GDPC1,1973-01-01,2011-07-29,2013-07-30,4872
GDPC1,1973-01-01,2013-07-31,2014-07-29,5374.7
GDPC1,1973-01-01,2014-07-30,2017-10-26,5380.5
GDPC1,1973-01-01,2017-10-27,2018-07-26,5380.502
GDPC1,1973-01-01,2018-07-27,2021-07-28,5642.669
GDPC1,1973-01-01,2021-07-29,2023-09-27,5646.286
GDPC1,1973-01-01,2023-09-28,9999-12-31,6058.544
GDPC1,1973-04-01,1991-12-04,1992-02-27,3267.5
GDPC1,1973-04-01,1992-02-28,1996-01-18,3267.6
GDPC1,1973-04-01,1996-01-19,1997-05-06,3903.3
GDPC1,1973-04-01,1997-05-07,1999-10-27,3919
GDPC1,1973-04-01,1999-10-29,2000-04-02,4081.4
GDPC1,1973-04-01,2000-04-03,2003-12-09,4133.3
GDPC1,1973-04-01,2003-12-10,2009-07-30,4355.1
GDPC1,1973-04-01,2009-07-31,2011-07-28,4932.6
GDPC1,1973-04-01,2011-07-29,2013-07-30,4928.4
GDPC1,1973-04-01,2013-07-31,2014-07-29,5435.6
GDPC1,1973-04-01,2014-07-30,2017-10-26,5441.5
GDPC1,1973-04-01,2017-10-27,2018-07-26,5441.504
GDPC1,1973-04-01,2018-07-27,2021-07-28,5704.098
GDPC1,1973-04-01,2021-07-29,2023-09-27,5707.755
GDPC1,1973-04-01,2023-09-28,9999-12-31,6124.506
GDPC1,1973-07-01,1991-12-04,1992-02-27,3264.9
GDPC1,1973-07-01,1992-02-28,1996-01-18,3264.3
GDPC1,1973-07-01,1996-01-19,1997-05-06,3892.8
GDPC1,1973-07-01,1997-05-07,1999-10-27,3907.1
GDPC1,1973-07-01,1999-10-29,2000-04-02,4066.8
GDPC1,1973-07-01,2000-04-03,2003-12-09,4117
GDPC1,1973-07-01,2003-12-10,2009-07-30,4331.9
GDPC1,1973-07-01,2009-07-31,2011-07-28,4906.3
GDPC1,1973-07-01,2011-07-29,2013-07-30,4902.1
GDPC1,1973-07-01,2013-07-31,2014-07-29,5406.1
GDPC1,1973-07-01,2014-07-30,2017-10-26,5411.9
GDPC1,1973-07-01,2017-10-27,2018-07-26,5411.935
GDPC1,1973-07-01,2018-07-27,2021-07-28,5674.1
GDPC1,1973-07-01,2021-07-29,2023-09-27,5677.738
GDPC1,1973-07-01,2023-09-28,9999-12-31,6092.301
GDPC1,1973-10-01,1991-12-04,1992-02-27,3289.7
GDPC1,1973-10-01,1992-02-28,1996-01-18,3289.1
GDPC1,1973-10-01,1996-01-19,1997-05-06,3936.2
GDPC1,1973-10-01,1997-05-07,1999-10-27,3947.1
GDPC1,1973-10-01,1999-10-29,2000-04-02,4103.3
GDPC1,1973-10-01,2000-04-03,2003-12-09,4151.1
GDPC1,1973-10-01,2003-12-10,2009-07-30,4373.3
GDPC1,1973-10-01,2009-07-31,2011-07-28,4953.1
GDPC1,1973-10-01,2011-07-29,2013-07-30,4948.8
GDPC1,1973-10-01,2013-07-31,2014-07-29,5456.5
GDPC1,1973-10-01,2014-07-30,2017-10-26,5462.4
GDPC1,1973-10-01,2017-10-27,2018-07-26,5462.397
GDPC1,1973-10-01,2018-07-27,2021-07-28,5727.96
GDPC1,1973-10-01,2021-07-29,2023-09-27,5731.632
GDPC1,1973-10-01,2023-09-28,9999-12-31,6150.131
GDPC1,1974-01-01,1991-12-04,1996-01-18,3259.4
GDPC1,1974-01-01,1996-01-19,1997-05-06,3903
GDPC1,1974-01-01,1997-05-07,1999-10-27,3908.1
GDPC1,1974-01-01,1999-10-29,2000-04-02,4077.5
GDPC1,1974-01-01,2000-04-03,2003-12-09,4119.3
GDPC1,1974-01-01,2003-12-10,2009-07-30,4335.4
GDPC1,1974-01-01,2009-07-31,2011-07-28,4909.6
GDPC1,1974-01-01,2011-07-29,2013-07-30,4905.4
GDPC1,1974-01-01,2013-07-31,2014-07-29,5411.2
GDPC1,1974-01-01,2014-07-30,2017-10-26,5417
GDPC1,1974-01-01,2017-10-27,2018-07-26,5417.024
GDPC1,1974-01-01,2018-07-27,2021-07-28,5678.713
GDPC1,1974-01-01,2021-07-29,2023-09-27,5682.353
GDPC1,1974-01-01,2023-09-28,9999-12-31,6097.258
GDPC1,1974-04-01,1991-12-04,1996-01-18,3267.6
GDPC1,1974-04-01,1996-01-19,1997-05-06,3920.4
GDPC1,1974-04-01,1997-05-07,1999-10-27,3922.6
GDPC1,1974-04-01,1999-10-29,2000-04-02,4091.8
GDPC1,1974-04-01,2000-04-03,2003-12-09,4130.4
GDPC1,1974-04-01,2003-12-10,2009-07-30,4347.9
GDPC1,1974-04-01,2009-07-31,2011-07-28,4922.2
GDPC1,1974-04-01,2011-07-29,2013-07-30,4918
GDPC1,1974-04-01,2013-07-31,2014-07-29,5425.4
GDPC1,1974-04-01,2014-07-30,2017-10-26,5431.3
GDPC1,1974-04-01,2017-10-27,2018-07-26,5431.265
GDPC1,1974-04-01,2018-07-27,2021-07-28,5692.21
GDPC1,1974-04-01,2021-07-29,2023-09-27,5695.859
GDPC1,1974-04-01,2023-09-28,9999-12-31,6111.751
GDPC1,1974-07-01,1991-12-04,1996-01-18,3239.1
GDPC1,1974-07-01,1996-01-19,1997-05-06,3878.4
GDPC1,1974-07-01,1997-05-07,1999-10-27,3880
GDPC1,1974-07-01,1999-10-29,2000-04-02,4048.9
GDPC1,1974-07-01,2000-04-03,2003-12-09,4084.5
GDPC1,1974-07-01,2003-12-10,2009-07-30,4305.8
GDPC1,1974-07-01,2009-07-31,2011-07-28,4873.5
GDPC1,1974-07-01,2011-07-29,2013-07-30,4869.4
GDPC1,1974-07-01,2013-07-31,2014-07-29,5372.8
GDPC1,1974-07-01,2014-07-30,2017-10-26,5378.7
GDPC1,1974-07-01,2017-10-27,2018-07-26,5378.679
GDPC1,1974-07-01,2018-07-27,2021-07-28,5638.411
GDPC1,1974-07-01,2021-07-29,2023-09-27,5642.025
GDPC1,1974-07-01,2023-09-28,9999-12-31,6053.978
GDPC1,1974-10-01,1991-12-04,1996-01-18,3226.4
GDPC1,1974-10-01,1996-01-19,1997-05-06,3850.9
GDPC1,1974-10-01,1997-05-07,1999-10-27,3854.1
GDPC1,1974-10-01,1999-10-29,2000-04-02,4028.5
GDPC1,1974-10-01,2000-04-03,2003-12-09,4062
GDPC1,1974-10-01,2003-12-10,2009-07-30,4288.9
GDPC1,1974-10-01,2009-07-31,2011-07-28,4854.3
GDPC1,1974-10-01,2011-07-29,2013-07-30,4850.2
GDPC1,1974-10-01,2013-07-31,2014-07-29,5351.4
GDPC1,1974-10-01,2014-07-30,2017-10-26,5357.2
GDPC1,1974-10-01,2017-10-27,2018-07-26,5357.166
GDPC1,1974-10-01,2018-07-27,2021-07-28,5616.526
GDPC1,1974-10-01,2021-07-29,2023-09-27,5620.126
GDPC1,1974-10-01,2023-09-28,9999-12-31,6030.464
GDPC1,1975-01-01,1991-12-04,1996-01-18,3154
GDPC1,1975-01-01,1996-01-19,1997-05-06,3793.6
GDPC1,1975-01-01,1997-05-07,1999-10-27,3800.9
GDPC1,1975-01-01,1999-10-29,2000-04-02,3978.2
GDPC1,1975-01-01,2000-04-03,2003-12-09,4010
GDPC1,1975-01-01,2003-12-10,2009-07-30,4237.6
GDPC1,1975-01-01,2009-07-31,2011-07-28,4795.3
GDPC1,1975-01-01,2011-07-29,2013-07-30,4791.2
GDPC1,1975-01-01,2013-07-31,2014-07-29,5286.7
GDPC1,1975-01-01,2014-07-30,2017-10-26,5292.4
GDPC1,1975-01-01,2017-10-27,2018-07-26,5292.444
GDPC1,1975-01-01,2018-07-27,2021-07-28,5548.156
GDPC1,1975-01-01,2021-07-29,2023-09-27,5551.713
GDPC1,1975-01-01,2023-09-28,9999-12-31,5957.035
GDPC1,1975-04-01,1991-12-04,1996-01-18,3190.4
GDPC1,1975-04-01,1996-01-19,1997-05-06,3825.6
GDPC1,1975-04-01,1997-05-07,1999-10-27,3835.2
GDPC1,1975-04-01,1999-10-29,2000-04-02,4012.7
GDPC1,1975-04-01,2000-04-03,2003-12-09,4045.2
GDPC1,1975-04-01,2003-12-10,2009-07-30,4268.6
GDPC1,1975-04-01,2009-07-31,2011-07-28,4831.9
GDPC1,1975-04-01,2011-07-29,2013-07-30,4827.8
GDPC1,1975-04-01,2013-07-31,2014-07-29,5327.4
GDPC1,1975-04-01,2014-07-30,2017-10-26,5333.2
GDPC1,1975-04-01,2017-10-27,2018-07-26,5333.22
GDPC1,1975-04-01,2018-07-27,2021-07-28,5587.8
GDPC1,1975-04-01,2021-07-29,2023-09-27,5591.382
GDPC1,1975-04-01,2023-09-28,9999-12-31,5999.61
GDPC1,1975-07-01,1991-12-04,1996-01-18,3249.9
GDPC1,1975-07-01,1996-01-19,1997-05-06,3897
GDPC1,1975-07-01,1997-05-07,1999-10-27,3907
GDPC1,1975-07-01,1999-10-29,2000-04-02,4080.7
GDPC1,1975-07-01,2000-04-03,2003-12-09,4115.4
GDPC1,1975-07-01,2003-12-10,2009-07-30,4340.9
GDPC1,1975-07-01,2009-07-31,2011-07-28,4913.3
GDPC1,1975-07-01,2011-07-29,2013-07-30,4909.1
GDPC1,1975-07-01,2013-07-31,2014-07-29,5415.5
GDPC1,1975-07-01,2014-07-30,2017-10-26,5421.4
GDPC1,1975-07-01,2017-10-27,2018-07-26,5421.357
GDPC1,1975-07-01,2018-07-27,2021-07-28,5683.444
GDPC1,1975-07-01,2021-07-29,2023-09-27,5687.087
GDPC1,1975-07-01,2023-09-28,9999-12-31,6102.326
GDPC1,1975-10-01,1991-12-04,1996-01-18,3292.5
GDPC1,1975-10-01,1996-01-19,1997-05-06,3944.2
GDPC1,1975-10-01,1997-05-07,1999-10-27,3952.5
GDPC1,1975-10-01,1999-10-29,2000-04-02,4129.4
GDPC1,1975-10-01,2000-04-03,2003-12-09,4167.2
GDPC1,1975-10-01,2003-12-10,2009-07-30,4397.8
GDPC1,1975-10-01,2009-07-31,2011-07-28,4977.5
GDPC1,1975-10-01,2011-07-29,2013-07-30,4973.3
GDPC1,1975-10-01,2013-07-31,2014-07-29,5488.5
GDPC1,1975-10-01,2014-07-30,2017-10-26,5494.4
GDPC1,1975-10-01,2017-10-27,2018-07-26,5494.446
GDPC1,1975-10-01,2018-07-27,2021-07-28,5759.972
GDPC1,1975-10-01,2021-07-29,2023-09-27,5763.665
GDPC1,1975-10-01,2023-09-28,9999-12-31,6184.53
GDPC1,1976-01-01,1991-12-04,1996-01-18,3356.7
GDPC1,1976-01-01,1996-01-19,1997-05-06,4039.1
GDPC1,1976-01-01,1997-05-07,1999-10-27,4044.6
GDPC1,1976-01-01,1999-10-29,2000-04-02,4222.1
GDPC1,1976-01-01,2000-04-03,2003-12-09,4266.1
GDPC1,1976-01-01,2003-12-10,2009-07-30,4496.8
GDPC1,1976-01-01,2009-07-31,2011-07-28,5090.7
GDPC1,1976-01-01,2011-07-29,2013-07-30,5086.3
GDPC1,1976-01-01,2013-07-31,2014-07-29,5612.4
GDPC1,1976-01-01,2014-07-30,2017-10-26,5618.5
GDPC1,1976-01-01,2017-10-27,2018-07-26,5618.52
GDPC1,1976-01-01,2018-07-27,2021-07-28,5889.5
GDPC1,1976-01-01,2021-07-29,2023-09-27,5893.276
GDPC1,1976-01-01,2023-09-28,9999-12-31,6323.649
GDPC1,1976-04-01,1991-12-04,1996-01-18,3369.2
GDPC1,1976-04-01,1996-01-19,1997-05-06,4068.9
GDPC1,1976-04-01,1997-05-07,1999-10-27,4072.2
GDPC1,1976-04-01,1999-10-29,2000-04-02,4253.6
GDPC1,1976-04-01,2000-04-03,2003-12-09,4301.5
GDPC1,1976-04-01,2003-12-10,2009-07-30,4530.3
GDPC1,1976-04-01,2009-07-31,2011-07-28,5128.9
GDPC1,1976-04-01,2011-07-29,2013-07-30,5124.6
GDPC1,1976-04-01,2013-07-31,2014-07-29,5654.8
GDPC1,1976-04-01,2014-07-30,2017-10-26,5661
GDPC1,1976-04-01,2017-10-27,2018-07-26,5660.972
GDPC1,1976-04-01,2018-07-27,2021-07-28,5932.711
GDPC1,1976-04-01,2021-07-29,2023-09-27,5936.515
GDPC1,1976-04-01,2023-09-28,9999-12-31,6370.025
GDPC1,1976-07-01,1991-12-04,1996-01-18,3381
GDPC1,1976-07-01,1996-01-19,1997-05-06,4087.7
GDPC1,1976-07-01,1997-05-07,1999-10-27,4088.5
GDPC1,1976-07-01,1999-10-29,2000-04-02,4270.8
GDPC1,1976-07-01,2000-04-03,2003-12-09,4321.9
GDPC1,1976-07-01,2003-12-10,2009-07-30,4552
GDPC1,1976-07-01,2009-07-31,2011-07-28,5154.1
GDPC1,1976-07-01,2011-07-29,2013-07-30,5149.7
GDPC1,1976-07-01,2013-07-31,2014-07-29,5683.6
GDPC1,1976-07-01,2014-07-30,2017-10-26,5689.8
GDPC1,1976-07-01,2017-10-27,2018-07-26,5689.756
GDPC1,1976-07-01,2018-07-27,2021-07-28,5965.265
GDPC1,1976-07-01,2021-07-29,2023-09-27,5969.089
GDPC1,1976-07-01,2023-09-28,9999-12-31,6404.895
GDPC1,1976-10-01,1991-12-04,1996-01-18,3416.3
GDPC1,1976-10-01,1996-01-19,1997-05-06,4128.4
GDPC1,1976-10-01,1997-05-07,1999-10-27,4126.4
GDPC1,1976-10-01,1999-10-29,2000-04-02,4303.6
GDPC1,1976-10-01,2000-04-03,2003-12-09,4357.4
GDPC1,1976-10-01,2003-12-10,2009-07-30,4584.6
GDPC1,1976-10-01,2009-07-31,2011-07-28,5191.5
GDPC1,1976-10-01,2011-07-29,2013-07-30,5187.1
GDPC1,1976-10-01,2013-07-31,2014-07-29,5726.2
GDPC1,1976-10-01,2014-07-30,2017-10-26,5732.5
GDPC1,1976-10-01,2017-10-27,2018-07-26,5732.462
GDPC1,1976-10-01,2018-07-27,2021-07-28,6008.504
GDPC1,1976-10-01,2021-07-29,2023-09-27,6012.356
GDPC1,1976-10-01,2023-09-28,9999-12-31,6451.177
GDPC1,1977-01-01,1991-12-04,1996-01-18,3466.4
GDPC1,1977-01-01,1996-01-19,1997-05-06,4181.8
GDPC1,1977-01-01,1997-05-07,1999-10-27,4176.3
GDPC1,1977-01-01,1999-10-29,2000-04-02,4355.4
GDPC1,1977-01-01,2000-04-03,2003-12-09,4410.5
GDPC1,1977-01-01,2003-12-10,2009-07-30,4640
GDPC1,1977-01-01,2009-07-31,2011-07-28,5251.8
GDPC1,1977-01-01,2011-07-29,2013-07-30,5247.3
GDPC1,1977-01-01,2013-07-31,2014-07-29,5792.9
GDPC1,1977-01-01,2014-07-30,2017-10-26,5799.2
GDPC1,1977-01-01,2017-10-27,2018-07-26,5799.16
GDPC1,1977-01-01,2018-07-27,2021-07-28,6079.494
GDPC1,1977-01-01,2021-07-29,2023-09-27,6083.391
GDPC1,1977-01-01,2023-09-28,9999-12-31,6527.703
GDPC1,1977-04-01,1991-12-04,1996-01-18,3525
GDPC1,1977-04-01,1996-01-19,1997-05-06,4268
GDPC1,1977-04-01,1997-05-07,1999-10-27,4260.1
GDPC1,1977-04-01,1999-10-29,2000-04-02,4433.3
GDPC1,1977-04-01,2000-04-03,2003-12-09,4489.8
GDPC1,1977-04-01,2003-12-10,2009-07-30,4731.1
GDPC1,1977-04-01,2009-07-31,2011-07-28,5356.1
GDPC1,1977-04-01,2011-07-29,2013-07-30,5351.6
GDPC1,1977-04-01,2013-07-31,2014-07-29,5906.6
GDPC1,1977-04-01,2014-07-30,2017-10-26,5913
GDPC1,1977-04-01,2017-10-27,2018-07-26,5912.977
GDPC1,1977-04-01,2018-07-27,2021-07-28,6197.686
GDPC1,1977-04-01,2021-07-29,2023-09-27,6201.659
GDPC1,1977-04-01,2023-09-28,9999-12-31,6654.466
GDPC1,1977-07-01,1991-12-04,1996-01-18,3574.4
GDPC1,1977-07-01,1996-01-19,1997-05-06,4336.3
GDPC1,1977-07-01,1997-05-07,1999-10-27,4329.5
GDPC1,1977-07-01,1999-10-29,2000-04-02,4513.7
GDPC1,1977-07-01,2000-04-03,2003-12-09,4570.6
GDPC1,1977-07-01,2003-12-10,2009-07-30,4815.8
GDPC1,1977-07-01,2009-07-31,2011-07-28,5451.9
GDPC1,1977-07-01,2011-07-29,2013-07-30,5447.3
GDPC1,1977-07-01,2013-07-31,2014-07-29,6011.1
GDPC1,1977-07-01,2014-07-30,2017-10-26,6017.6
GDPC1,1977-07-01,2017-10-27,2018-07-26,6017.586
GDPC1,1977-07-01,2018-07-27,2021-07-28,6309.514
GDPC1,1977-07-01,2021-07-29,2023-09-27,6313.559
GDPC1,1977-07-01,2023-09-28,9999-12-31,6774.457
GDPC1,1977-10-01,1991-12-04,1996-01-18,3567.2
GDPC1,1977-10-01,1996-01-19,1997-05-06,4331
GDPC1,1977-10-01,1997-05-07,1999-10-27,4328.3
GDPC1,1977-10-01,1999-10-29,2000-04-02,4520.5
GDPC1,1977-10-01,2000-04-03,2003-12-09,4576.1
GDPC1,1977-10-01,2003-12-10,2009-07-30,4815.3
GDPC1,1977-10-01,2009-07-31,2011-07-28,5450.8
GDPC1,1977-10-01,2011-07-29,2013-07-30,5446.1
GDPC1,1977-10-01,2013-07-31,2014-07-29,6011.7
GDPC1,1977-10-01,2014-07-30,2017-10-26,6018.2
GDPC1,1977-10-01,2017-10-27,2018-07-26,6018.218
GDPC1,1977-10-01,2018-07-27,2021-07-28,6309.652
GDPC1,1977-10-01,2021-07-29,2023-09-27,6313.697
GDPC1,1977-10-01,2023-09-28,9999-12-31,6774.592
GDPC1,1978-01-01,1991-12-04,1996-01-18,3591.8
GDPC1,1978-01-01,1996-01-19,1997-05-06,4340.8
GDPC1,1978-01-01,1997-05-07,1999-10-27,4345.5
GDPC1,1978-01-01,1999-10-29,2000-04-02,4536.2
GDPC1,1978-01-01,2000-04-03,2003-12-09,4588.9
GDPC1,1978-01-01,2003-12-10,2009-07-30,4830.8
GDPC1,1978-01-01,2009-07-31,2011-07-28,5469.4
GDPC1,1978-01-01,2011-07-29,2013-07-30,5464.7
GDPC1,1978-01-01,2013-07-31,2014-07-29,6032.6
GDPC1,1978-01-01,2014-07-30,2017-10-26,6039.2
GDPC1,1978-01-01,2017-10-27,2018-07-26,6039.158
GDPC1,1978-01-01,2018-07-27,2021-07-28,6329.791
GDPC1,1978-01-01,2021-07-29,2023-09-27,6333.848
GDPC1,1978-01-01,2023-09-28,9999-12-31,6796.26
GDPC1,1978-04-01,1991-12-04,1996-01-18,3707
GDPC1,1978-04-01,1996-01-19,1997-05-06,4501.3
GDPC1,1978-04-01,1997-05-07,1999-10-27,4510.7
GDPC1,1978-04-01,1999-10-29,2000-04-02,4713.6
GDPC1,1978-04-01,2000-04-03,2003-12-09,4765.7
GDPC1,1978-04-01,2003-12-10,2009-07-30,5021.2
GDPC1,1978-04-01,2009-07-31,2011-07-28,5684.6
GDPC1,1978-04-01,2011-07-29,2013-07-30,5679.7
GDPC1,1978-04-01,2013-07-31,2014-07-29,6267.2
GDPC1,1978-04-01,2014-07-30,2017-10-26,6274
GDPC1,1978-04-01,2017-10-27,2018-07-26,6273.963
GDPC1,1978-04-01,2018-07-27,2021-07-28,6574.39
GDPC1,1978-04-01,2021-07-29,2023-09-27,6578.605
GDPC1,1978-04-01,2023-09-28,9999-12-31,7058.92
GDPC1,1978-07-01,1991-12-04,1996-01-18,3735.6
GDPC1,1978-07-01,1996-01-19,1997-05-06,4540.5
GDPC1,1978-07-01,1997-05-07,1999-10-27,4552.1
GDPC1,1978-07-01,1999-10-29,2000-04-02,4761.7
GDPC1,1978-07-01,2000-04-03,2003-12-09,4811.7
GDPC1,1978-07-01,2003-12-10,2009-07-30,5070.7
GDPC1,1978-07-01,2009-07-31,2011-07-28,5740.3
GDPC1,1978-07-01,2011-07-29,2013-07-30,5735.4
GDPC1,1978-07-01,2013-07-31,2014-07-29,6328.5
GDPC1,1978-07-01,2014-07-30,2017-10-26,6335.3
GDPC1,1978-07-01,2017-10-27,2018-07-26,6335.317
GDPC1,1978-07-01,2018-07-27,2021-07-28,6640.497
GDPC1,1978-07-01,2021-07-29,2023-09-27,6644.754
GDPC1,1978-07-01,2023-09-28,9999-12-31,7129.915
GDPC1,1978-10-01,1991-12-04,1996-01-18,3779.6
GDPC1,1978-10-01,1996-01-19,1997-05-06,4592.3
GDPC1,1978-10-01,1997-05-07,1999-10-27,4603.7
GDPC1,1978-10-01,1999-10-29,2000-04-02,4828
GDPC1,1978-10-01,2000-04-03,2003-12-09,4876
GDPC1,1978-10-01,2003-12-10,2009-07-30,5137.4
GDPC1,1978-10-01,2009-07-31,2011-07-28,5816.2
GDPC1,1978-10-01,2011-07-29,2013-07-30,5811.3
GDPC1,1978-10-01,2013-07-31,2014-07-29,6413.3
GDPC1,1978-10-01,2014-07-30,2017-10-26,6420.3
GDPC1,1978-10-01,2017-10-27,2018-07-26,6420.288
GDPC1,1978-10-01,2018-07-27,2021-07-28,6729.755
GDPC1,1978-10-01,2021-07-29,2023-09-27,6734.069
GDPC1,1978-10-01,2023-09-28,9999-12-31,7225.75
GDPC1,1979-01-01,1991-12-04,1996-01-18,3780.8
GDPC1,1979-01-01,1996-01-19,1997-05-06,4597.7
GDPC1,1979-01-01,1997-05-07,1999-10-27,4605.7
GDPC1,1979-01-01,1999-10-29,2000-04-02,4841.7
GDPC1,1979-01-01,2000-04-03,2003-12-09,4888.3
GDPC1,1979-01-01,2003-12-10,2009-07-30,5147.4
GDPC1,1979-01-01,2009-07-31,2011-07-28,5825.9
GDPC1,1979-01-01,2011-07-29,2013-07-30,5821
GDPC1,1979-01-01,2013-07-31,2014-07-29,6426.1
GDPC1,1979-01-01,2014-07-30,2017-10-26,6433
GDPC1,1979-01-01,2017-10-27,2018-07-26,6433.044
GDPC1,1979-01-01,2018-07-27,2021-07-28,6741.854
GDPC1,1979-01-01,2021-07-29,2023-09-27,6746.176
GDPC1,1979-01-01,2023-09-28,9999-12-31,7238.727
GDPC1,1979-04-01,1991-12-04,1996-01-18,3784.3
GDPC1,1979-04-01,1996-01-19,1997-05-06,4608.6
GDPC1,1979-04-01,1997-05-07,1999-10-27,4615.6
GDPC1,1979-04-01,1999-10-29,2000-04-02,4847.8
GDPC1,1979-04-01,2000-04-03,2003-12-09,4891.4
GDPC1,1979-04-01,2003-12-10,2009-07-30,5152.3
GDPC1,1979-04-01,2009-07-31,2011-07-28,5831.4
GDPC1,1979-04-01,2011-07-29,2013-07-30,5826.4
GDPC1,1979-04-01,2013-07-31,2014-07-29,6433.9
GDPC1,1979-04-01,2014-07-30,2017-10-26,6440.8
GDPC1,1979-04-01,2017-10-27,2018-07-26,6440.832
GDPC1,1979-04-01,2018-07-27,2021-07-28,6749.063
GDPC1,1979-04-01,2021-07-29,2023-09-27,6753.389
GDPC1,1979-04-01,2023-09-28,9999-12-31,7246.454
GDPC1,1979-07-01,1991-12-04,1996-01-18,3807.5
GDPC1,1979-07-01,1996-01-19,1997-05-06,4638.8
GDPC1,1979-07-01,1997-05-07,1999-10-27,4644.9
GDPC1,1979-07-01,1999-10-29,2000-04-02,4885.6
GDPC1,1979-07-01,2000-04-03,2003-12-09,4926.2
GDPC1,1979-07-01,2003-12-10,2009-07-30,5189.4
GDPC1,1979-07-01,2009-07-31,2011-07-28,5873.3
GDPC1,1979-07-01,2011-07-29,2013-07-30,5868.3
GDPC1,1979-07-01,2013-07-31,2014-07-29,6480.1
GDPC1,1979-07-01,2014-07-30,2017-10-26,6487.1
GDPC1,1979-07-01,2017-10-27,2018-07-26,6487.08
GDPC1,1979-07-01,2018-07-27,2021-07-28,6799.2
GDPC1,1979-07-01,2021-07-29,2023-09-27,6803.558
GDPC1,1979-07-01,2023-09-28,9999-12-31,7300.281
GDPC1,1979-10-01,1991-12-04,1996-01-18,3814.6
GDPC1,1979-10-01,1996-01-19,1997-05-06,4651
GDPC1,1979-10-01,1997-05-07,1999-10-27,4656.2
GDPC1,1979-10-01,1999-10-29,2000-04-02,4905.4
GDPC1,1979-10-01,2000-04-03,2003-12-09,4942.6
GDPC1,1979-10-01,2003-12-10,2009-07-30,5204.7
GDPC1,1979-10-01,2009-07-31,2011-07-28,5889.5
GDPC1,1979-10-01,2011-07-29,2013-07-30,5884.5
GDPC1,1979-10-01,2013-07-31,2014-07-29,6496.8
GDPC1,1979-10-01,2014-07-30,2017-10-26,6503.9
GDPC1,1979-10-01,2017-10-27,2018-07-26,6503.874
GDPC1,1979-10-01,2018-07-27,2021-07-28,6816.203
GDPC1,1979-10-01,2021-07-29,2023-09-27,6820.572
GDPC1,1979-10-01,2023-09-28,9999-12-31,7318.535
GDPC1,1980-01-01,1991-12-04,1996-01-18,3830.8
GDPC1,1980-01-01,1996-01-19,1997-05-06,4674.3
GDPC1,1980-01-01,1997-05-07,1999-10-27,4679
GDPC1,1980-01-01,1999-10-29,2000-04-02,4926.8
GDPC1,1980-01-01,2000-04-03,2003-12-09,4958.9
GDPC1,1980-01-01,2003-12-10,2009-07-30,5221.3
GDPC1,1980-01-01,2009-07-31,2011-07-28,5908.5
GDPC1,1980-01-01,2011-07-29,2013-07-30,5903.4
GDPC1,1980-01-01,2013-07-31,2014-07-29,6517.9
GDPC1,1980-01-01,2014-07-30,2017-10-26,6524.9
GDPC1,1980-01-01,2017-10-27,2018-07-26,6524.912
GDPC1,1980-01-01,2018-07-27,2021-07-28,6837.641
GDPC1,1980-01-01,2021-07-29,2023-09-27,6842.024
GDPC1,1980-01-01,2023-09-28,9999-12-31,7341.557
GDPC1,1980-04-01,1991-12-04,1996-01-18,3732.6
GDPC1,1980-04-01,1996-01-19,1997-05-06,4562.6
GDPC1,1980-04-01,1997-05-07,1999-10-27,4566.6
GDPC1,1980-04-01,1999-10-29,2000-04-02,4829
GDPC1,1980-04-01,2000-04-03,2003-12-09,4857.8
GDPC1,1980-04-01,2003-12-10,2009-07-30,5115.9
GDPC1,1980-04-01,2009-07-31,2011-07-28,5787.4
GDPC1,1980-04-01,2011-07-29,2013-07-30,5782.4
GDPC1,1980-04-01,2013-07-31,2014-07-29,6385.7
GDPC1,1980-04-01,2014-07-30,2017-10-26,6392.6
GDPC1,1980-04-01,2017-10-27,2018-07-26,6392.578
GDPC1,1980-04-01,2018-07-27,2021-07-28,6696.753
GDPC1,1980-04-01,2021-07-29,2023-09-27,6701.046
GDPC1,1980-04-01,2023-09-28,9999-12-31,7190.289
GDPC1,1980-07-01,1991-12-04,1996-01-18,3733.5
GDPC1,1980-07-01,1996-01-19,1997-05-06,4559.6
GDPC1,1980-07-01,1997-05-07,1999-10-27,4562.3
GDPC1,1980-07-01,1999-10-29,2000-04-02,4823.3
GDPC1,1980-07-01,2000-04-03,2003-12-09,4850.3
GDPC1,1980-07-01,2003-12-10,2009-07-30,5107.4
GDPC1,1980-07-01,2009-07-31,2011-07-28,5776.6
GDPC1,1980-07-01,2011-07-29,2013-07-30,5771.7
GDPC1,1980-07-01,2013-07-31,2014-07-29,6376
GDPC1,1980-07-01,2014-07-30,2017-10-26,6382.9
GDPC1,1980-07-01,2017-10-27,2018-07-26,6382.892
GDPC1,1980-07-01,2018-07-27,2021-07-28,6688.794
GDPC1,1980-07-01,2021-07-29,2023-09-27,6693.082
GDPC1,1980-07-01,2023-09-28,9999-12-31,7181.743
GDPC1,1980-10-01,1991-12-04,1996-01-18,3808.5
GDPC1,1980-10-01,1996-01-19,1997-05-06,4651.1
GDPC1,1980-10-01,1997-05-07,1999-10-27,4651.9
GDPC1,1980-10-01,1999-10-29,2000-04-02,4910.1
GDPC1,1980-10-01,2000-04-03,2003-12-09,4936.6
GDPC1,1980-10-01,2003-12-10,2009-07-30,5202.1
GDPC1,1980-10-01,2009-07-31,2011-07-28,5883.5
GDPC1,1980-10-01,2011-07-29,2013-07-30,5878.4
GDPC1,1980-10-01,2013-07-31,2014-07-29,6494.1
GDPC1,1980-10-01,2014-07-30,2017-10-26,6501.2
GDPC1,1980-10-01,2017-10-27,2018-07-26,6501.184
GDPC1,1980-10-01,2018-07-27,2021-07-28,6813.535
GDPC1,1980-10-01,2021-07-29,2023-09-27,6817.903
GDPC1,1980-10-01,2023-09-28,9999-12-31,7315.677
GDPC1,1981-01-01,1991-12-04,1996-01-18,3860.5
GDPC1,1981-01-01,1996-01-19,1997-05-06,4741.3
GDPC1,1981-01-01,1997-05-07,1999-10-27,4739.2
GDPC1,1981-01-01,1999-10-29,2000-04-02,5003.6
GDPC1,1981-01-01,2000-04-03,2003-12-09,5032.5
GDPC1,1981-01-01,2003-12-10,2009-07-30,5307.5
GDPC1,1981-01-01,2009-07-31,2011-07-28,6005.7
GDPC1,1981-01-01,2011-07-29,2013-07-30,6000.6
GDPC1,1981-01-01,2013-07-31,2014-07-29,6628.6
GDPC1,1981-01-01,2014-07-30,2017-10-26,6635.7
GDPC1,1981-01-01,2017-10-27,2018-07-26,6635.726
GDPC1,1981-01-01,2018-07-27,2021-07-28,6947.042
GDPC1,1981-01-01,2021-07-29,2023-09-27,6951.495
GDPC1,1981-01-01,2023-09-28,9999-12-31,7459.022
GDPC1,1981-04-01,1991-12-04,1996-01-18,3844.4
GDPC1,1981-04-01,1996-01-19,1997-05-06,4701.3
GDPC1,1981-04-01,1997-05-07,1999-10-27,4696.8
GDPC1,1981-04-01,1999-10-29,2000-04-02,4969.3
GDPC1,1981-04-01,2000-04-03,2003-12-09,4997.3
GDPC1,1981-04-01,2003-12-10,2009-07-30,5266.1
GDPC1,1981-04-01,2009-07-31,2011-07-28,5957.8
GDPC1,1981-04-01,2011-07-29,2013-07-30,5952.7
GDPC1,1981-04-01,2013-07-31,2014-07-29,6580.2
GDPC1,1981-04-01,2014-07-30,2017-10-26,6587.3
GDPC1,1981-04-01,2017-10-27,2018-07-26,6587.269
GDPC1,1981-04-01,2018-07-27,2021-07-28,6895.559
GDPC1,1981-04-01,2021-07-29,2023-09-27,6899.98
GDPC1,1981-04-01,2023-09-28,9999-12-31,7403.745
GDPC1,1981-07-01,1991-12-04,1996-01-18,3864.5
GDPC1,1981-07-01,1996-01-19,1997-05-06,4758.4
GDPC1,1981-07-01,1997-05-07,1999-10-27,4753
GDPC1,1981-07-01,1999-10-29,2000-04-02,5030
GDPC1,1981-07-01,2000-04-03,2003-12-09,5056.8
GDPC1,1981-07-01,2003-12-10,2009-07-30,5329.8
GDPC1,1981-07-01,2009-07-31,2011-07-28,6030.2
GDPC1,1981-07-01,2011-07-29,2013-07-30,6025
GDPC1,1981-07-01,2013-07-31,2014-07-29,6655.7
GDPC1,1981-07-01,2014-07-30,2017-10-26,6662.9
GDPC1,1981-07-01,2017-10-27,2018-07-26,6662.858
GDPC1,1981-07-01,2018-07-27,2021-07-28,6978.135
GDPC1,1981-07-01,2021-07-29,2023-09-27,6982.609
GDPC1,1981-07-01,2023-09-28,9999-12-31,7492.405
GDPC1,1981-10-01,1991-12-04,1996-01-18,3803.1
GDPC1,1981-10-01,1996-01-19,1997-05-06,4698.6
GDPC1,1981-10-01,1997-05-07,1999-10-27,4693.8
GDPC1,1981-10-01,1999-10-29,2000-04-02,4972.5
GDPC1,1981-10-01,2000-04-03,2003-12-09,4997.1
GDPC1,1981-10-01,2003-12-10,2009-07-30,5263.4
GDPC1,1981-10-01,2009-07-31,2011-07-28,5955.1
GDPC1,1981-10-01,2011-07-29,2013-07-30,5950
GDPC1,1981-10-01,2013-07-31,2014-07-29,6578
GDPC1,1981-10-01,2014-07-30,2017-10-26,6585.1
GDPC1,1981-10-01,2017-10-27,2018-07-26,6585.127
GDPC1,1981-10-01,2018-07-27,2021-07-28,6902.105
GDPC1,1981-10-01,2021-07-29,2023-09-27,6906.529
GDPC1,1981-10-01,2023-09-28,9999-12-31,7410.768
GDPC1,1982-01-01,1991-12-04,1996-01-18,3756.1
GDPC1,1982-01-01,1996-01-19,1997-05-06,4618.9
GDPC1,1982-01-01,1997-05-07,1999-10-27,4615.9
GDPC1,1982-01-01,1999-10-29,2000-04-02,4894.6
GDPC1,1982-01-01,2000-04-03,2003-12-09,4914.3
GDPC1,1982-01-01,2003-12-10,2009-07-30,5177.1
GDPC1,1982-01-01,2009-07-31,2011-07-28,5857.3
GDPC1,1982-01-01,2011-07-29,2013-07-30,5852.3
GDPC1,1982-01-01,2013-07-31,2014-07-29,6468
GDPC1,1982-01-01,2014-07-30,2017-10-26,6475
GDPC1,1982-01-01,2017-10-27,2018-07-26,6474.973
GDPC1,1982-01-01,2018-07-27,2021-07-28,6794.878
GDPC1,1982-01-01,2021-07-29,2023-09-27,6799.233
GDPC1,1982-01-01,2023-09-28,9999-12-31,7295.631
GDPC1,1982-04-01,1991-12-04,1996-01-18,3771.1
GDPC1,1982-04-01,1996-01-19,1997-05-06,4637.4
GDPC1,1982-04-01,1997-05-07,1999-10-27,4634.9
GDPC1,1982-04-01,1999-10-29,2000-04-02,4916.9
GDPC1,1982-04-01,2000-04-03,2003-12-09,4935.5
GDPC1,1982-04-01,2003-12-10,2009-07-30,5204.9
GDPC1,1982-04-01,2009-07-31,2011-07-28,5889.1
GDPC1,1982-04-01,2011-07-29,2013-07-30,5884
GDPC1,1982-04-01,2013-07-31,2014-07-29,6503.3
GDPC1,1982-04-01,2014-07-30,2017-10-26,6510.2
GDPC1,1982-04-01,2017-10-27,2018-07-26,6510.247
GDPC1,1982-04-01,2018-07-27,2021-07-28,6825.876
GDPC1,1982-04-01,2021-07-29,2023-09-27,6830.251
GDPC1,1982-04-01,2023-09-28,9999-12-31,7328.912
GDPC1,1982-07-01,1991-12-04,1996-01-18,3754.4
GDPC1,1982-07-01,1996-01-19,1997-05-06,4615.3
GDPC1,1982-07-01,1997-05-07,1999-10-27,4612.1
GDPC1,1982-07-01,1999-10-29,2000-04-02,4893.5
GDPC1,1982-07-01,2000-04-03,2003-12-09,4912.1
GDPC1,1982-07-01,2003-12-10,2009-07-30,5185.2
GDPC1,1982-07-01,2009-07-31,2011-07-28,5866.4
GDPC1,1982-07-01,2011-07-29,2013-07-30,5861.4
GDPC1,1982-07-01,2013-07-31,2014-07-29,6479.8
GDPC1,1982-07-01,2014-07-30,2018-07-26,6486.8
GDPC1,1982-07-01,2018-07-27,2021-07-28,6799.781
GDPC1,1982-07-01,2021-07-29,2023-09-27,6804.139
GDPC1,1982-07-01,2023-09-28,9999-12-31,7300.896
GDPC1,1982-10-01,1991-12-04,1996-01-18,3759.6
GDPC1,1982-10-01,1996-01-19,1997-05-06,4622.8
GDPC1,1982-10-01,1997-05-07,1999-10-27,4618.3
GDPC1,1982-10-01,1999-10-29,2000-04-02,4896.1
GDPC1,1982-10-01,2000-04-03,2003-12-09,4915.6
GDPC1,1982-10-01,2003-12-10,2009-07-30,5189.8
GDPC1,1982-10-01,2009-07-31,2011-07-28,5871
GDPC1,1982-10-01,2011-07-29,2013-07-30,5866
GDPC1,1982-10-01,2013-07-31,2014-07-29,6486.2
GDPC1,1982-10-01,2014-07-30,2017-10-26,6493.1
GDPC1,1982-10-01,2017-10-27,2018-07-26,6493.128
GDPC1,1982-10-01,2018-07-27,2021-07-28,6802.497
GDPC1,1982-10-01,2021-07-29,2023-09-27,6806.857
GDPC1,1982-10-01,2023-09-28,9999-12-31,7303.817
GDPC1,1983-01-01,1991-12-04,1996-01-18,3783.5
GDPC1,1983-01-01,1996-01-19,1997-05-06,4669.8
GDPC1,1983-01-01,1997-05-07,1999-10-27,4663
GDPC1,1983-01-01,1999-10-29,2000-04-02,4948.5
GDPC1,1983-01-01,2000-04-03,2003-12-09,4972.4
GDPC1,1983-01-01,2003-12-10,2009-07-30,5253.8
GDPC1,1983-01-01,2009-07-31,2011-07-28,5944
GDPC1,1983-01-01,2011-07-29,2013-07-30,5938.9
GDPC1,1983-01-01,2013-07-31,2014-07-29,6571.1
GDPC1,1983-01-01,2014-07-30,2017-10-26,6578.2
GDPC1,1983-01-01,2017-10-27,2018-07-26,6578.175
GDPC1,1983-01-01,2018-07-27,2021-07-28,6892.144
GDPC1,1983-01-01,2021-07-29,2023-09-27,6896.561
GDPC1,1983-01-01,2023-09-28,9999-12-31,7400.066
GDPC1,1983-04-01,1991-12-04,1996-01-18,3886.5
GDPC1,1983-04-01,1996-01-19,1997-05-06,4771.3
GDPC1,1983-04-01,1997-05-07,1999-10-27,4763.6
GDPC1,1983-04-01,1999-10-29,2000-04-02,5063.6
GDPC1,1983-04-01,2000-04-03,2003-12-09,5089.8
GDPC1,1983-04-01,2003-12-10,2009-07-30,5372.3
GDPC1,1983-04-01,2009-07-31,2011-07-28,6077.6
GDPC1,1983-04-01,2011-07-29,2013-07-30,6072.4
GDPC1,1983-04-01,2013-07-31,2014-07-29,6721.1
GDPC1,1983-04-01,2014-07-30,2017-10-26,6728.3
GDPC1,1983-04-01,2017-10-27,2018-07-26,6728.287
GDPC1,1983-04-01,2018-07-27,2021-07-28,7048.982
GDPC1,1983-04-01,2021-07-29,2023-09-27,7053.5
GDPC1,1983-04-01,2023-09-28,9999-12-31,7568.456
GDPC1,1983-07-01,1991-12-04,1996-01-18,3944.4
GDPC1,1983-07-01,1996-01-19,1997-05-06,4855.5
GDPC1,1983-07-01,1997-05-07,1999-10-27,4849
GDPC1,1983-07-01,1999-10-29,2000-04-02,5152.6
GDPC1,1983-07-01,2000-04-03,2003-12-09,5180.4
GDPC1,1983-07-01,2003-12-10,2009-07-30,5478.4
GDPC1,1983-07-01,2009-07-31,2011-07-28,6197.5
GDPC1,1983-07-01,2011-07-29,2013-07-30,6192.2
GDPC1,1983-07-01,2013-07-31,2014-07-29,6852.7
GDPC1,1983-07-01,2014-07-30,2017-10-26,6860
GDPC1,1983-07-01,2017-10-27,2018-07-26,6860.022
GDPC1,1983-07-01,2018-07-27,2021-07-28,7189.896
GDPC1,1983-07-01,2021-07-29,2023-09-27,7194.504
GDPC1,1983-07-01,2023-09-28,9999-12-31,7719.746
GDPC1,1983-10-01,1991-12-04,1996-01-18,4012.1
GDPC1,1983-10-01,1996-01-19,1997-05-06,4943.6
GDPC1,1983-10-01,1997-05-07,1999-10-27,4939.2
GDPC1,1983-10-01,1999-10-29,2000-04-02,5257.6
GDPC1,1983-10-01,2000-04-03,2003-12-09,5286.8
GDPC1,1983-10-01,2003-12-10,2009-07-30,5590.5
GDPC1,1983-10-01,2009-07-31,2011-07-28,6325.6
GDPC1,1983-10-01,2011-07-29,2013-07-30,6320.2
GDPC1,1983-10-01,2013-07-31,2014-07-29,6994
GDPC1,1983-10-01,2014-07-30,2017-10-26,7001.5
GDPC1,1983-10-01,2017-10-27,2018-07-26,7001.489
GDPC1,1983-10-01,2018-07-27,2021-07-28,7339.893
GDPC1,1983-10-01,2021-07-29,2023-09-27,7344.597
GDPC1,1983-10-01,2023-09-28,9999-12-31,7880.794
GDPC1,1984-01-01,1991-12-04,1996-01-18,4089.5
GDPC1,1984-01-01,1996-01-19,1997-05-06,5053.4
GDPC1,1984-01-01,1997-05-07,1999-10-27,5053.6
GDPC1,1984-01-01,1999-10-29,2000-04-02,5374.1
GDPC1,1984-01-01,2000-04-03,2003-12-09,5402.3
GDPC1,1984-01-01,2003-12-10,2009-07-30,5699.8
GDPC1,1984-01-01,2009-07-31,2011-07-28,6448.3
GDPC1,1984-01-01,2011-07-29,2013-07-30,6442.8
GDPC1,1984-01-01,2013-07-31,2014-07-29,7132.9
GDPC1,1984-01-01,2014-07-30,2017-10-26,7140.6
GDPC1,1984-01-01,2017-10-27,2018-07-26,7140.597
GDPC1,1984-01-01,2018-07-27,2021-07-28,7483.371
GDPC1,1984-01-01,2021-07-29,2023-09-27,7488.167
GDPC1,1984-01-01,2023-09-28,9999-12-31,8034.847
GDPC1,1984-04-01,1991-12-04,1996-01-18,4144
GDPC1,1984-04-01,1996-01-19,1997-05-06,5129.8
GDPC1,1984-04-01,1997-05-07,1999-10-27,5132.9
GDPC1,1984-04-01,1999-10-29,2000-04-02,5465.9
GDPC1,1984-04-01,2000-04-03,2003-12-09,5493.8
GDPC1,1984-04-01,2003-12-10,2009-07-30,5797.9
GDPC1,1984-04-01,2009-07-31,2011-07-28,6559.6
GDPC1,1984-04-01,2011-07-29,2013-07-30,6554
GDPC1,1984-04-01,2013-07-31,2014-07-29,7258.2
GDPC1,1984-04-01,2014-07-30,2017-10-26,7266
GDPC1,1984-04-01,2017-10-27,2018-07-26,7266.01
GDPC1,1984-04-01,2018-07-27,2021-07-28,7612.668
GDPC1,1984-04-01,2021-07-29,2023-09-27,7617.547
GDPC1,1984-04-01,2023-09-28,9999-12-31,8173.67
GDPC1,1984-07-01,1991-12-04,1996-01-18,4166.4
GDPC1,1984-07-01,1996-01-19,1997-05-06,5167
GDPC1,1984-07-01,1997-05-07,1999-10-27,5170.3
GDPC1,1984-07-01,1999-10-29,2000-04-02,5513.6
GDPC1,1984-07-01,2000-04-03,2003-12-09,5541.3
GDPC1,1984-07-01,2003-12-10,2009-07-30,5854.3
GDPC1,1984-07-01,2009-07-31,2011-07-28,6623.3
GDPC1,1984-07-01,2011-07-29,2013-07-30,6617.7
GDPC1,1984-07-01,2013-07-31,2014-07-29,7329.6
GDPC1,1984-07-01,2014-07-30,2017-10-26,7337.5
GDPC1,1984-07-01,2017-10-27,2018-07-26,7337.493
GDPC1,1984-07-01,2018-07-27,2021-07-28,7686.059
GDPC1,1984-07-01,2021-07-29,2023-09-27,7690.985
GDPC1,1984-07-01,2023-09-28,9999-12-31,8252.465
GDPC1,1984-10-01,1991-12-04,1996-01-18,4194.2
GDPC1,1984-10-01,1996-01-19,1997-05-06,5202.7
GDPC1,1984-10-01,1997-05-07,1999-10-27,5203.7
GDPC1,1984-10-01,1999-10-29,2000-04-02,5555.9
GDPC1,1984-10-01,2000-04-03,2003-12-09,5583.1
GDPC1,1984-10-01,2003-12-10,2009-07-30,5902.4
GDPC1,1984-10-01,2009-07-31,2011-07-28,6677.3
GDPC1,1984-10-01,2011-07-29,2013-07-30,6671.6
GDPC1,1984-10-01,2013-07-31,2014-07-29,7388.1
GDPC1,1984-10-01,2014-07-30,2017-10-26,7396
GDPC1,1984-10-01,2017-10-27,2018-07-26,7396.019
GDPC1,1984-10-01,2018-07-27,2021-07-28,7749.151
GDPC1,1984-10-01,2021-07-29,2023-09-27,7754.117
GDPC1,1984-10-01,2023-09-28,9999-12-31,8320.199
GDPC1,1985-01-01,1991-12-04,1996-01-18,4221.8
GDPC1,1985-01-01,1996-01-19,1997-05-06,5261.3
GDPC1,1985-01-01,1997-05-07,1999-10-27,5257.3
GDPC1,1985-01-01,1999-10-29,2000-04-02,5602.4
GDPC1,1985-01-01,2000-04-03,2003-12-09,5629.7
GDPC1,1985-01-01,2003-12-10,2009-07-30,5956.9
GDPC1,1985-01-01,2009-07-31,2011-07-28,6740.3
GDPC1,1985-01-01,2011-07-29,2013-07-30,6734.5
GDPC1,1985-01-01,2013-07-31,2014-07-29,7461.5
GDPC1,1985-01-01,2014-07-30,2017-10-26,7469.5
GDPC1,1985-01-01,2017-10-27,2018-07-26,7469.545
GDPC1,1985-01-01,2018-07-27,2021-07-28,7824.247
GDPC1,1985-01-01,2021-07-29,2023-09-27,7829.26
GDPC1,1985-01-01,2023-09-28,9999-12-31,8400.82
GDPC1,1985-04-01,1991-12-04,1996-01-18,4254.8
GDPC1,1985-04-01,1996-01-19,1997-05-06,5290.8
GDPC1,1985-04-01,1997-05-07,1999-10-27,5283.7
GDPC1,1985-04-01,1999-10-29,2000-04-02,5646.6
GDPC1,1985-04-01,2000-04-03,2003-12-09,5673.8
GDPC1,1985-04-01,2003-12-10,2009-07-30,6007.8
GDPC1,1985-04-01,2009-07-31,2011-07-28,6797.3
GDPC1,1985-04-01,2011-07-29,2013-07-30,6791.5
GDPC1,1985-04-01,2013-07-31,2014-07-29,7529.9
GDPC1,1985-04-01,2014-07-30,2017-10-26,7537.9
GDPC1,1985-04-01,2017-10-27,2018-07-26,7537.928
GDPC1,1985-04-01,2018-07-27,2021-07-28,7893.136
GDPC1,1985-04-01,2021-07-29,2023-09-27,7898.194
GDPC1,1985-04-01,2023-09-28,9999-12-31,8474.787
GDPC1,1985-07-01,1991-12-04,1996-01-18,4309
GDPC1,1985-07-01,1996-01-19,1997-05-06,5367
GDPC1,1985-07-01,1997-05-07,1999-10-27,5359.6
GDPC1,1985-07-01,1999-10-29,2000-04-02,5731.4
GDPC1,1985-07-01,2000-04-03,2003-12-09,5758.6
GDPC1,1985-07-01,2003-12-10,2009-07-30,6101.7
GDPC1,1985-07-01,2009-07-31,2011-07-28,6903.5
GDPC1,1985-07-01,2011-07-29,2013-07-30,6897.6
GDPC1,1985-07-01,2013-07-31,2014-07-29,7647
GDPC1,1985-07-01,2014-07-30,2017-10-26,7655.2
GDPC1,1985-07-01,2017-10-27,2018-07-26,7655.196
GDPC1,1985-07-01,2018-07-27,2021-07-28,8013.674
GDPC1,1985-07-01,2021-07-29,2023-09-27,8018.809
GDPC1,1985-07-01,2023-09-28,9999-12-31,8604.22
GDPC1,1985-10-01,1991-12-04,1996-01-18,4333.5
GDPC1,1985-10-01,1996-01-19,1997-05-06,5398.9
GDPC1,1985-10-01,1997-05-07,1999-10-27,5393.6
GDPC1,1985-10-01,1999-10-29,2000-04-02,5778.8
GDPC1,1985-10-01,2000-04-03,2003-12-09,5806
GDPC1,1985-10-01,2003-12-10,2009-07-30,6148.6
GDPC1,1985-10-01,2009-07-31,2011-07-28,6955.9
GDPC1,1985-10-01,2011-07-29,2013-07-30,6950
GDPC1,1985-10-01,2013-07-31,2014-07-29,7704.4
GDPC1,1985-10-01,2014-07-30,2017-10-26,7712.6
GDPC1,1985-10-01,2017-10-27,2018-07-26,7712.624
GDPC1,1985-10-01,2018-07-27,2021-07-28,8073.239
GDPC1,1985-10-01,2021-07-29,2023-09-27,8078.415
GDPC1,1985-10-01,2023-09-28,9999-12-31,8668.188
GDPC1,1986-01-01,1991-12-04,1996-01-18,4390.5
GDPC1,1986-01-01,1996-01-19,1997-05-06,5465.4
GDPC1,1986-01-01,1997-05-07,1999-10-27,5460.8
GDPC1,1986-01-01,1999-10-29,2000-04-02,5831.1
GDPC1,1986-01-01,2000-04-03,2003-12-09,5858.9
GDPC1,1986-01-01,2003-12-10,2009-07-30,6207.4
GDPC1,1986-01-01,2009-07-31,2011-07-28,7022.8
GDPC1,1986-01-01,2011-07-29,2013-07-30,7016.8
GDPC1,1986-01-01,2013-07-31,2014-07-29,7775.8
GDPC1,1986-01-01,2014-07-30,2017-10-26,7784.1
GDPC1,1986-01-01,2017-10-27,2018-07-26,7784.109
GDPC1,1986-01-01,2018-07-27,2021-07-28,8148.603
GDPC1,1986-01-01,2021-07-29,2023-09-27,8153.829
GDPC1,1986-01-01,2023-09-28,9999-12-31,8749.127
GDPC1,1986-04-01,1991-12-04,1996-01-18,4387.7
GDPC1,1986-04-01,1996-01-19,1997-05-06,5469.6
GDPC1,1986-04-01,1997-05-07,1999-10-27,5466.9
GDPC1,1986-04-01,1999-10-29,2000-04-02,5856
GDPC1,1986-04-01,2000-04-03,2003-12-09,5883.3
GDPC1,1986-04-01,2003-12-10,2009-07-30,6232
GDPC1,1986-04-01,2009-07-31,2011-07-28,7051
GDPC1,1986-04-01,2011-07-29,2013-07-30,7045
GDPC1,1986-04-01,2013-07-31,2014-07-29,7811.5
GDPC1,1986-04-01,2014-07-30,2017-10-26,7819.8
GDPC1,1986-04-01,2017-10-27,2018-07-26,7819.843
GDPC1,1986-04-01,2018-07-27,2021-07-28,8185.303
GDPC1,1986-04-01,2021-07-29,2023-09-27,8190.552
GDPC1,1986-04-01,2023-09-28,9999-12-31,8788.524
GDPC1,1986-07-01,1991-12-04,1996-01-18,4412.6
GDPC1,1986-07-01,1996-01-19,1997-05-06,5497.6
GDPC1,1986-07-01,1997-05-07,1999-10-27,5496.3
GDPC1,1986-07-01,1999-10-29,2000-04-02,5911.3
GDPC1,1986-07-01,2000-04-03,2003-12-09,5937.9
GDPC1,1986-07-01,2003-12-10,2009-07-30,6291.7
GDPC1,1986-07-01,2009-07-31,2011-07-28,7119
GDPC1,1986-07-01,2011-07-29,2013-07-30,7112.9
GDPC1,1986-07-01,2013-07-31,2014-07-29,7890.1
GDPC1,1986-07-01,2014-07-30,2017-10-26,7898.6
GDPC1,1986-07-01,2017-10-27,2018-07-26,7898.555
GDPC1,1986-07-01,2018-07-27,2021-07-28,8263.639
GDPC1,1986-07-01,2021-07-29,2023-09-27,8268.935
GDPC1,1986-07-01,2023-09-28,9999-12-31,8872.601
GDPC1,1986-10-01,1991-12-04,1996-01-18,4427.1
GDPC1,1986-10-01,1996-01-19,1997-05-06,5527
GDPC1,1986-10-01,1997-05-07,1999-10-27,5526.8
GDPC1,1986-10-01,1999-10-29,2000-04-02,5944.3
GDPC1,1986-10-01,2000-04-03,2003-12-09,5969.5
GDPC1,1986-10-01,2003-12-10,2009-07-30,6323.4
GDPC1,1986-10-01,2009-07-31,2011-07-28,7153.4
GDPC1,1986-10-01,2011-07-29,2013-07-30,7147.3
GDPC1,1986-10-01,2013-07-31,2014-07-29,7931
GDPC1,1986-10-01,2014-07-30,2017-10-26,7939.5
GDPC1,1986-10-01,2017-10-27,2018-07-26,7939.45
GDPC1,1986-10-01,2018-07-27,2021-07-28,8308.021
GDPC1,1986-10-01,2021-07-29,2023-09-27,8313.338
GDPC1,1986-10-01,2023-09-28,9999-12-31,8920.193
GDPC1,1987-01-01,1991-12-04,1996-01-18,4460
GDPC1,1987-01-01,1996-01-19,1997-05-06,5561.4
GDPC1,1987-01-01,1997-05-07,1999-10-27,5561.8
GDPC1,1987-01-01,1999-10-29,2000-04-02,5990.7
GDPC1,1987-01-01,2000-04-03,2003-12-09,6013.3
GDPC1,1987-01-01,2003-12-10,2009-07-30,6365
GDPC1,1987-01-01,2009-07-31,2011-07-28,7193
GDPC1,1987-01-01,2011-07-29,2013-07-30,7186.9
GDPC1,1987-01-01,2013-07-31,2014-07-29,7986.4
GDPC1,1987-01-01,2014-07-30,2017-10-26,7995
GDPC1,1987-01-01,2017-10-27,2018-07-26,7994.965
GDPC1,1987-01-01,2018-07-27,2021-07-28,8369.93
GDPC1,1987-01-01,2021-07-29,2023-09-27,8375.274
GDPC1,1987-01-01,2023-09-28,9999-12-31,8986.367
GDPC1,1987-04-01,1991-12-04,1996-01-18,4515.3
GDPC1,1987-04-01,1996-01-19,1997-05-06,5616.8
GDPC1,1987-04-01,1997-05-07,1999-10-27,5618
GDPC1,1987-04-01,1999-10-29,2000-04-02,6056.1
GDPC1,1987-04-01,2000-04-03,2003-12-09,6077.2
GDPC1,1987-04-01,2003-12-10,2009-07-30,6435
GDPC1,1987-04-01,2009-07-31,2011-07-28,7269.5
GDPC1,1987-04-01,2011-07-29,2013-07-30,7263.3
GDPC1,1987-04-01,2013-07-31,2014-07-29,8076.1
GDPC1,1987-04-01,2014-07-30,2017-10-26,8084.7
GDPC1,1987-04-01,2017-10-27,2018-07-26,8084.71
GDPC1,1987-04-01,2018-07-27,2021-07-28,8460.233
GDPC1,1987-04-01,2021-07-29,2023-09-27,8465.63
GDPC1,1987-04-01,2023-09-28,9999-12-31,9083.256
GDPC1,1987-07-01,1991-12-04,1996-01-18,4559.3
GDPC1,1987-07-01,1996-01-19,1997-05-06,5666
GDPC1,1987-07-01,1997-05-07,1999-10-27,5667.4
GDPC1,1987-07-01,1999-10-29,2000-04-02,6108.3
GDPC1,1987-07-01,2000-04-03,2003-12-09,6128.1
GDPC1,1987-07-01,2003-12-10,2009-07-30,6493.4
GDPC1,1987-07-01,2009-07-31,2011-07-28,7332.6
GDPC1,1987-07-01,2011-07-29,2013-07-30,7326.3
GDPC1,1987-07-01,2013-07-31,2014-07-29,8149.4
GDPC1,1987-07-01,2014-07-30,2017-10-26,8158
GDPC1,1987-07-01,2017-10-27,2018-07-26,8158.035
GDPC1,1987-07-01,2018-07-27,2021-07-28,8533.635
GDPC1,1987-07-01,2021-07-29,2023-09-27,8539.075
GDPC1,1987-07-01,2023-09-28,9999-12-31,9162.024
GDPC1,1987-10-01,1991-12-04,1996-01-18,4625.5
GDPC1,1987-10-01,1996-01-19,1997-05-06,5749.4
GDPC1,1987-10-01,1997-05-07,1999-10-27,5750.6
GDPC1,1987-10-01,1999-10-29,2000-04-02,6215.4
GDPC1,1987-10-01,2000-04-03,2003-12-09,6234.4
GDPC1,1987-10-01,2003-12-10,2009-07-30,6606.8
GDPC1,1987-10-01,2009-07-31,2011-07-28,7458
GDPC1,1987-10-01,2011-07-29,2013-07-30,7451.7
GDPC1,1987-10-01,2013-07-31,2014-07-29,8283.8
GDPC1,1987-10-01,2014-07-30,2017-10-26,8292.7
GDPC1,1987-10-01,2017-10-27,2018-07-26,8292.687
GDPC1,1987-10-01,2018-07-27,2021-07-28,8680.162
GDPC1,1987-10-01,2021-07-29,2023-09-27,8685.694
GDPC1,1987-10-01,2023-09-28,9999-12-31,9319.332
GDPC1,1988-01-01,1991-12-04,1996-01-18,4655.3
GDPC1,1988-01-01,1996-01-19,1997-05-06,5782.9
GDPC1,1988-01-01,1997-05-07,1999-10-27,5785.3
GDPC1,1988-01-01,1999-10-29,2000-04-02,6257
GDPC1,1988-01-01,2000-04-03,2003-12-09,6275.9
GDPC1,1988-01-01,2003-12-10,2009-07-30,6639.1
GDPC1,1988-01-01,2009-07-31,2011-07-28,7496.6
GDPC1,1988-01-01,2011-07-29,2013-07-30,7490.2
GDPC1,1988-01-01,2013-07-31,2014-07-29,8330.4
GDPC1,1988-01-01,2014-07-30,2017-10-26,8339.3
GDPC1,1988-01-01,2017-10-27,2018-07-26,8339.324
GDPC1,1988-01-01,2018-07-27,2021-07-28,8725.006
GDPC1,1988-01-01,2021-07-29,2023-09-27,8730.569
GDPC1,1988-01-01,2023-09-28,9999-12-31,9367.502
GDPC1,1988-04-01,1991-12-04,1996-01-18,4704.8
GDPC1,1988-04-01,1996-01-19,1997-05-06,5841.7
GDPC1,1988-04-01,1997-05-07,1999-10-27,5844
GDPC1,1988-04-01,1999-10-29,2000-04-02,6331
GDPC1,1988-04-01,2000-04-03,2003-12-09,6349.8
GDPC1,1988-04-01,2003-12-10,2009-07-30,6723.5
GDPC1,1988-04-01,2009-07-31,2011-07-28,7592.9
GDPC1,1988-04-01,2011-07-29,2013-07-30,7586.4
GDPC1,1988-04-01,2013-07-31,2014-07-29,8440.5
GDPC1,1988-04-01,2014-07-30,2017-10-26,8449.5
GDPC1,1988-04-01,2017-10-27,2018-07-26,8449.51
GDPC1,1988-04-01,2018-07-27,2021-07-28,8839.641
GDPC1,1988-04-01,2021-07-29,2023-09-27,8845.28
GDPC1,1988-04-01,2023-09-28,9999-12-31,9490.594
GDPC1,1988-07-01,1991-12-04,1996-01-18,4734.5
GDPC1,1988-07-01,1996-01-19,1997-05-06,5876.5
GDPC1,1988-07-01,1997-05-07,1999-10-27,5878.7
GDPC1,1988-07-01,1999-10-29,2000-04-02,6363.1
GDPC1,1988-07-01,2000-04-03,2003-12-09,6382.3
GDPC1,1988-07-01,2003-12-10,2009-07-30,6759.4
GDPC1,1988-07-01,2009-07-31,2011-07-28,7632.1
GDPC1,1988-07-01,2011-07-29,2013-07-30,7625.6
GDPC1,1988-07-01,2013-07-31,2014-07-29,8489.2
GDPC1,1988-07-01,2014-07-30,2017-10-26,8498.3
GDPC1,1988-07-01,2017-10-27,2018-07-26,8498.282
GDPC1,1988-07-01,2018-07-27,2021-07-28,8891.435
GDPC1,1988-07-01,2021-07-29,2023-09-27,8897.107
GDPC1,1988-07-01,2023-09-28,9999-12-31,9546.206
GDPC1,1988-10-01,1991-12-04,1996-01-18,4779.7
GDPC1,1988-10-01,1996-01-19,1997-05-06,5950.7
GDPC1,1988-10-01,1997-05-07,1999-10-27,5952.8
GDPC1,1988-10-01,1999-10-29,2000-04-02,6445
GDPC1,1988-10-01,2000-04-03,2003-12-09,6465.2
GDPC1,1988-10-01,2003-12-10,2009-07-30,6848.6
GDPC1,1988-10-01,2009-07-31,2011-07-28,7734
GDPC1,1988-10-01,2011-07-29,2013-07-30,7727.4
GDPC1,1988-10-01,2013-07-31,2014-07-29,8601.6
GDPC1,1988-10-01,2014-07-30,2017-10-26,8610.9
GDPC1,1988-10-01,2017-10-27,2018-07-26,8610.85
GDPC1,1988-10-01,2018-07-27,2021-07-28,9009.913
GDPC1,1988-10-01,2021-07-29,2023-09-27,9015.661
GDPC1,1988-10-01,2023-09-28,9999-12-31,9673.405
GDPC1,1989-01-01,1991-12-04,1992-07-29,4809.8
GDPC1,1989-01-01,1992-07-30,1996-01-18,4817.6
GDPC1,1989-01-01,1996-01-19,1997-05-06,6008.7
GDPC1,1989-01-01,1997-05-07,1999-10-27,6011
GDPC1,1989-01-01,1999-10-29,2000-04-02,6522.4
GDPC1,1989-01-01,2000-04-03,2003-12-09,6543.8
GDPC1,1989-01-01,2003-12-10,2009-07-30,6918.1
GDPC1,1989-01-01,2009-07-31,2011-07-28,7806.6
GDPC1,1989-01-01,2011-07-29,2013-07-30,7799.9
GDPC1,1989-01-01,2013-07-31,2014-07-29,8688.4
GDPC1,1989-01-01,2014-07-30,2017-10-26,8697.7
GDPC1,1989-01-01,2017-10-27,2018-07-26,8697.711
GDPC1,1989-01-01,2018-07-27,2021-07-28,9101.508
GDPC1,1989-01-01,2021-07-29,2023-09-27,9107.314
GDPC1,1989-01-01,2023-09-28,9999-12-31,9771.725
GDPC1,1989-04-01,1991-12-04,1992-07-29,4832.4
GDPC1,1989-04-01,1992-07-30,1996-01-18,4839
GDPC1,1989-04-01,1996-01-19,1997-05-06,6053.4
GDPC1,1989-04-01,1997-05-07,1999-10-27,6055.6
GDPC1,1989-04-01,1999-10-29,2000-04-02,6556.9
GDPC1,1989-04-01,2000-04-03,2003-12-09,6579.4
GDPC1,1989-04-01,2003-12-10,2009-07-30,6963.5
GDPC1,1989-04-01,2009-07-31,2011-07-28,7865
GDPC1,1989-04-01,2011-07-29,2013-07-30,7858.3
GDPC1,1989-04-01,2013-07-31,2014-07-29,8756.7
GDPC1,1989-04-01,2014-07-30,2017-10-26,8766.1
GDPC1,1989-04-01,2017-10-27,2018-07-26,8766.105
GDPC1,1989-04-01,2018-07-27,2021-07-28,9170.977
GDPC1,1989-04-01,2021-07-29,2023-09-27,9176.827
GDPC1,1989-04-01,2023-09-28,9999-12-31,9846.293
GDPC1,1989-07-01,1991-12-04,1992-07-29,4845.6
GDPC1,1989-07-01,1992-07-30,1996-01-18,4839
GDPC1,1989-07-01,1996-01-19,1997-05-06,6086.2
GDPC1,1989-07-01,1997-05-07,1999-10-27,6088
GDPC1,1989-07-01,1999-10-29,2000-04-02,6586.8
GDPC1,1989-07-01,2000-04-03,2003-12-09,6610.6
GDPC1,1989-07-01,2003-12-10,2009-07-30,7013.1
GDPC1,1989-07-01,2009-07-31,2011-07-28,7927.4
GDPC1,1989-07-01,2011-07-29,2013-07-30,7920.6
GDPC1,1989-07-01,2013-07-31,2014-07-29,8822.1
GDPC1,1989-07-01,2014-07-30,2017-10-26,8831.5
GDPC1,1989-07-01,2017-10-27,2018-07-26,8831.544
GDPC1,1989-07-01,2018-07-27,2021-07-28,9238.923
GDPC1,1989-07-01,2021-07-29,2023-09-27,9244.816
GDPC1,1989-07-01,2023-09-28,9999-12-31,9919.228
GDPC1,1989-10-01,1991-12-04,1992-07-29,4859.7
GDPC1,1989-10-01,1992-07-30,1996-01-18,4856.7
GDPC1,1989-10-01,1996-01-19,1997-05-06,6093
GDPC1,1989-10-01,1997-05-07,1999-10-27,6093.5
GDPC1,1989-10-01,1999-10-29,2000-04-02,6608.7
GDPC1,1989-10-01,2000-04-03,2003-12-09,6633.5
GDPC1,1989-10-01,2003-12-10,2009-07-30,7030.9
GDPC1,1989-10-01,2009-07-31,2011-07-28,7944.7
GDPC1,1989-10-01,2011-07-29,2013-07-30,7937.9
GDPC1,1989-10-01,2013-07-31,2014-07-29,8840.7
GDPC1,1989-10-01,2014-07-30,2017-10-26,8850.2
GDPC1,1989-10-01,2017-10-27,2018-07-26,8850.23
GDPC1,1989-10-01,2018-07-27,2021-07-28,9257.128
GDPC1,1989-10-01,2021-07-29,2023-09-27,9263.033
GDPC1,1989-10-01,2023-09-28,9999-12-31,9938.767
GDPC1,1990-01-01,1991-12-04,1992-07-29,4880.8
GDPC1,1990-01-01,1992-07-30,1993-08-30,4890.8
GDPC1,1990-01-01,1993-08-31,1996-01-18,4898.3
GDPC1,1990-01-01,1996-01-19,1997-05-06,6154.1
GDPC1,1990-01-01,1997-05-07,1999-10-27,6152.6
GDPC1,1990-01-01,1999-10-29,2000-04-02,6689.2
GDPC1,1990-01-01,2000-04-03,2003-12-09,6716.3
GDPC1,1990-01-01,2003-12-10,2009-07-30,7112.1
GDPC1,1990-01-01,2009-07-31,2011-07-28,8027.7
GDPC1,1990-01-01,2011-07-29,2013-07-30,8020.8
GDPC1,1990-01-01,2013-07-31,2014-07-29,8937.5
GDPC1,1990-01-01,2014-07-30,2017-10-26,8947.1
GDPC1,1990-01-01,2017-10-27,2018-07-26,8947.129
GDPC1,1990-01-01,2018-07-27,2021-07-28,9358.289
GDPC1,1990-01-01,2021-07-29,2023-09-27,9364.259
GDPC1,1990-01-01,2023-09-28,9999-12-31,10047.386
GDPC1,1990-04-01,1991-12-04,1992-07-29,4900.3
GDPC1,1990-04-01,1992-07-30,1993-08-30,4902.7
GDPC1,1990-04-01,1993-08-31,1996-01-18,4917.1
GDPC1,1990-04-01,1996-01-19,1997-05-06,6174.4
GDPC1,1990-04-01,1997-05-07,1999-10-27,6171.6
GDPC1,1990-04-01,1999-10-29,2000-04-02,6705.4
GDPC1,1990-04-01,2000-04-03,2003-12-09,6731.7
GDPC1,1990-04-01,2003-12-10,2009-07-30,7130.3
GDPC1,1990-04-01,2009-07-31,2011-07-28,8059.6
GDPC1,1990-04-01,2011-07-29,2013-07-30,8052.7
GDPC1,1990-04-01,2013-07-31,2014-07-29,8972.1
GDPC1,1990-04-01,2014-07-30,2017-10-26,8981.7
GDPC1,1990-04-01,2017-10-27,2018-07-26,8981.727
GDPC1,1990-04-01,2018-07-27,2021-07-28,9392.251
GDPC1,1990-04-01,2021-07-29,2023-09-27,9398.243
GDPC1,1990-04-01,2023-09-28,9999-12-31,10083.855
GDPC1,1990-07-01,1991-12-04,1992-07-29,4903.3
GDPC1,1990-07-01,1992-07-30,1993-08-30,4882.6
GDPC1,1990-07-01,1993-08-31,1996-01-18,4906.5
GDPC1,1990-07-01,1996-01-19,1997-05-06,6145.2
GDPC1,1990-07-01,1997-05-07,1999-10-27,6142.1
GDPC1,1990-07-01,1999-10-29,2000-04-02,6695.4
GDPC1,1990-07-01,2000-04-03,2003-12-09,6719.4
GDPC1,1990-07-01,2003-12-10,2009-07-30,7130.8
GDPC1,1990-07-01,2009-07-31,2011-07-28,8059.5
GDPC1,1990-07-01,2011-07-29,2013-07-30,8052.6
GDPC1,1990-07-01,2013-07-31,2014-07-29,8974.3
GDPC1,1990-07-01,2014-07-30,2017-10-26,8983.9
GDPC1,1990-07-01,2017-10-27,2018-07-26,8983.945
GDPC1,1990-07-01,2018-07-27,2021-07-28,9398.499
GDPC1,1990-07-01,2021-07-29,2023-09-27,9404.494
GDPC1,1990-07-01,2023-09-28,9999-12-31,10090.569
GDPC1,1990-10-01,1991-12-04,1992-07-29,4855.1
GDPC1,1990-10-01,1992-07-30,1993-08-30,4833.8
GDPC1,1990-10-01,1993-08-31,1996-01-18,4867.2
GDPC1,1990-10-01,1996-01-19,1997-05-06,6081
GDPC1,1990-10-01,1997-05-07,1999-10-27,6079
GDPC1,1990-10-01,1999-10-29,2000-04-02,6643.9
GDPC1,1990-10-01,2000-04-03,2003-12-09,6664.2
GDPC1,1990-10-01,2003-12-10,2009-07-30,7076.9
GDPC1,1990-10-01,2009-07-31,2011-07-28,7988.9
GDPC1,1990-10-01,2011-07-29,2013-07-30,7982
GDPC1,1990-10-01,2013-07-31,2014-07-29,8897.8
GDPC1,1990-10-01,2014-07-30,2017-10-26,8907.4
GDPC1,1990-10-01,2017-10-27,2018-07-26,8907.363
GDPC1,1990-10-01,2018-07-27,2021-07-28,9312.937
GDPC1,1990-10-01,2021-07-29,2023-09-27,9318.876
GDPC1,1990-10-01,2023-09-28,9999-12-31,9998.704
GDPC1,1991-01-01,1991-12-04,1992-07-29,4824
GDPC1,1991-01-01,1992-07-30,1993-08-30,4796.7
GDPC1,1991-01-01,1993-08-31,1994-07-28,4837.8
GDPC1,1991-01-01,1994-07-29,1996-01-18,4842
GDPC1,1991-01-01,1996-01-19,1997-05-06,6047.9
GDPC1,1991-01-01,1997-05-07,1999-10-27,6047.5
GDPC1,1991-01-01,1999-10-29,2000-04-02,6616.2
GDPC1,1991-01-01,2000-04-03,2003-12-09,6631.4
GDPC1,1991-01-01,2003-12-10,2009-07-30,7040.8
GDPC1,1991-01-01,2009-07-31,2011-07-28,7950.2
GDPC1,1991-01-01,2011-07-29,2013-07-30,7943.4
GDPC1,1991-01-01,2013-07-31,2014-07-29,8856.1
GDPC1,1991-01-01,2014-07-30,2017-10-26,8865.6
GDPC1,1991-01-01,2017-10-27,2018-07-26,8865.564
GDPC1,1991-01-01,2018-07-27,2021-07-28,9269.367
GDPC1,1991-01-01,2021-07-29,2023-09-27,9275.276
GDPC1,1991-01-01,2023-09-28,9999-12-31,9951.916
GDPC1,1991-04-01,1991-12-04,1992-07-29,4840.7
GDPC1,1991-04-01,1992-07-30,1993-08-30,4817.1
GDPC1,1991-04-01,1993-08-31,1994-07-28,4855.6
GDPC1,1991-04-01,1994-07-29,1996-01-18,4867.9
GDPC1,1991-04-01,1996-01-19,1997-05-06,6074.1
GDPC1,1991-04-01,1997-05-07,1999-10-27,6074.7
GDPC1,1991-04-01,1999-10-29,2000-04-02,6658.4
GDPC1,1991-04-01,2000-04-03,2003-12-09,6668.5
GDPC1,1991-04-01,2003-12-10,2009-07-30,7086.5
GDPC1,1991-04-01,2009-07-31,2011-07-28,8003.8
GDPC1,1991-04-01,2011-07-29,2013-07-30,7997
GDPC1,1991-04-01,2013-07-31,2014-07-29,8924.9
GDPC1,1991-04-01,2014-07-30,2017-10-26,8934.4
GDPC1,1991-04-01,2017-10-27,2018-07-26,8934.366
GDPC1,1991-04-01,2018-07-27,2021-07-28,9341.642
GDPC1,1991-04-01,2021-07-29,2023-09-27,9347.597
GDPC1,1991-04-01,2023-09-28,9999-12-31,10029.51
GDPC1,1991-07-01,1991-12-04,1991-12-19,4861
GDPC1,1991-07-01,1991-12-20,1992-07-29,4862.7
GDPC1,1991-07-01,1992-07-30,1993-08-30,4831.8
GDPC1,1991-07-01,1993-08-31,1994-07-28,4872.6
GDPC1,1991-07-01,1994-07-29,1996-01-18,4879.9
GDPC1,1991-07-01,1996-01-19,1997-05-06,6089.3
GDPC1,1991-07-01,1997-05-07,1999-10-27,6090.1
GDPC1,1991-07-01,1999-10-29,2000-04-02,6680.2
GDPC1,1991-07-01,2000-04-03,2003-12-09,6684.9
GDPC1,1991-07-01,2003-12-10,2009-07-30,7120.7
GDPC1,1991-07-01,2009-07-31,2011-07-28,8037.5
GDPC1,1991-07-01,2011-07-29,2013-07-30,8030.7
GDPC1,1991-07-01,2013-07-31,2014-07-29,8967.7
GDPC1,1991-07-01,2014-07-30,2017-10-26,8977.3
GDPC1,1991-07-01,2017-10-27,2018-07-26,8977.252
GDPC1,1991-07-01,2018-07-27,2021-07-28,9388.845
GDPC1,1991-07-01,2021-07-29,2023-09-27,9394.834
GDPC1,1991-07-01,2023-09-28,9999-12-31,10080.195
GDPC1,1991-10-01,1992-01-29,1992-02-27,4866.3
GDPC1,1991-10-01,1992-02-28,1992-03-25,4872.2
GDPC1,1991-10-01,1992-03-26,1992-07-29,4868
GDPC1,1991-10-01,1992-07-30,1993-08-30,4838.5
GDPC1,1991-10-01,1993-08-31,1994-07-28,4879.6
GDPC1,1991-10-01,1994-07-29,1996-01-18,4880.8
GDPC1,1991-10-01,1996-01-19,1997-05-06,6104.4
GDPC1,1991-10-01,1997-05-07,1999-10-27,6105.3
GDPC1,1991-10-01,1999-10-29,2000-04-02,6721.7
GDPC1,1991-10-01,2000-04-03,2003-12-09,6720.9
GDPC1,1991-10-01,2003-12-10,2009-07-30,7154.1
GDPC1,1991-10-01,2009-07-31,2011-07-28,8069
GDPC1,1991-10-01,2011-07-29,2013-07-30,8062.2
GDPC1,1991-10-01,2013-07-31,2014-07-29,9006.8
GDPC1,1991-10-01,2014-07-30,2017-10-26,9016.4
GDPC1,1991-10-01,2017-10-27,2018-07-26,9016.444
GDPC1,1991-10-01,2018-07-27,2021-07-28,9421.565
GDPC1,1991-10-01,2021-07-29,2023-09-27,9427.581
GDPC1,1991-10-01,2023-09-28,9999-12-31,10115.329
GDPC1,1992-01-01,1992-04-28,1992-05-28,4891.9
GDPC1,1992-01-01,1992-05-29,1992-06-24,4896.9
GDPC1,1992-01-01,1992-06-25,1992-07-29,4900.9
GDPC1,1992-01-01,1992-07-30,1993-08-30,4873.7
GDPC1,1992-01-01,1993-08-31,1994-07-28,4922
GDPC1,1992-01-01,1994-07-29,1996-01-18,4918.5
GDPC1,1992-01-01,1996-01-19,1997-05-06,6175.3
GDPC1,1992-01-01,1997-05-07,1999-10-27,6175.7
GDPC1,1992-01-01,1999-10-29,2000-04-02,6792.9
GDPC1,1992-01-01,2000-04-03,2003-12-09,6783.3
GDPC1,1992-01-01,2003-12-10,2009-07-30,7228.2
GDPC1,1992-01-01,2009-07-31,2011-07-28,8157.6
GDPC1,1992-01-01,2011-07-29,2013-07-30,8150.7
GDPC1,1992-01-01,2013-07-31,2014-07-29,9113.2
GDPC1,1992-01-01,2014-07-30,2017-10-26,9123
GDPC1,1992-01-01,2017-10-27,2018-07-26,9122.95
GDPC1,1992-01-01,2018-07-27,2021-07-28,9534.346
GDPC1,1992-01-01,2021-07-29,2023-09-27,9540.444
GDPC1,1992-01-01,2023-09-28,9999-12-31,10236.435
GDPC1,1992-04-01,1992-07-30,1992-08-26,4890.5
GDPC1,1992-04-01,1992-08-27,1992-09-23,4891
GDPC1,1992-04-01,1992-09-24,1993-08-30,4892.4
GDPC1,1992-04-01,1993-08-31,1994-07-28,4956.5
GDPC1,1992-04-01,1994-07-29,1996-01-18,4947.5
GDPC1,1992-04-01,1996-01-19,1999-10-27,6214.2
GDPC1,1992-04-01,1999-10-29,2000-04-02,6859.3
GDPC1,1992-04-01,2000-04-03,2003-12-09,6846.8
GDPC1,1992-04-01,2003-12-10,2009-07-30,7297.9
GDPC1,1992-04-01,2009-07-31,2011-07-28,8244.3
GDPC1,1992-04-01,2011-07-29,2013-07-30,8237.3
GDPC1,1992-04-01,2013-07-31,2014-07-29,9213.7
GDPC1,1992-04-01,2014-07-30,2017-10-26,9223.5
GDPC1,1992-04-01,2017-10-27,2018-07-26,9223.545
GDPC1,1992-04-01,2018-07-27,2021-07-28,9637.732
GDPC1,1992-04-01,2021-07-29,2023-09-27,9643.893
GDPC1,1992-04-01,2023-09-28,9999-12-31,10347.429
GDPC1,1992-07-01,1992-10-27,1992-11-24,4924.5
GDPC1,1992-07-01,1992-11-25,1992-12-21,4939.4
GDPC1,1992-07-01,1992-12-22,1993-08-30,4933.7
GDPC1,1992-07-01,1993-08-31,1994-07-28,4998.2
GDPC1,1992-07-01,1994-07-29,1996-01-18,4990.5
GDPC1,1992-07-01,1996-01-19,1997-05-06,6260.9
GDPC1,1992-07-01,1997-05-07,1999-10-27,6260.7
GDPC1,1992-07-01,1999-10-29,2000-04-02,6912.1
GDPC1,1992-07-01,2000-04-03,2003-12-09,6899.7
GDPC1,1992-07-01,2003-12-10,2009-07-30,7369.5
GDPC1,1992-07-01,2009-07-31,2011-07-28,8329.4
GDPC1,1992-07-01,2011-07-29,2013-07-30,8322.3
GDPC1,1992-07-01,2013-07-31,2014-07-29,9303.3
GDPC1,1992-07-01,2014-07-30,2017-10-26,9313.2
GDPC1,1992-07-01,2017-10-27,2018-07-26,9313.208
GDPC1,1992-07-01,2018-07-27,2021-07-28,9732.979
GDPC1,1992-07-01,2021-07-29,2023-09-27,9739.185
GDPC1,1992-07-01,2023-09-28,9999-12-31,10449.673
GDPC1,1992-10-01,1993-01-28,1993-02-25,4979.8
GDPC1,1992-10-01,1993-02-26,1993-03-25,4991.5
GDPC1,1992-10-01,1993-03-26,1993-08-30,4990.8
GDPC1,1992-10-01,1993-08-31,1994-07-28,5068.3
GDPC1,1992-10-01,1994-07-29,1996-01-18,5060.7
GDPC1,1992-10-01,1996-01-19,1997-05-06,6327.3
GDPC1,1992-10-01,1997-05-07,1999-10-27,6327.1
GDPC1,1992-10-01,1999-10-29,2000-04-02,7000
GDPC1,1992-10-01,2000-04-03,2003-12-09,6990.6
GDPC1,1992-10-01,2003-12-10,2009-07-30,7450.7
GDPC1,1992-10-01,2009-07-31,2011-07-28,8417
GDPC1,1992-10-01,2011-07-29,2013-07-30,8409.8
GDPC1,1992-10-01,2013-07-31,2014-07-29,9396.5
GDPC1,1992-10-01,2014-07-30,2017-10-26,9406.5
GDPC1,1992-10-01,2017-10-27,2018-07-26,9406.528
GDPC1,1992-10-01,2018-07-27,2021-07-28,9834.51
GDPC1,1992-10-01,2021-07-29,2023-09-27,9840.753
GDPC1,1992-10-01,2023-09-28,9999-12-31,10558.648
GDPC1,1993-01-01,1993-04-29,1993-05-27,5013.1
GDPC1,1993-01-01,1993-05-28,1993-06-22,5002.5
GDPC1,1993-01-01,1993-06-23,1993-08-30,4999.9
GDPC1,1993-01-01,1993-08-31,1994-07-28,5078.2
GDPC1,1993-01-01,1994-07-29,1996-01-18,5075.3
GDPC1,1993-01-01,1996-01-19,1996-07-31,6327
GDPC1,1993-01-01,1996-08-01,1997-05-06,6326.4
GDPC1,1993-01-01,1997-05-07,1997-07-30,6326.2
GDPC1,1993-01-01,1997-07-31,1999-10-27,6327.9
GDPC1,1993-01-01,1999-10-29,2000-04-02,6986.9
GDPC1,1993-01-01,2000-04-03,2003-12-09,6988.7
GDPC1,1993-01-01,2003-12-10,2009-07-30,7459.7
GDPC1,1993-01-01,2009-07-31,2011-07-28,8432.5
GDPC1,1993-01-01,2011-07-29,2013-07-30,8425.3
GDPC1,1993-01-01,2013-07-31,2014-07-29,9414
GDPC1,1993-01-01,2014-07-30,2017-10-26,9424.1
GDPC1,1993-01-01,2017-10-27,2018-07-26,9424.065
GDPC1,1993-01-01,2018-07-27,2021-07-28,9850.973
GDPC1,1993-01-01,2021-07-29,2023-09-27,9857.185
GDPC1,1993-01-01,2023-09-28,9999-12-31,10576.275
GDPC1,1993-04-01,1993-07-29,1993-08-30,5019.5
GDPC1,1993-04-01,1993-08-31,1993-09-28,5101
GDPC1,1993-04-01,1993-09-29,1994-07-28,5102.1
GDPC1,1993-04-01,1994-07-29,1996-01-18,5105.4
GDPC1,1993-04-01,1996-01-19,1996-07-31,6353.7
GDPC1,1993-04-01,1996-08-01,1997-05-06,6356.5
GDPC1,1993-04-01,1997-05-07,1997-07-30,6356.3
GDPC1,1993-04-01,1997-07-31,1999-10-27,6359.9
GDPC1,1993-04-01,1999-10-29,2000-04-02,7024
GDPC1,1993-04-01,2000-04-03,2003-12-09,7031.2
GDPC1,1993-04-01,2003-12-10,2009-07-30,7497.5
GDPC1,1993-04-01,2009-07-31,2011-07-28,8486.4
GDPC1,1993-04-01,2011-07-29,2013-07-30,8479.2
GDPC1,1993-04-01,2013-07-31,2014-07-29,9469.9
GDPC1,1993-04-01,2014-07-30,2017-10-26,9480.1
GDPC1,1993-04-01,2017-10-27,2018-07-26,9480.106
GDPC1,1993-04-01,2018-07-27,2021-07-28,9908.347
GDPC1,1993-04-01,2021-07-29,2023-09-27,9914.565
GDPC1,1993-04-01,2023-09-28,9999-12-31,10637.847
GDPC1,1993-07-01,1993-10-28,1993-11-30,5138
GDPC1,1993-07-01,1993-12-01,1993-12-21,5135.8
GDPC1,1993-07-01,1993-12-22,1994-07-28,5138.3
GDPC1,1993-07-01,1994-07-29,1996-01-18,5139.4
GDPC1,1993-07-01,1996-01-19,1996-07-31,6390.4
GDPC1,1993-07-01,1996-08-01,1997-05-06,6393.4
GDPC1,1993-07-01,1997-05-07,1997-07-30,6393.2
GDPC1,1993-07-01,1997-07-31,1999-10-27,6393.5
GDPC1,1993-07-01,1999-10-29,2000-04-02,7050.8
GDPC1,1993-07-01,2000-04-03,2003-12-09,7062
GDPC1,1993-07-01,2003-12-10,2009-07-30,7536
GDPC1,1993-07-01,2009-07-31,2011-07-28,8531.1
GDPC1,1993-07-01,2011-07-29,2013-07-30,8523.8
GDPC1,1993-07-01,2013-07-31,2014-07-29,9516.1
GDPC1,1993-07-01,2014-07-30,2017-10-26,9526.3
GDPC1,1993-07-01,2017-10-27,2018-07-26,9526.337
GDPC1,1993-07-01,2018-07-27,2021-07-28,9955.641
GDPC1,1993-07-01,2021-07-29,2023-09-27,9961.873
GDPC1,1993-07-01,2023-09-28,9999-12-31,10688.606
GDPC1,1993-10-01,1994-01-28,1994-02-28,5212.1
GDPC1,1993-10-01,1994-03-01,1994-03-30,5232.1
GDPC1,1993-10-01,1994-03-31,1994-07-28,5225.6
GDPC1,1993-10-01,1994-07-29,1996-01-18,5218
GDPC1,1993-10-01,1996-01-19,1996-07-31,6463.9
GDPC1,1993-10-01,1996-08-01,1997-05-06,6469.1
GDPC1,1993-10-01,1997-05-07,1997-07-30,6468.7
GDPC1,1993-10-01,1997-07-31,1999-10-27,6476.9
GDPC1,1993-10-01,1999-10-29,2000-04-02,7155
GDPC1,1993-10-01,2000-04-03,2003-12-09,7168.7
GDPC1,1993-10-01,2003-12-10,2009-07-30,7637.4
GDPC1,1993-10-01,2009-07-31,2011-07-28,8643.8
GDPC1,1993-10-01,2011-07-29,2013-07-30,8636.4
GDPC1,1993-10-01,2013-07-31,2014-07-29,9643.1
GDPC1,1993-10-01,2014-07-30,2017-10-26,9653.5
GDPC1,1993-10-01,2017-10-27,2018-07-26,9653.509
GDPC1,1993-10-01,2018-07-27,2021-07-28,10091.049
GDPC1,1993-10-01,2021-07-29,2023-09-27,10097.362
GDPC1,1993-10-01,2023-09-28,9999-12-31,10833.987
GDPC1,1994-01-01,1994-04-28,1994-05-26,5259
GDPC1,1994-01-01,1994-05-27,1994-06-28,5264.1
GDPC1,1994-01-01,1994-06-29,1994-07-28,5269.5
GDPC1,1994-01-01,1994-07-29,1996-01-18,5261.1
GDPC1,1994-01-01,1996-01-19,1996-07-31,6504.6
GDPC1,1994-01-01,1996-08-01,1997-07-30,6508.5
GDPC1,1994-01-01,1997-07-31,1999-10-27,6524.5
GDPC1,1994-01-01,1999-10-28,2000-04-02,7218.5
GDPC1,1994-01-01,2000-04-03,2003-12-09,7229.4
GDPC1,1994-01-01,2003-12-10,2009-07-30,7715.1
GDPC1,1994-01-01,2009-07-31,2011-07-28,8727.9
GDPC1,1994-01-01,2011-07-29,2013-07-30,8720.5
GDPC1,1994-01-01,2013-07-31,2014-07-29,9737.6
GDPC1,1994-01-01,2014-07-30,2017-10-26,9748.2
GDPC1,1994-01-01,2017-10-27,2018-07-26,9748.156
GDPC1,1994-01-01,2018-07-27,2021-07-28,10188.954
GDPC1,1994-01-01,2021-07-29,2023-09-27,10195.338
GDPC1,1994-01-01,2023-09-28,9999-12-31,10939.116
GDPC1,1994-04-01,1994-07-29,1994-08-25,5309.2
GDPC1,1994-04-01,1994-08-26,1994-09-28,5310.2
GDPC1,1994-04-01,1994-09-29,1996-01-18,5314.1
GDPC1,1994-04-01,1996-01-19,1996-07-31,6581.5
GDPC1,1994-04-01,1996-08-01,1997-05-06,6587.6
GDPC1,1994-04-01,1997-05-07,1997-07-30,6587.4
GDPC1,1994-04-01,1997-07-31,1999-10-27,6600.3
GDPC1,1994-04-01,1999-10-28,2000-04-02,7319.8
GDPC1,1994-04-01,2000-04-03,2003-12-09,7330.2
GDPC1,1994-04-01,2003-12-10,2009-07-30,7815.7
GDPC1,1994-04-01,2009-07-31,2011-07-28,8847.3
GDPC1,1994-04-01,2011-07-29,2013-07-30,8839.8
GDPC1,1994-04-01,2013-07-31,2014-07-29,9870.7
GDPC1,1994-04-01,2014-07-30,2017-10-26,9881.4
GDPC1,1994-04-01,2017-10-27,2018-07-26,9881.384
GDPC1,1994-04-01,2018-07-27,2021-07-28,10327.019
GDPC1,1994-04-01,2021-07-29,2023-09-27,10333.495
GDPC1,1994-04-01,2023-09-28,9999-12-31,11087.361
GDPC1,1994-07-01,1994-10-28,1994-11-29,5359.2
GDPC1,1994-07-01,1994-11-30,1994-12-21,5365
GDPC1,1994-07-01,1994-12-22,1996-01-18,5367
GDPC1,1994-07-01,1996-01-19,1996-07-31,6639.5
GDPC1,1994-07-01,1996-08-01,1997-05-06,6644.9
GDPC1,1994-07-01,1997-05-07,1997-07-30,6644.8
GDPC1,1994-07-01,1997-07-31,1999-10-27,6629.5
GDPC1,1994-07-01,1999-10-28,2000-04-02,7360.5
GDPC1,1994-07-01,2000-04-03,2003-12-09,7370.2
GDPC1,1994-07-01,2003-12-10,2009-07-30,7859.5
GDPC1,1994-07-01,2009-07-31,2011-07-28,8904.3
GDPC1,1994-07-01,2011-07-29,2013-07-30,8896.7
GDPC1,1994-07-01,2013-07-31,2014-07-29,9928.9
GDPC1,1994-07-01,2014-07-30,2017-10-26,9939.7
GDPC1,1994-07-01,2017-10-27,2018-07-26,9939.655
GDPC1,1994-07-01,2018-07-27,2021-07-28,10387.382
GDPC1,1994-07-01,2021-07-29,2023-09-27,10393.898
GDPC1,1994-07-01,2023-09-28,9999-12-31,11152.176
GDPC1,1994-10-01,1995-01-27,1995-02-28,5426.8
GDPC1,1994-10-01,1995-03-01,1995-03-30,5427.2
GDPC1,1994-10-01,1995-03-31,1996-01-18,5433.8
GDPC1,1994-10-01,1996-01-19,1996-07-31,6691.3
GDPC1,1994-10-01,1996-08-01,1997-05-06,6693.9
GDPC1,1994-10-01,1997-05-07,1997-07-30,6692.9
GDPC1,1994-10-01,1997-07-31,1999-10-27,6688.6
GDPC1,1994-10-01,1999-10-28,2000-04-02,7452.3
GDPC1,1994-10-01,2000-04-03,2003-12-09,7461.1
GDPC1,1994-10-01,2003-12-10,2009-07-30,7951.6
GDPC1,1994-10-01,2009-07-31,2011-07-28,9003.2
GDPC1,1994-10-01,2011-07-29,2013-07-30,8995.5
GDPC1,1994-10-01,2013-07-31,2014-07-29,10041.6
GDPC1,1994-10-01,2014-07-30,2017-10-26,10052.5
GDPC1,1994-10-01,2017-10-27,2018-07-26,10052.518
GDPC1,1994-10-01,2018-07-27,2021-07-28,10506.372
GDPC1,1994-10-01,2021-07-29,2023-09-27,10512.962
GDPC1,1994-10-01,2023-09-28,9999-12-31,11279.932
GDPC1,1995-01-01,1995-04-28,1995-05-30,5471.7
GDPC1,1995-01-01,1995-05-31,1995-06-29,5470
GDPC1,1995-01-01,1995-06-30,1996-01-18,5470.1
GDPC1,1995-01-01,1996-01-19,1996-07-31,6701.6
GDPC1,1995-01-01,1996-08-01,1997-05-06,6701
GDPC1,1995-01-01,1997-05-07,1997-07-30,6700.2
GDPC1,1995-01-01,1997-07-31,1998-07-30,6703.7
GDPC1,1995-01-01,1998-07-31,1999-10-27,6717.5
GDPC1,1995-01-01,1999-10-28,2000-04-02,7480.4
GDPC1,1995-01-01,2000-04-03,2003-12-09,7488.7
GDPC1,1995-01-01,2003-12-10,2009-07-30,7973.7
GDPC1,1995-01-01,2009-07-31,2011-07-28,9025.3
GDPC1,1995-01-01,2011-07-29,2013-07-30,9017.6
GDPC1,1995-01-01,2013-07-31,2014-07-29,10075.9
GDPC1,1995-01-01,2014-07-30,2017-10-26,10086.9
GDPC1,1995-01-01,2017-10-27,2018-07-26,10086.878
GDPC1,1995-01-01,2018-07-27,2021-07-28,10543.644
GDPC1,1995-01-01,2021-07-29,2023-09-27,10550.251
GDPC1,1995-01-01,2023-09-28,9999-12-31,11319.951
GDPC1,1995-04-01,1995-07-28,1995-08-29,5477.3
GDPC1,1995-04-01,1995-08-30,1995-09-28,5485.2
GDPC1,1995-04-01,1995-09-29,1996-01-18,5487.8
GDPC1,1995-04-01,1996-01-19,1996-07-31,6709.4
GDPC1,1995-04-01,1996-08-01,1997-05-06,6713.5
GDPC1,1995-04-01,1997-05-07,1997-07-30,6712.7
GDPC1,1995-04-01,1997-07-31,1998-07-30,6708.8
GDPC1,1995-04-01,1998-07-31,1999-10-27,6724.2
GDPC1,1995-04-01,1999-10-28,2000-04-02,7496
GDPC1,1995-04-01,2000-04-03,2003-12-09,7503.3
GDPC1,1995-04-01,2003-12-10,2009-07-30,7988
GDPC1,1995-04-01,2009-07-31,2011-07-28,9044.7
GDPC1,1995-04-01,2011-07-29,2013-07-30,9037
GDPC1,1995-04-01,2013-07-31,2014-07-29,10111.1
GDPC1,1995-04-01,2014-07-30,2017-10-26,10122.1
GDPC1,1995-04-01,2017-10-27,2018-07-26,10122.122
GDPC1,1995-04-01,2018-07-27,2021-07-28,10575.1
GDPC1,1995-04-01,2021-07-29,2023-09-27,10581.723
GDPC1,1995-04-01,2023-09-28,9999-12-31,11353.721
GDPC1,1995-07-01,1995-10-27,1996-01-18,5544.6
GDPC1,1995-07-01,1996-01-19,1996-02-22,6763.2
GDPC1,1995-07-01,1996-02-23,1996-07-31,6768.3
GDPC1,1995-07-01,1996-08-01,1997-05-06,6776.4
GDPC1,1995-07-01,1997-05-07,1997-07-30,6775.8
GDPC1,1995-07-01,1997-07-31,1998-07-30,6759.2
GDPC1,1995-07-01,1998-07-31,1999-10-27,6779.5
GDPC1,1995-07-01,1999-10-28,2000-04-02,7555
GDPC1,1995-07-01,2000-04-03,2003-12-09,7561.4
GDPC1,1995-07-01,2003-12-10,2009-07-30,8053.1
GDPC1,1995-07-01,2009-07-31,2011-07-28,9120.7
GDPC1,1995-07-01,2011-07-29,2013-07-30,9112.9
GDPC1,1995-07-01,2013-07-31,2014-07-29,10197.7
GDPC1,1995-07-01,2014-07-30,2017-10-26,10208.8
GDPC1,1995-07-01,2017-10-27,2018-07-26,10208.772
GDPC1,1995-07-01,2018-07-27,2021-07-28,10665.06
GDPC1,1995-07-01,2021-07-29,2023-09-27,10671.738
GDPC1,1995-07-01,2023-09-28,9999-12-31,11450.31
GDPC1,1995-10-01,1996-02-23,1996-04-01,6783.8
GDPC1,1995-10-01,1996-04-02,1996-07-31,6776.5
GDPC1,1995-10-01,1996-08-01,1997-04-29,6780.7
GDPC1,1995-10-01,1997-04-30,1997-07-30,6780.2
GDPC1,1995-10-01,1997-07-31,1998-07-30,6796.5
GDPC1,1995-10-01,1998-07-31,1999-10-27,6825.8
GDPC1,1995-10-01,1999-10-28,2000-04-02,7616.8
GDPC1,1995-10-01,2000-04-03,2003-12-09,7621.9
GDPC1,1995-10-01,2003-12-10,2009-07-30,8112
GDPC1,1995-10-01,2009-07-31,2011-07-28,9184.3
GDPC1,1995-10-01,2011-07-29,2013-07-30,9176.4
GDPC1,1995-10-01,2013-07-31,2014-07-29,10270.1
GDPC1,1995-10-01,2014-07-30,2017-10-26,10281.2
GDPC1,1995-10-01,2017-10-27,2018-07-26,10281.246
GDPC1,1995-10-01,2018-07-27,2021-07-28,10737.478
GDPC1,1995-10-01,2021-07-29,2023-09-27,10744.203
GDPC1,1995-10-01,2023-09-28,9999-12-31,11528.067
GDPC1,1996-01-01,1996-05-02,1996-05-29,6823.6
GDPC1,1996-01-01,1996-05-30,1996-06-27,6815.5
GDPC1,1996-01-01,1996-06-28,1996-07-31,6812.7
GDPC1,1996-01-01,1996-08-01,1997-04-29,6814.3
GDPC1,1996-01-01,1997-04-30,1997-07-30,6813.8
GDPC1,1996-01-01,1997-07-31,1998-07-30,6826.4
GDPC1,1996-01-01,1998-07-31,1999-10-27,6882
GDPC1,1996-01-01,1999-10-28,2000-04-02,7671.4
GDPC1,1996-01-01,2000-04-03,2003-12-09,7676.4
GDPC1,1996-01-01,2003-12-10,2009-07-30,8169.2
GDPC1,1996-01-01,2009-07-31,2011-07-28,9247.2
GDPC1,1996-01-01,2011-07-29,2013-07-30,9239.3
GDPC1,1996-01-01,2013-07-31,2014-07-29,10337.4
GDPC1,1996-01-01,2014-07-30,2017-10-26,10348.7
GDPC1,1996-01-01,2017-10-27,2018-07-26,10348.691
GDPC1,1996-01-01,2018-07-27,2021-07-28,10817.896
GDPC1,1996-01-01,2021-07-29,2023-09-27,10824.674
GDPC1,1996-01-01,2023-09-28,9999-12-31,11614.418
GDPC1,1996-04-01,1996-08-01,1996-08-28,6885.1
GDPC1,1996-04-01,1996-08-29,1996-09-26,6894.5
GDPC1,1996-04-01,1996-09-27,1997-04-29,6892.6
GDPC1,1996-04-01,1997-04-30,1997-07-30,6892.1
GDPC1,1996-04-01,1997-07-31,1998-07-30,6926
GDPC1,1996-04-01,1998-07-31,1999-10-27,6983.9
GDPC1,1996-04-01,1999-10-28,2000-04-02,7800.5
GDPC1,1996-04-01,2000-04-03,2003-12-09,7802.9
GDPC1,1996-04-01,2003-12-10,2009-07-30,8303.1
GDPC1,1996-04-01,2009-07-31,2011-07-28,9407.1
GDPC1,1996-04-01,2011-07-29,2013-07-30,9399
GDPC1,1996-04-01,2013-07-31,2014-07-29,10517.9
GDPC1,1996-04-01,2014-07-30,2017-10-26,10529.4
GDPC1,1996-04-01,2017-10-27,2018-07-26,10529.379
GDPC1,1996-04-01,2018-07-27,2021-07-28,10998.322
GDPC1,1996-04-01,2021-07-29,2023-09-27,11005.217
GDPC1,1996-04-01,2023-09-28,9999-12-31,11808.14
GDPC1,1996-07-01,1996-10-30,1996-11-26,6929.7
GDPC1,1996-07-01,1996-11-27,1996-12-19,6926.2
GDPC1,1996-07-01,1996-12-20,1997-04-29,6928.4
GDPC1,1996-07-01,1997-04-30,1997-07-30,6928.1
GDPC1,1996-07-01,1997-07-31,1998-07-30,6943.8
GDPC1,1996-07-01,1998-07-31,1999-10-27,7020
GDPC1,1996-07-01,1999-10-28,2000-04-02,7843.3
GDPC1,1996-07-01,2000-04-03,2003-12-09,7841.9
GDPC1,1996-07-01,2003-12-10,2009-07-30,8372.7
GDPC1,1996-07-01,2009-07-31,2011-07-28,9488.9
GDPC1,1996-07-01,2011-07-29,2013-07-30,9480.8
GDPC1,1996-07-01,2013-07-31,2014-07-29,10615.2
GDPC1,1996-07-01,2014-07-30,2017-10-26,10626.8
GDPC1,1996-07-01,2017-10-27,2018-07-26,10626.778
GDPC1,1996-07-01,2018-07-27,2021-07-28,11096.976
GDPC1,1996-07-01,2021-07-29,2023-09-27,11103.935
GDPC1,1996-07-01,2023-09-28,9999-12-31,11914.063
GDPC1,1996-10-01,1997-01-31,1997-02-27,7008.7
GDPC1,1996-10-01,1997-02-28,1997-03-27,6994.4
GDPC1,1996-10-01,1997-03-28,1997-04-29,6993.6
GDPC1,1996-10-01,1997-04-30,1997-07-30,6993.3
GDPC1,1996-10-01,1997-07-31,1998-07-30,7017.4
GDPC1,1996-10-01,1998-07-31,1999-10-27,7093.1
GDPC1,1996-10-01,1999-10-28,2000-04-02,7937.5
GDPC1,1996-10-01,2000-04-03,2003-12-09,7931.3
GDPC1,1996-10-01,2003-12-10,2009-07-30,8470.6
GDPC1,1996-10-01,2009-07-31,2011-07-28,9592.5
GDPC1,1996-10-01,2011-07-29,2013-07-30,9584.3
GDPC1,1996-10-01,2013-07-31,2014-07-29,10727.4
GDPC1,1996-10-01,2014-07-30,2017-10-26,10739.1
GDPC1,1996-10-01,2017-10-27,2018-07-26,10739.057
GDPC1,1996-10-01,2018-07-27,2021-07-28,11212.205
GDPC1,1996-10-01,2021-07-29,2023-09-27,11219.238
GDPC1,1996-10-01,2023-09-28,9999-12-31,12037.775
GDPC1,1997-01-01,1997-04-30,1997-05-29,7089.4
GDPC1,1997-01-01,1997-05-30,1997-06-26,7092.1
GDPC1,1997-01-01,1997-06-27,1997-07-30,7094.4
GDPC1,1997-01-01,1997-07-31,1998-07-30,7101.6
GDPC1,1997-01-01,1998-07-31,1999-10-27,7166.7
GDPC1,1997-01-01,1999-10-28,2000-04-02,8033.4
GDPC1,1997-01-01,2000-04-03,2000-07-27,8018.7
GDPC1,1997-01-01,2000-07-28,2003-12-09,8016.4
GDPC1,1997-01-01,2003-12-10,2009-07-30,8536.1
GDPC1,1997-01-01,2009-07-31,2011-07-28,9666.2
GDPC1,1997-01-01,2011-07-29,2013-07-30,9658
GDPC1,1997-01-01,2013-07-31,2014-07-29,10809.1
GDPC1,1997-01-01,2014-07-30,2017-10-26,10820.9
GDPC1,1997-01-01,2017-10-27,2018-07-26,10820.908
GDPC1,1997-01-01,2018-07-27,2021-07-28,11284.587
GDPC1,1997-01-01,2021-07-29,2023-09-27,11291.665
GDPC1,1997-01-01,2023-09-28,9999-12-31,12115.472
GDPC1,1997-04-01,1997-07-31,1997-08-27,7139.7
GDPC1,1997-04-01,1997-08-28,1997-09-25,7165.1
GDPC1,1997-04-01,1997-09-26,1998-07-30,7159.6
GDPC1,1997-04-01,1998-07-31,1999-10-27,7236.5
GDPC1,1997-04-01,1999-10-28,2000-04-02,8134.8
GDPC1,1997-04-01,2000-04-03,2000-07-27,8115.4
GDPC1,1997-04-01,2000-07-28,2003-12-09,8131.9
GDPC1,1997-04-01,2003-12-10,2009-07-30,8665.8
GDPC1,1997-04-01,2009-07-31,2011-07-28,9809.6
GDPC1,1997-04-01,2011-07-29,2013-07-30,9801.2
GDPC1,1997-04-01,2013-07-31,2014-07-29,10972.2
GDPC1,1997-04-01,2014-07-30,2017-10-26,10984.2
GDPC1,1997-04-01,2017-10-27,2018-07-26,10984.15
GDPC1,1997-04-01,2018-07-27,2021-07-28,11472.137
GDPC1,1997-04-01,2021-07-29,2023-09-27,11479.33
GDPC1,1997-04-01,2023-09-28,9999-12-31,12317.221
GDPC1,1997-07-01,1997-10-31,1997-11-25,7221.8
GDPC1,1997-07-01,1997-11-26,1997-12-22,7217.6
GDPC1,1997-07-01,1997-12-23,1998-07-30,7214
GDPC1,1997-07-01,1998-07-31,1999-10-27,7311.2
GDPC1,1997-07-01,1999-10-28,2000-04-02,8214.8
GDPC1,1997-07-01,2000-04-03,2000-07-27,8192.2
GDPC1,1997-07-01,2000-07-28,2003-12-09,8216.6
GDPC1,1997-07-01,2003-12-10,2009-07-30,8773.7
GDPC1,1997-07-01,2009-07-31,2011-07-28,9932.7
GDPC1,1997-07-01,2011-07-29,2013-07-30,9924.2
GDPC1,1997-07-01,2013-07-31,2014-07-29,11112
GDPC1,1997-07-01,2014-07-30,2017-10-26,11124
GDPC1,1997-07-01,2017-10-27,2018-07-26,11124.013
GDPC1,1997-07-01,2018-07-27,2021-07-28,11615.636
GDPC1,1997-07-01,2021-07-29,2023-09-27,11622.911
GDPC1,1997-07-01,2023-09-28,9999-12-31,12471.01
GDPC1,1997-10-01,1998-01-30,1998-02-26,7290.3
GDPC1,1997-10-01,1998-02-27,1998-03-25,7283.3
GDPC1,1997-10-01,1998-03-26,1998-07-30,7280
GDPC1,1997-10-01,1998-07-31,1999-10-27,7364.6
GDPC1,1997-10-01,1999-10-28,2000-04-02,8277.3
GDPC1,1997-10-01,2000-04-03,2000-07-27,8253.2
GDPC1,1997-10-01,2000-07-28,2003-12-09,8272.9
GDPC1,1997-10-01,2003-12-10,2009-07-30,8838.4
GDPC1,1997-10-01,2009-07-31,2011-07-28,10008.9
GDPC1,1997-10-01,2011-07-29,2013-07-30,10000.3
GDPC1,1997-10-01,2013-07-31,2014-07-29,11198.2
GDPC1,1997-10-01,2014-07-30,2017-10-26,11210.3
GDPC1,1997-10-01,2017-10-27,2018-07-26,11210.329
GDPC1,1997-10-01,2018-07-27,2021-07-28,11715.393
GDPC1,1997-10-01,2021-07-29,2023-09-27,11722.722
GDPC1,1997-10-01,2023-09-28,9999-12-31,12577.495
GDPC1,1998-01-01,1998-04-30,1998-05-27,7356
GDPC1,1998-01-01,1998-05-28,1998-06-24,7365.6
GDPC1,1998-01-01,1998-06-25,1998-07-30,7375.7
GDPC1,1998-01-01,1998-07-31,1999-10-27,7464.7
GDPC1,1998-01-01,1999-10-28,2000-04-02,8412.7
GDPC1,1998-01-01,2000-04-03,2000-07-27,8391.1
GDPC1,1998-01-01,2000-07-28,2001-07-26,8404.9
GDPC1,1998-01-01,2001-07-27,2003-12-09,8396.3
GDPC1,1998-01-01,2003-12-10,2009-07-30,8936.2
GDPC1,1998-01-01,2009-07-31,2011-07-28,10103.4
GDPC1,1998-01-01,2011-07-29,2013-07-30,10094.8
GDPC1,1998-01-01,2013-07-31,2014-07-29,11309
GDPC1,1998-01-01,2014-07-30,2017-10-26,11321.2
GDPC1,1998-01-01,2017-10-27,2018-07-26,11321.246
GDPC1,1998-01-01,2018-07-27,2021-07-28,11832.486
GDPC1,1998-01-01,2021-07-29,2023-09-27,11839.876
GDPC1,1998-01-01,2023-09-28,9999-12-31,12703.742
GDPC1,1998-04-01,1998-07-31,1998-08-26,7491
GDPC1,1998-04-01,1998-08-27,1998-09-23,7494.9
GDPC1,1998-04-01,1998-09-24,1999-10-27,7498.6
GDPC1,1998-04-01,1999-10-28,2000-04-02,8457.2
GDPC1,1998-04-01,2000-04-03,2000-07-27,8436.3
GDPC1,1998-04-01,2000-07-28,2001-07-26,8465.6
GDPC1,1998-04-01,2001-07-27,2003-12-09,8442.9
GDPC1,1998-04-01,2003-12-10,2009-07-30,8995.3
GDPC1,1998-04-01,2009-07-31,2011-07-28,10194.3
GDPC1,1998-04-01,2011-07-29,2013-07-30,10185.6
GDPC1,1998-04-01,2013-07-31,2014-07-29,11418.7
GDPC1,1998-04-01,2014-07-30,2017-10-26,11431
GDPC1,1998-04-01,2017-10-27,2018-07-26,11431.046
GDPC1,1998-04-01,2018-07-27,2021-07-28,11942.032
GDPC1,1998-04-01,2021-07-29,2023-09-27,11949.492
GDPC1,1998-04-01,2023-09-28,9999-12-31,12821.339
GDPC1,1998-07-01,1998-10-30,1998-11-23,7559.5
GDPC1,1998-07-01,1998-11-24,1998-12-22,7570
GDPC1,1998-07-01,1998-12-23,1999-10-27,7566.5
GDPC1,1998-07-01,1999-10-28,2000-03-29,8536
GDPC1,1998-07-01,2000-03-30,2000-07-27,8515.7
GDPC1,1998-07-01,2000-07-28,2001-07-26,8537.6
GDPC1,1998-07-01,2001-07-27,2003-12-09,8528.5
GDPC1,1998-07-01,2003-12-10,2009-07-30,9098.9
GDPC1,1998-07-01,2009-07-31,2011-07-28,10328.8
GDPC1,1998-07-01,2011-07-29,2013-07-30,10320
GDPC1,1998-07-01,2013-07-31,2014-07-29,11568.1
GDPC1,1998-07-01,2014-07-30,2017-10-26,11580.6
GDPC1,1998-07-01,2017-10-27,2018-07-26,11580.587
GDPC1,1998-07-01,2018-07-27,2021-07-28,12091.614
GDPC1,1998-07-01,2021-07-29,2023-09-27,12099.191
GDPC1,1998-07-01,2023-09-28,9999-12-31,12982.752
GDPC1,1998-10-01,1999-01-29,1999-02-25,7670
GDPC1,1998-10-01,1999-02-26,1999-03-30,7678.5
GDPC1,1998-10-01,1999-03-31,1999-10-27,7677.7
GDPC1,1998-10-01,1999-10-28,2000-03-29,8659.2
GDPC1,1998-10-01,2000-03-30,2000-07-27,8639.5
GDPC1,1998-10-01,2000-07-28,2001-07-26,8654.5
GDPC1,1998-10-01,2001-07-27,2003-12-09,8667.9
GDPC1,1998-10-01,2003-12-10,2009-07-30,9237.1
GDPC1,1998-10-01,2009-07-31,2011-07-28,10507.6
GDPC1,1998-10-01,2011-07-29,2013-07-30,10498.6
GDPC1,1998-10-01,2013-07-31,2014-07-29,11757.9
GDPC1,1998-10-01,2014-07-30,2017-10-26,11770.7
GDPC1,1998-10-01,2017-10-27,2018-07-26,11770.686
GDPC1,1998-10-01,2018-07-27,2021-07-28,12287
GDPC1,1998-10-01,2021-07-29,2023-09-27,12294.737
GDPC1,1998-10-01,2023-09-28,9999-12-31,13191.67
GDPC1,1999-01-01,1999-04-30,1999-05-26,7762.5
GDPC1,1999-01-01,1999-05-27,1999-06-24,7754.7
GDPC1,1999-01-01,1999-06-25,1999-10-27,7759.6
GDPC1,1999-01-01,1999-10-28,2000-03-29,8737.9
GDPC1,1999-01-01,2000-03-30,2000-07-27,8717.6
GDPC1,1999-01-01,2000-07-28,2001-07-26,8730
GDPC1,1999-01-01,2001-07-27,2002-07-30,8733.5
GDPC1,1999-01-01,2002-07-31,2003-12-09,8733.2
GDPC1,1999-01-01,2003-12-10,2009-07-30,9315.5
GDPC1,1999-01-01,2009-07-31,2011-07-28,10601.2
GDPC1,1999-01-01,2011-07-29,2013-07-30,10592.1
GDPC1,1999-01-01,2013-07-31,2014-07-29,11867.8
GDPC1,1999-01-01,2014-07-30,2017-10-26,11864.7
GDPC1,1999-01-01,2017-10-27,2018-07-26,11864.675
GDPC1,1999-01-01,2018-07-27,2021-07-28,12403.293
GDPC1,1999-01-01,2021-07-29,2023-09-27,12410.778
GDPC1,1999-01-01,2023-09-28,9999-12-31,13315.597
GDPC1,1999-04-01,1999-07-29,1999-08-25,7803.6
GDPC1,1999-04-01,1999-08-26,1999-09-29,7794.3
GDPC1,1999-04-01,1999-09-30,1999-10-27,7790.6
GDPC1,1999-04-01,1999-10-28,2000-03-29,8778.6
GDPC1,1999-04-01,2000-03-30,2000-07-27,8758.3
GDPC1,1999-04-01,2000-07-28,2001-07-26,8783.2
GDPC1,1999-04-01,2001-07-27,2002-07-30,8771.2
GDPC1,1999-04-01,2002-07-31,2003-12-09,8775.5
GDPC1,1999-04-01,2003-12-10,2009-07-30,9392.6
GDPC1,1999-04-01,2009-07-31,2011-07-28,10684
GDPC1,1999-04-01,2011-07-29,2013-07-30,10674.9
GDPC1,1999-04-01,2013-07-31,2014-07-29,11967.7
GDPC1,1999-04-01,2014-07-30,2017-10-26,11962.5
GDPC1,1999-04-01,2017-10-27,2018-07-26,11962.524
GDPC1,1999-04-01,2018-07-27,2021-07-28,12498.694
GDPC1,1999-04-01,2021-07-29,2023-09-27,12514.408
GDPC1,1999-04-01,2023-09-28,9999-12-31,13426.748
GDPC1,1999-07-01,1999-10-28,1999-11-23,8882.6
GDPC1,1999-07-01,1999-11-24,1999-12-21,8897.7
GDPC1,1999-07-01,1999-12-22,2000-03-29,8900.6
GDPC1,1999-07-01,2000-03-30,2000-07-27,8879.8
GDPC1,1999-07-01,2000-07-28,2001-07-26,8905.8
GDPC1,1999-07-01,2001-07-27,2002-07-30,8871.5
GDPC1,1999-07-01,2002-07-31,2003-12-09,8886.9
GDPC1,1999-07-01,2003-12-10,2009-07-30,9502.2
GDPC1,1999-07-01,2009-07-31,2011-07-28,10819.9
GDPC1,1999-07-01,2011-07-29,2013-07-30,10810.7
GDPC1,1999-07-01,2013-07-31,2014-07-29,12120.1
GDPC1,1999-07-01,2014-07-30,2017-10-26,12113.1
GDPC1,1999-07-01,2017-10-27,2018-07-26,12113.075
GDPC1,1999-07-01,2018-07-27,2021-07-28,12662.385
GDPC1,1999-07-01,2021-07-29,2023-09-27,12679.977
GDPC1,1999-07-01,2023-09-28,9999-12-31,13604.771
GDPC1,1999-10-01,2000-01-28,2000-02-24,9026.9
GDPC1,1999-10-01,2000-02-25,2000-03-29,9050.9
GDPC1,1999-10-01,2000-03-30,2000-07-27,9037.2
GDPC1,1999-10-01,2000-07-28,2001-07-26,9084.1
GDPC1,1999-10-01,2001-07-27,2002-07-30,9049.9
GDPC1,1999-10-01,2002-07-31,2003-12-09,9040.1
GDPC1,1999-10-01,2003-12-10,2009-07-30,9671.1
GDPC1,1999-10-01,2009-07-31,2011-07-28,11014.3
GDPC1,1999-10-01,2011-07-29,2013-07-30,11004.8
GDPC1,1999-10-01,2013-07-31,2014-07-29,12329.8
GDPC1,1999-10-01,2014-07-30,2017-10-26,12323.3
GDPC1,1999-10-01,2017-10-27,2018-07-26,12323.336
GDPC1,1999-10-01,2018-07-27,2021-07-28,12877.593
GDPC1,1999-10-01,2021-07-29,2023-09-27,12888.281
GDPC1,1999-10-01,2023-09-28,9999-12-31,13827.98
GDPC1,2000-01-01,2000-04-27,2000-05-24,9156.6
GDPC1,2000-01-01,2000-05-25,2000-06-28,9156.7
GDPC1,2000-01-01,2000-06-29,2000-07-27,9158.2
GDPC1,2000-01-01,2000-07-28,2001-07-26,9191.8
GDPC1,2000-01-01,2001-07-27,2002-07-30,9102.5
GDPC1,2000-01-01,2002-07-31,2003-12-09,9097.4
GDPC1,2000-01-01,2003-12-10,2009-07-30,9695.6
GDPC1,2000-01-01,2009-07-31,2011-07-28,11043
GDPC1,2000-01-01,2011-07-29,2013-07-30,11033.6
GDPC1,2000-01-01,2013-07-31,2014-07-29,12365.2
GDPC1,2000-01-01,2014-07-30,2017-10-26,12359.1
GDPC1,2000-01-01,2017-10-27,2018-07-26,12359.095
GDPC1,2000-01-01,2018-07-27,2021-07-28,12924.179
GDPC1,2000-01-01,2021-07-29,2023-09-27,12935.252
GDPC1,2000-01-01,2023-09-28,9999-12-31,13878.147
GDPC1,2000-04-01,2000-07-28,2000-08-24,9308.8
GDPC1,2000-04-01,2000-08-25,2000-09-27,9311.5
GDPC1,2000-04-01,2000-09-28,2001-07-26,9318.9
GDPC1,2000-04-01,2001-07-27,2002-07-30,9229.4
GDPC1,2000-04-01,2002-07-31,2003-12-09,9205.7
GDPC1,2000-04-01,2003-12-10,2009-07-30,9847.9
GDPC1,2000-04-01,2009-07-31,2011-07-28,11258.5
GDPC1,2000-04-01,2011-07-29,2013-07-30,11248.8
GDPC1,2000-04-01,2013-07-31,2014-07-29,12598.7
GDPC1,2000-04-01,2014-07-30,2017-10-26,12592.5
GDPC1,2000-04-01,2017-10-27,2018-07-26,12592.53
GDPC1,2000-04-01,2018-07-27,2021-07-28,13160.842
GDPC1,2000-04-01,2021-07-29,2023-09-27,13170.749
GDPC1,2000-04-01,2023-09-28,9999-12-31,14130.908
GDPC1,2000-07-01,2000-10-27,2000-11-28,9382.2
GDPC1,2000-07-01,2000-11-29,2000-12-20,9373.5
GDPC1,2000-07-01,2000-12-21,2001-07-26,9369.5
GDPC1,2000-07-01,2001-07-27,2002-07-30,9260.1
GDPC1,2000-07-01,2002-07-31,2003-12-09,9218.7
GDPC1,2000-07-01,2003-12-10,2009-07-30,9836.6
GDPC1,2000-07-01,2009-07-31,2011-07-28,11267.9
GDPC1,2000-07-01,2011-07-29,2013-07-30,11258.3
GDPC1,2000-07-01,2013-07-31,2014-07-29,12614.8
GDPC1,2000-07-01,2014-07-30,2017-10-26,12607.7
GDPC1,2000-07-01,2017-10-27,2018-07-26,12607.676
GDPC1,2000-07-01,2018-07-27,2021-07-28,13178.419
GDPC1,2000-07-01,2021-07-29,2023-09-27,13183.89
GDPC1,2000-07-01,2023-09-28,9999-12-31,14145.312
GDPC1,2000-10-01,2001-01-31,2001-02-27,9401.5
GDPC1,2000-10-01,2001-02-28,2001-03-28,9394.2
GDPC1,2000-10-01,2001-03-29,2001-07-26,9393.7
GDPC1,2000-10-01,2001-07-27,2002-07-30,9303.9
GDPC1,2000-10-01,2002-07-31,2003-12-09,9243.8
GDPC1,2000-10-01,2003-12-10,2009-07-30,9887.7
GDPC1,2000-10-01,2009-07-31,2011-07-28,11334.5
GDPC1,2000-10-01,2011-07-29,2013-07-30,11325
GDPC1,2000-10-01,2013-07-31,2014-07-29,12682
GDPC1,2000-10-01,2014-07-30,2017-10-26,12679.3
GDPC1,2000-10-01,2017-10-27,2018-07-26,12679.338
GDPC1,2000-10-01,2018-07-27,2021-07-28,13260.506
GDPC1,2000-10-01,2021-07-29,2023-09-27,13262.25
GDPC1,2000-10-01,2023-09-28,9999-12-31,14229.765
GDPC1,2001-01-01,2001-04-27,2001-05-24,9439.9
GDPC1,2001-01-01,2001-05-25,2001-06-28,9424.5
GDPC1,2001-01-01,2001-06-29,2001-07-26,9422.8
GDPC1,2001-01-01,2001-07-27,2002-07-30,9334.5
GDPC1,2001-01-01,2002-07-31,2003-12-09,9229.9
GDPC1,2001-01-01,2003-12-10,2004-07-29,9882.2
GDPC1,2001-01-01,2004-07-30,2009-07-30,9875.6
GDPC1,2001-01-01,2009-07-31,2011-07-28,11297.2
GDPC1,2001-01-01,2011-07-29,2013-07-30,11287.8
GDPC1,2001-01-01,2013-07-31,2014-07-29,12645.7
GDPC1,2001-01-01,2014-07-30,2017-10-26,12643.3
GDPC1,2001-01-01,2017-10-27,2018-07-26,12643.283
GDPC1,2001-01-01,2018-07-27,2021-07-28,13222.69
GDPC1,2001-01-01,2021-07-29,2023-09-27,13219.251
GDPC1,2001-01-01,2023-09-28,9999-12-31,14183.12
GDPC1,2001-04-01,2001-07-27,2001-08-28,9351.6
GDPC1,2001-04-01,2001-08-29,2001-09-27,9338.4
GDPC1,2001-04-01,2001-09-28,2002-07-30,9341.7
GDPC1,2001-04-01,2002-07-31,2003-12-09,9193.1
GDPC1,2001-04-01,2003-12-10,2004-07-29,9866.3
GDPC1,2001-04-01,2004-07-30,2009-07-30,9905.9
GDPC1,2001-04-01,2009-07-31,2011-07-28,11371.3
GDPC1,2001-04-01,2011-07-29,2013-07-30,11361.7
GDPC1,2001-04-01,2013-07-31,2014-07-29,12712.8
GDPC1,2001-04-01,2014-07-30,2017-10-26,12710.3
GDPC1,2001-04-01,2017-10-27,2018-07-26,12710.303
GDPC1,2001-04-01,2018-07-27,2021-07-28,13299.984
GDPC1,2001-04-01,2021-07-29,2023-09-27,13301.394
GDPC1,2001-04-01,2023-09-28,9999-12-31,14271.694
GDPC1,2001-07-01,2001-10-31,2001-11-29,9333.4
GDPC1,2001-07-01,2001-11-30,2001-12-20,9316.8
GDPC1,2001-07-01,2001-12-21,2002-07-30,9310.4
GDPC1,2001-07-01,2002-07-31,2003-12-09,9186.4
GDPC1,2001-07-01,2003-12-10,2004-07-29,9834.6
GDPC1,2001-07-01,2004-07-30,2009-07-30,9871.1
GDPC1,2001-07-01,2009-07-31,2011-07-28,11340.1
GDPC1,2001-07-01,2011-07-29,2013-07-30,11330.4
GDPC1,2001-07-01,2013-07-31,2014-07-29,12674.1
GDPC1,2001-07-01,2014-07-30,2017-10-26,12670.1
GDPC1,2001-07-01,2017-10-27,2018-07-26,12670.106
GDPC1,2001-07-01,2018-07-27,2021-07-28,13244.784
GDPC1,2001-07-01,2021-07-29,2023-09-27,13248.142
GDPC1,2001-07-01,2023-09-28,9999-12-31,14214.516
GDPC1,2001-10-01,2002-01-30,2002-02-27,9315.6
GDPC1,2001-10-01,2002-02-28,2002-03-27,9342.7
GDPC1,2001-10-01,2002-03-28,2002-07-30,9348.6
GDPC1,2001-10-01,2002-07-31,2003-12-09,9248.8
GDPC1,2001-10-01,2003-12-10,2004-07-29,9883.6
GDPC1,2001-10-01,2004-07-30,2009-07-30,9910
GDPC1,2001-10-01,2009-07-31,2011-07-28,11380.1
GDPC1,2001-10-01,2011-07-29,2013-07-30,11370
GDPC1,2001-10-01,2013-07-31,2014-07-29,12705.2
GDPC1,2001-10-01,2014-07-30,2017-10-26,12705.3
GDPC1,2001-10-01,2017-10-27,2018-07-26,12705.269
GDPC1,2001-10-01,2018-07-27,2021-07-28,13280.859
GDPC1,2001-10-01,2021-07-29,2023-09-27,13284.881
GDPC1,2001-10-01,2023-09-28,9999-12-31,14253.574
GDPC1,2002-01-01,2002-04-26,2002-05-23,9482.1
GDPC1,2002-01-01,2002-05-24,2002-06-26,9476.3
GDPC1,2002-01-01,2002-06-27,2002-07-30,9488.6
GDPC1,2002-01-01,2002-07-31,2003-12-09,9363.2
GDPC1,2002-01-01,2003-12-10,2004-07-29,9997.9
GDPC1,2002-01-01,2004-07-30,2005-07-28,9993.5
GDPC1,2002-01-01,2005-07-29,2009-07-30,9977.3
GDPC1,2002-01-01,2009-07-31,2011-07-28,11477.9
GDPC1,2002-01-01,2011-07-29,2013-07-30,11467.1
GDPC1,2002-01-01,2013-07-31,2014-07-29,12824.6
GDPC1,2002-01-01,2014-07-30,2017-10-26,12822.3
GDPC1,2002-01-01,2017-10-27,2018-07-26,12822.258
GDPC1,2002-01-01,2018-07-27,2021-07-28,13397.002
GDPC1,2002-01-01,2021-07-29,2023-09-27,13394.91
GDPC1,2002-01-01,2023-09-28,9999-12-31,14372.785
GDPC1,2002-04-01,2002-07-31,2002-08-28,9387.9
GDPC1,2002-04-01,2002-08-29,2002-09-26,9389.6
GDPC1,2002-04-01,2002-09-27,2003-12-09,9392.4
GDPC1,2002-04-01,2003-12-10,2004-07-29,10045.1
GDPC1,2002-04-01,2004-07-30,2005-07-28,10052.6
GDPC1,2002-04-01,2005-07-29,2009-07-30,10031.6
GDPC1,2002-04-01,2009-07-31,2011-07-28,11538.8
GDPC1,2002-04-01,2011-07-29,2013-07-30,11528.1
GDPC1,2002-04-01,2013-07-31,2014-07-29,12894.7
GDPC1,2002-04-01,2014-07-30,2017-10-26,12893
GDPC1,2002-04-01,2017-10-27,2018-07-26,12893.002
GDPC1,2002-04-01,2018-07-27,2021-07-28,13478.152
GDPC1,2002-04-01,2021-07-29,2023-09-27,13477.356
GDPC1,2002-04-01,2023-09-28,9999-12-31,14460.848
GDPC1,2002-07-01,2002-10-31,2002-11-25,9465.2
GDPC1,2002-07-01,2002-11-26,2002-12-19,9484
GDPC1,2002-07-01,2002-12-20,2003-12-09,9485.6
GDPC1,2002-07-01,2003-12-10,2004-07-29,10128.4
GDPC1,2002-07-01,2004-07-30,2005-07-28,10117.3
GDPC1,2002-07-01,2005-07-29,2009-07-30,10090.7
GDPC1,2002-07-01,2009-07-31,2011-07-28,11596.4
GDPC1,2002-07-01,2011-07-29,2013-07-30,11586.6
GDPC1,2002-07-01,2013-07-31,2014-07-29,12956.7
GDPC1,2002-07-01,2014-07-30,2017-10-26,12955.8
GDPC1,2002-07-01,2017-10-27,2018-07-26,12955.769
GDPC1,2002-07-01,2018-07-27,2021-07-28,13538.072
GDPC1,2002-07-01,2021-07-29,2023-09-27,13531.741
GDPC1,2002-07-01,2023-09-28,9999-12-31,14519.633
GDPC1,2002-10-01,2003-01-30,2003-02-27,9503.2
GDPC1,2002-10-01,2003-02-28,2003-03-26,9519.5
GDPC1,2002-10-01,2003-03-27,2003-12-09,9518.2
GDPC1,2002-10-01,2003-12-10,2004-07-29,10160.8
GDPC1,2002-10-01,2004-07-30,2005-07-28,10135.9
GDPC1,2002-10-01,2005-07-29,2009-07-30,10095.8
GDPC1,2002-10-01,2009-07-31,2011-07-28,11598.8
GDPC1,2002-10-01,2011-07-29,2013-07-30,11590.6
GDPC1,2002-10-01,2013-07-31,2014-07-29,12962.9
GDPC1,2002-10-01,2014-07-30,2017-10-26,12964
GDPC1,2002-10-01,2017-10-27,2018-07-26,12964.016
GDPC1,2002-10-01,2018-07-27,2021-07-28,13559.032
GDPC1,2002-10-01,2021-07-29,2023-09-27,13549.421
GDPC1,2002-10-01,2023-09-28,9999-12-31,14537.58
GDPC1,2003-01-01,2003-04-25,2003-05-28,9556
GDPC1,2003-01-01,2003-05-29,2003-06-25,9562.9
GDPC1,2003-01-01,2003-06-26,2003-12-09,9552
GDPC1,2003-01-01,2003-12-10,2004-07-29,10210.4
GDPC1,2003-01-01,2004-07-30,2005-07-28,10184.4
GDPC1,2003-01-01,2005-07-29,2006-07-27,10138.6
GDPC1,2003-01-01,2006-07-28,2009-07-30,10126
GDPC1,2003-01-01,2009-07-31,2011-07-28,11645.8
GDPC1,2003-01-01,2011-07-29,2013-07-30,11638.9
GDPC1,2003-01-01,2013-07-31,2014-07-29,13028.6
GDPC1,2003-01-01,2014-07-30,2017-10-26,13031.2
GDPC1,2003-01-01,2017-10-27,2018-07-26,13031.169
GDPC1,2003-01-01,2018-07-27,2021-07-28,13634.253
GDPC1,2003-01-01,2021-07-29,2023-09-27,13619.434
GDPC1,2003-01-01,2023-09-28,9999-12-31,14614.141
GDPC1,2003-04-01,2003-07-31,2003-08-27,9608.1
GDPC1,2003-04-01,2003-08-28,2003-09-25,9625.5
GDPC1,2003-04-01,2003-09-26,2003-12-09,9629.4
GDPC1,2003-04-01,2003-12-10,2004-07-29,10288.3
GDPC1,2003-04-01,2004-07-30,2005-07-28,10287.4
GDPC1,2003-04-01,2005-07-29,2006-07-27,10230.4
GDPC1,2003-04-01,2006-07-28,2009-07-30,10212.7
GDPC1,2003-04-01,2009-07-31,2011-07-28,11738.7
GDPC1,2003-04-01,2011-07-29,2013-07-30,11737.5
GDPC1,2003-04-01,2013-07-31,2014-07-29,13151.8
GDPC1,2003-04-01,2014-07-30,2017-10-26,13152.1
GDPC1,2003-04-01,2017-10-27,2018-07-26,13152.089
GDPC1,2003-04-01,2018-07-27,2021-07-28,13751.543
GDPC1,2003-04-01,2021-07-29,2023-09-27,13741.107
GDPC1,2003-04-01,2023-09-28,9999-12-31,14743.567
GDPC1,2003-07-01,2003-10-30,2003-11-24,9797.2
GDPC1,2003-07-01,2003-11-25,2003-12-09,9821.2
GDPC1,2003-07-01,2003-12-23,2004-07-29,10493.1
GDPC1,2003-07-01,2004-07-30,2005-07-28,10472.8
GDPC1,2003-07-01,2005-07-29,2006-07-27,10410.9
GDPC1,2003-07-01,2006-07-28,2009-07-30,10398.7
GDPC1,2003-07-01,2009-07-31,2011-07-28,11935.5
GDPC1,2003-07-01,2011-07-29,2013-07-30,11930.7
GDPC1,2003-07-01,2013-07-31,2014-07-29,13374
GDPC1,2003-07-01,2014-07-30,2017-10-26,13372.4
GDPC1,2003-07-01,2017-10-27,2018-07-26,13372.357
GDPC1,2003-07-01,2018-07-27,2021-07-28,13985.073
GDPC1,2003-07-01,2021-07-29,2023-09-27,13970.157
GDPC1,2003-07-01,2023-09-28,9999-12-31,14988.782
GDPC1,2003-10-01,2004-01-30,2004-02-26,10597.1
GDPC1,2003-10-01,2004-02-27,2004-03-24,10599.2
GDPC1,2003-10-01,2004-03-25,2004-07-29,10600.1
GDPC1,2003-10-01,2004-07-30,2005-07-28,10580.7
GDPC1,2003-10-01,2005-07-29,2006-07-27,10502.6
GDPC1,2003-10-01,2006-07-28,2009-07-30,10467
GDPC1,2003-10-01,2009-07-31,2011-07-28,12042.8
GDPC1,2003-10-01,2011-07-29,2013-07-30,12038.6
GDPC1,2003-10-01,2013-07-31,2014-07-29,13525.7
GDPC1,2003-10-01,2014-07-30,2017-10-26,13528.7
GDPC1,2003-10-01,2017-10-27,2018-07-26,13528.71
GDPC1,2003-10-01,2018-07-27,2021-07-28,14145.645
GDPC1,2003-10-01,2021-07-29,2023-09-27,14131.379
GDPC1,2003-10-01,2023-09-28,9999-12-31,15162.76
GDPC1,2004-01-01,2004-04-29,2004-05-26,10708.6
GDPC1,2004-01-01,2004-05-27,2004-06-24,10716
GDPC1,2004-01-01,2004-06-25,2004-07-29,10702.1
GDPC1,2004-01-01,2004-07-30,2005-07-28,10697.5
GDPC1,2004-01-01,2005-07-29,2006-07-27,10612.5
GDPC1,2004-01-01,2006-07-28,2007-07-26,10566.3
GDPC1,2004-01-01,2007-07-27,2009-07-30,10543.6
GDPC1,2004-01-01,2009-07-31,2011-07-28,12127.6
GDPC1,2004-01-01,2011-07-29,2013-07-30,12117.9
GDPC1,2004-01-01,2013-07-31,2014-07-29,13606.6
GDPC1,2004-01-01,2014-07-30,2017-10-26,13606.5
GDPC1,2004-01-01,2017-10-27,2018-07-26,13606.509
GDPC1,2004-01-01,2018-07-27,2021-07-28,14221.147
GDPC1,2004-01-01,2021-07-29,2023-09-27,14212.34
GDPC1,2004-01-01,2023-09-28,9999-12-31,15248.68
GDPC1,2004-04-01,2004-07-30,2004-08-26,10778
GDPC1,2004-04-01,2004-08-27,2004-09-28,10771.4
GDPC1,2004-04-01,2004-09-29,2005-07-28,10784.7
GDPC1,2004-04-01,2005-07-29,2006-07-27,10704.1
GDPC1,2004-04-01,2006-07-28,2007-07-26,10671.5
GDPC1,2004-04-01,2007-07-27,2009-07-30,10634.2
GDPC1,2004-04-01,2009-07-31,2011-07-28,12213.8
GDPC1,2004-04-01,2011-07-29,2013-07-30,12195.9
GDPC1,2004-04-01,2013-07-31,2014-07-29,13710.7
GDPC1,2004-04-01,2014-07-30,2017-10-26,13706.2
GDPC1,2004-04-01,2017-10-27,2018-07-26,13706.247
GDPC1,2004-04-01,2018-07-27,2021-07-28,14329.523
GDPC1,2004-04-01,2021-07-29,2023-09-27,14323.017
GDPC1,2004-04-01,2023-09-28,9999-12-31,15366.85
GDPC1,2004-07-01,2004-10-29,2004-11-29,10883.4
GDPC1,2004-07-01,2004-11-30,2004-12-21,10889.7
GDPC1,2004-07-01,2004-12-22,2005-07-28,10891
GDPC1,2004-07-01,2005-07-29,2006-07-27,10808.9
GDPC1,2004-07-01,2006-07-28,2007-07-26,10753.3
GDPC1,2004-07-01,2007-07-27,2009-07-30,10728.7
GDPC1,2004-07-01,2009-07-31,2011-07-28,12303.5
GDPC1,2004-07-01,2011-07-29,2013-07-30,12286.7
GDPC1,2004-07-01,2013-07-31,2014-07-29,13831
GDPC1,2004-07-01,2014-07-30,2017-10-26,13830.8
GDPC1,2004-07-01,2017-10-27,2018-07-26,13830.828
GDPC1,2004-07-01,2018-07-27,2021-07-28,14464.984
GDPC1,2004-07-01,2021-07-29,2023-09-27,14457.832
GDPC1,2004-07-01,2023-09-28,9999-12-31,15512.619
GDPC1,2004-10-01,2005-01-28,2005-02-24,10975.7
GDPC1,2004-10-01,2005-02-25,2005-03-29,10993.3
GDPC1,2004-10-01,2005-03-30,2005-07-28,10994.3
GDPC1,2004-10-01,2005-07-29,2006-07-27,10897.1
GDPC1,2004-10-01,2006-07-28,2007-07-26,10822.9
GDPC1,2004-10-01,2007-07-27,2009-07-30,10796.4
GDPC1,2004-10-01,2009-07-31,2011-07-28,12410.3
GDPC1,2004-10-01,2011-07-29,2013-07-30,12387.2
GDPC1,2004-10-01,2013-07-31,2014-07-29,13947.7
GDPC1,2004-10-01,2014-07-30,2017-10-26,13950.4
GDPC1,2004-10-01,2017-10-27,2018-07-26,13950.376
GDPC1,2004-10-01,2018-07-27,2021-07-28,14609.876
GDPC1,2004-10-01,2021-07-29,2023-09-27,14605.595
GDPC1,2004-10-01,2023-09-28,9999-12-31,15670.88
GDPC1,2005-01-01,2005-04-28,2005-05-25,11078.2
GDPC1,2005-01-01,2005-05-26,2005-06-28,11088.8
GDPC1,2005-01-01,2005-06-29,2005-07-28,11096.2
GDPC1,2005-01-01,2005-07-29,2006-07-27,10999.3
GDPC1,2005-01-01,2006-07-28,2007-07-26,10913.8
GDPC1,2005-01-01,2007-07-27,2008-07-30,10878.4
GDPC1,2005-01-01,2008-07-31,2009-07-30,10875.8
GDPC1,2005-01-01,2009-07-31,2011-07-28,12534.1
GDPC1,2005-01-01,2011-07-29,2013-07-30,12515
GDPC1,2005-01-01,2013-07-31,2014-07-29,14100.2
GDPC1,2005-01-01,2014-07-30,2017-10-26,14099.1
GDPC1,2005-01-01,2017-10-27,2018-07-26,14099.081
GDPC1,2005-01-01,2018-07-27,2021-07-28,14771.602
GDPC1,2005-01-01,2021-07-29,2023-09-27,14767.846
GDPC1,2005-01-01,2023-09-28,9999-12-31,15844.727
GDPC1,2005-04-01,2005-07-29,2005-08-30,11092
GDPC1,2005-04-01,2005-08-31,2005-09-28,11088.6
GDPC1,2005-04-01,2005-09-29,2006-07-27,11089.2
GDPC1,2005-04-01,2006-07-28,2007-07-26,11001.8
GDPC1,2005-04-01,2007-07-27,2008-07-30,10954.1
GDPC1,2005-04-01,2008-07-31,2009-07-30,10946.1
GDPC1,2005-04-01,2009-07-31,2011-07-28,12587.5
GDPC1,2005-04-01,2011-07-29,2013-07-30,12570.7
GDPC1,2005-04-01,2013-07-31,2014-07-29,14177.2
GDPC1,2005-04-01,2014-07-30,2017-10-26,14172.7
GDPC1,2005-04-01,2017-10-27,2018-07-26,14172.695
GDPC1,2005-04-01,2018-07-27,2021-07-28,14839.782
GDPC1,2005-04-01,2021-07-29,2023-09-27,14839.707
GDPC1,2005-04-01,2023-09-28,9999-12-31,15922.782
GDPC1,2005-07-01,2005-10-28,2005-11-29,11193.2
GDPC1,2005-07-01,2005-11-30,2005-12-20,11206.1
GDPC1,2005-07-01,2005-12-21,2006-07-27,11202.3
GDPC1,2005-07-01,2006-07-28,2007-07-26,11115.1
GDPC1,2005-07-01,2007-07-27,2008-07-30,11074.3
GDPC1,2005-07-01,2008-07-31,2009-07-30,11050
GDPC1,2005-07-01,2009-07-31,2011-07-28,12683.2
GDPC1,2005-07-01,2011-07-29,2013-07-30,12670.5
GDPC1,2005-07-01,2013-07-31,2014-07-29,14292.9
GDPC1,2005-07-01,2014-07-30,2017-10-26,14291.8
GDPC1,2005-07-01,2017-10-27,2018-07-26,14291.757
GDPC1,2005-07-01,2018-07-27,2021-07-28,14972.054
GDPC1,2005-07-01,2021-07-29,2023-09-27,14956.291
GDPC1,2005-07-01,2023-09-28,9999-12-31,16047.587
GDPC1,2005-10-01,2006-01-27,2006-02-27,11233.5
GDPC1,2005-10-01,2006-02-28,2006-03-29,11247.6
GDPC1,2005-10-01,2006-03-30,2006-07-27,11248.3
GDPC1,2005-10-01,2006-07-28,2007-07-26,11163.8
GDPC1,2005-10-01,2007-07-27,2008-07-30,11107.2
GDPC1,2005-10-01,2008-07-31,2009-07-30,11086.1
GDPC1,2005-10-01,2009-07-31,2011-07-28,12748.7
GDPC1,2005-10-01,2011-07-29,2013-07-30,12735.6
GDPC1,2005-10-01,2013-07-31,2014-07-29,14372
GDPC1,2005-10-01,2014-07-30,2017-10-26,14373.4
GDPC1,2005-10-01,2017-10-27,2018-07-26,14373.438
GDPC1,2005-10-01,2018-07-27,2021-07-28,15066.597
GDPC1,2005-10-01,2021-07-29,2023-09-27,15041.232
GDPC1,2005-10-01,2023-09-28,9999-12-31,16136.734
GDPC1,2006-01-01,2006-04-28,2006-05-24,11381.4
GDPC1,2006-01-01,2006-05-25,2006-06-28,11394.7
GDPC1,2006-01-01,2006-06-29,2006-07-27,11403.6
GDPC1,2006-01-01,2006-07-28,2007-07-26,11316.4
GDPC1,2006-01-01,2007-07-27,2008-07-30,11238.7
GDPC1,2006-01-01,2008-07-31,2009-07-30,11217.3
GDPC1,2006-01-01,2009-07-31,2011-07-28,12915.9
GDPC1,2006-01-01,2011-07-29,2013-07-30,12896.4
GDPC1,2006-01-01,2013-07-31,2014-07-29,14546.4
GDPC1,2006-01-01,2014-07-30,2017-10-26,14546.1
GDPC1,2006-01-01,2017-10-27,2018-07-26,14546.119
GDPC1,2006-01-01,2018-07-27,2021-07-28,15267.026
GDPC1,2006-01-01,2021-07-29,2023-09-27,15244.088
GDPC1,2006-01-01,2023-09-28,9999-12-31,16353.835
GDPC1,2006-04-01,2006-07-28,2006-08-29,11385.3
GDPC1,2006-04-01,2006-08-30,2006-09-27,11397.6
GDPC1,2006-04-01,2006-09-28,2007-07-26,11388.1
GDPC1,2006-04-01,2007-07-27,2008-07-30,11306.7
GDPC1,2006-04-01,2008-07-31,2009-07-30,11291.7
GDPC1,2006-04-01,2009-07-31,2011-07-28,12962.5
GDPC1,2006-04-01,2011-07-29,2013-07-30,12948.7
GDPC1,2006-04-01,2013-07-31,2014-07-29,14591.6
GDPC1,2006-04-01,2014-07-30,2017-10-26,14589.6
GDPC1,2006-04-01,2017-10-27,2018-07-26,14589.585
GDPC1,2006-04-01,2018-07-27,2021-07-28,15302.705
GDPC1,2006-04-01,2021-07-29,2023-09-27,15281.525
GDPC1,2006-04-01,2023-09-28,9999-12-31,16396.151
GDPC1,2006-07-01,2006-10-27,2006-11-28,11432.9
GDPC1,2006-07-01,2006-11-29,2006-12-20,11450.5
GDPC1,2006-07-01,2006-12-21,2007-07-26,11443.5
GDPC1,2006-07-01,2007-07-27,2008-07-30,11336.7
GDPC1,2006-07-01,2008-07-31,2009-07-30,11314.1
GDPC1,2006-07-01,2009-07-31,2011-07-28,12965.9
GDPC1,2006-07-01,2011-07-29,2013-07-30,12950.4
GDPC1,2006-07-01,2013-07-31,2014-07-29,14604.4
GDPC1,2006-07-01,2014-07-30,2017-10-26,14602.6
GDPC1,2006-07-01,2017-10-27,2018-07-26,14602.633
GDPC1,2006-07-01,2018-07-27,2021-07-28,15326.368
GDPC1,2006-07-01,2021-07-29,2023-09-27,15304.517
GDPC1,2006-07-01,2023-09-28,9999-12-31,16420.738
GDPC1,2006-10-01,2007-01-31,2007-02-27,11541.6
GDPC1,2006-10-01,2007-02-28,2007-03-28,11506.5
GDPC1,2006-10-01,2007-03-29,2007-07-26,11513
GDPC1,2006-10-01,2007-07-27,2008-07-30,11395.5
GDPC1,2006-10-01,2008-07-31,2009-07-30,11356.4
GDPC1,2006-10-01,2009-07-31,2011-07-28,13060.7
GDPC1,2006-10-01,2011-07-29,2013-07-30,13038.4
GDPC1,2006-10-01,2013-07-31,2014-07-29,14718.4
GDPC1,2006-10-01,2014-07-30,2017-10-26,14716.9
GDPC1,2006-10-01,2017-10-27,2018-07-26,14716.93
GDPC1,2006-10-01,2018-07-27,2021-07-28,15456.928
GDPC1,2006-10-01,2021-07-29,2023-09-27,15433.643
GDPC1,2006-10-01,2023-09-28,9999-12-31,16561.866
GDPC1,2007-01-01,2007-04-27,2007-05-30,11549.1
GDPC1,2007-01-01,2007-05-31,2007-06-27,11531.7
GDPC1,2007-01-01,2007-06-28,2007-07-26,11532.8
GDPC1,2007-01-01,2007-07-27,2008-07-30,11412.6
GDPC1,2007-01-01,2008-07-31,2009-07-30,11357.8
GDPC1,2007-01-01,2009-07-31,2010-07-29,13099.9
GDPC1,2007-01-01,2010-07-30,2011-07-28,13089.3
GDPC1,2007-01-01,2011-07-29,2013-07-30,13056.1
GDPC1,2007-01-01,2013-07-31,2014-07-29,14728.1
GDPC1,2007-01-01,2014-07-30,2017-10-26,14726
GDPC1,2007-01-01,2017-10-27,2018-07-26,14726.022
GDPC1,2007-01-01,2018-07-27,2021-07-28,15493.328
GDPC1,2007-01-01,2021-07-29,2023-09-27,15478.956
GDPC1,2007-01-01,2023-09-28,9999-12-31,16611.69
GDPC1,2007-04-01,2007-07-27,2007-08-29,11507.9
GDPC1,2007-04-01,2007-08-30,2007-09-26,11523.8
GDPC1,2007-04-01,2007-09-27,2008-07-30,11520.1
GDPC1,2007-04-01,2008-07-31,2009-07-30,11491.4
GDPC1,2007-04-01,2009-07-31,2010-07-29,13204
GDPC1,2007-04-01,2010-07-30,2011-07-28,13194.1
GDPC1,2007-04-01,2011-07-29,2013-07-30,13173.6
GDPC1,2007-04-01,2013-07-31,2014-07-29,14841.5
GDPC1,2007-04-01,2014-07-30,2017-10-26,14838.7
GDPC1,2007-04-01,2017-10-27,2018-07-26,14838.664
GDPC1,2007-04-01,2018-07-27,2021-07-28,15582.085
GDPC1,2007-04-01,2021-07-29,2023-09-27,15577.779
GDPC1,2007-04-01,2023-09-28,9999-12-31,16713.314
GDPC1,2007-07-01,2007-10-31,2007-11-28,11630.7
GDPC1,2007-07-01,2007-11-29,2007-12-19,11659.3
GDPC1,2007-07-01,2007-12-20,2008-07-30,11658.9
GDPC1,2007-07-01,2008-07-31,2009-07-30,11625.7
GDPC1,2007-07-01,2009-07-31,2010-07-29,13321.1
GDPC1,2007-07-01,2010-07-30,2011-07-28,13268.5
GDPC1,2007-07-01,2011-07-29,2013-07-30,13269.8
GDPC1,2007-07-01,2013-07-31,2014-07-29,14941.5
GDPC1,2007-07-01,2014-07-30,2017-10-26,14938.5
GDPC1,2007-07-01,2017-10-27,2018-07-26,14938.467
GDPC1,2007-07-01,2018-07-27,2021-07-28,15666.738
GDPC1,2007-07-01,2021-07-29,2023-09-27,15671.605
GDPC1,2007-07-01,2023-09-28,9999-12-31,16809.587
GDPC1,2007-10-01,2008-01-30,2008-02-27,11677.4
GDPC1,2007-10-01,2008-02-28,2008-03-26,11677.1
GDPC1,2007-10-01,2008-03-27,2008-07-30,11675.7
GDPC1,2007-10-01,2008-07-31,2009-07-30,11620.7
GDPC1,2007-10-01,2009-07-31,2010-07-29,13391.2
GDPC1,2007-10-01,2010-07-30,2011-07-28,13363.5
GDPC1,2007-10-01,2011-07-29,2013-07-30,13326
GDPC1,2007-10-01,2013-07-31,2014-07-29,14996.1
GDPC1,2007-10-01,2014-07-30,2017-10-26,14991.8
GDPC1,2007-10-01,2017-10-27,2018-07-26,14991.784
GDPC1,2007-10-01,2018-07-27,2021-07-28,15761.967
GDPC1,2007-10-01,2021-07-29,2023-09-27,15767.146
GDPC1,2007-10-01,2023-09-28,9999-12-31,16915.191
GDPC1,2008-01-01,2008-04-30,2008-05-28,11693.1
GDPC1,2008-01-01,2008-05-29,2008-06-25,11701.9
GDPC1,2008-01-01,2008-06-26,2008-07-30,11703.6
GDPC1,2008-01-01,2008-07-31,2009-07-30,11646
GDPC1,2008-01-01,2009-07-31,2010-07-29,13366.9
GDPC1,2008-01-01,2010-07-30,2011-07-28,13339.2
GDPC1,2008-01-01,2011-07-29,2013-07-30,13266.8
GDPC1,2008-01-01,2013-07-31,2014-07-29,14895.4
GDPC1,2008-01-01,2014-07-30,2017-10-26,14889.5
GDPC1,2008-01-01,2017-10-27,2018-07-26,14889.45
GDPC1,2008-01-01,2018-07-27,2021-07-28,15671.383
GDPC1,2008-01-01,2021-07-29,2023-09-27,15702.906
GDPC1,2008-01-01,2023-09-28,9999-12-31,16843.003
GDPC1,2008-04-01,2008-07-31,2008-08-27,11700.6
GDPC1,2008-04-01,2008-08-28,2008-09-25,11740.3
GDPC1,2008-04-01,2008-09-26,2009-07-30,11727.4
GDPC1,2008-04-01,2009-07-31,2010-07-29,13415.3
GDPC1,2008-04-01,2010-07-30,2011-07-28,13359
GDPC1,2008-04-01,2011-07-29,2013-07-30,13310.5
GDPC1,2008-04-01,2013-07-31,2014-07-29,14969.2
GDPC1,2008-04-01,2014-07-30,2017-10-26,14963.4
GDPC1,2008-04-01,2017-10-27,2018-07-26,14963.357
GDPC1,2008-04-01,2018-07-27,2021-07-28,15752.308
GDPC1,2008-04-01,2021-07-29,2023-09-27,15792.773
GDPC1,2008-04-01,2023-09-28,9999-12-31,16943.291
GDPC1,2008-07-01,2008-10-30,2008-11-24,11720
GDPC1,2008-07-01,2008-11-25,2008-12-22,11712.3
GDPC1,2008-07-01,2008-12-23,2009-07-30,11712.4
GDPC1,2008-07-01,2009-07-31,2010-07-29,13324.6
GDPC1,2008-07-01,2010-07-30,2011-07-28,13223.5
GDPC1,2008-07-01,2011-07-29,2013-07-30,13186.9
GDPC1,2008-07-01,2013-07-31,2014-07-29,14895.1
GDPC1,2008-07-01,2014-07-30,2017-10-26,14891.6
GDPC1,2008-07-01,2017-10-27,2018-07-26,14891.643
GDPC1,2008-07-01,2018-07-27,2021-07-28,15667.032
GDPC1,2008-07-01,2021-07-29,2023-09-27,15709.562
GDPC1,2008-07-01,2023-09-28,9999-12-31,16854.295
GDPC1,2008-10-01,2009-01-30,2009-02-26,11599.4
GDPC1,2008-10-01,2009-02-27,2009-03-25,11525
GDPC1,2008-10-01,2009-03-26,2009-07-30,11522.1
GDPC1,2008-10-01,2009-07-31,2010-07-29,13141.9
GDPC1,2008-10-01,2010-07-30,2011-07-28,12993.7
GDPC1,2008-10-01,2011-07-29,2013-07-30,12883.5
GDPC1,2008-10-01,2013-07-31,2014-07-29,14574.6
GDPC1,2008-10-01,2014-07-30,2017-10-26,14577
GDPC1,2008-10-01,2017-10-27,2018-07-26,14576.985
GDPC1,2008-10-01,2018-07-27,2021-07-28,15328.027
GDPC1,2008-10-01,2021-07-29,2023-09-27,15366.607
GDPC1,2008-10-01,2023-09-28,9999-12-31,16485.35
GDPC1,2009-01-01,2009-04-29,2009-05-28,11340.9
GDPC1,2009-01-01,2009-05-29,2009-06-24,11353.7
GDPC1,2009-01-01,2009-06-25,2009-07-30,11360.5
GDPC1,2009-01-01,2009-07-31,2010-07-29,12925.4
GDPC1,2009-01-01,2010-07-30,2011-07-28,12832.6
GDPC1,2009-01-01,2011-07-29,2012-07-26,12663.2
GDPC1,2009-01-01,2012-07-27,2013-07-30,12711
GDPC1,2009-01-01,2013-07-31,2014-07-29,14372.1
GDPC1,2009-01-01,2014-07-30,2017-10-26,14375
GDPC1,2009-01-01,2017-10-27,2018-07-26,14375.018
GDPC1,2009-01-01,2018-07-27,2021-07-28,15155.94
GDPC1,2009-01-01,2021-07-29,2023-09-27,15187.475
GDPC1,2009-01-01,2023-09-28,9999-12-31,16298.262
GDPC1,2009-04-01,2009-07-31,2009-08-26,12892.4
GDPC1,2009-04-01,2009-08-27,2009-09-29,12892.5
GDPC1,2009-04-01,2009-09-30,2010-07-29,12901.5
GDPC1,2009-04-01,2010-07-30,2011-07-28,12810
GDPC1,2009-04-01,2011-07-29,2012-07-26,12641.3
GDPC1,2009-04-01,2012-07-27,2013-07-30,12701
GDPC1,2009-04-01,2013-07-31,2014-07-29,14356.9
GDPC1,2009-04-01,2014-07-30,2017-10-26,14355.6
GDPC1,2009-04-01,2017-10-27,2018-07-26,14355.558
GDPC1,2009-04-01,2018-07-27,2021-07-28,15134.117
GDPC1,2009-04-01,2021-07-29,2023-09-27,15161.772
GDPC1,2009-04-01,2023-09-28,9999-12-31,16269.145
GDPC1,2009-07-01,2009-10-29,2009-11-23,13014
GDPC1,2009-07-01,2009-11-24,2009-12-21,12990.3
GDPC1,2009-07-01,2009-12-22,2010-07-29,12973
GDPC1,2009-07-01,2010-07-30,2011-07-28,12860.8
GDPC1,2009-07-01,2011-07-29,2012-07-26,12694.5
GDPC1,2009-07-01,2012-07-27,2013-07-30,12746.7
GDPC1,2009-07-01,2013-07-31,2017-10-26,14402.5
GDPC1,2009-07-01,2017-10-27,2018-07-26,14402.477
GDPC1,2009-07-01,2018-07-27,2021-07-28,15189.222
GDPC1,2009-07-01,2021-07-29,2023-09-27,15216.647
GDPC1,2009-07-01,2023-09-28,9999-12-31,16326.281
GDPC1,2009-10-01,2010-01-29,2010-02-25,13155
GDPC1,2009-10-01,2010-02-26,2010-03-25,13161.1
GDPC1,2009-10-01,2010-03-26,2010-07-29,13149.5
GDPC1,2009-10-01,2010-07-30,2011-07-28,13019
GDPC1,2009-10-01,2011-07-29,2012-07-26,12813.5
GDPC1,2009-10-01,2012-07-27,2013-07-30,12873.1
GDPC1,2009-10-01,2013-07-31,2014-07-29,14540.2
GDPC1,2009-10-01,2014-07-30,2017-10-26,14541.9
GDPC1,2009-10-01,2017-10-27,2018-07-26,14541.901
GDPC1,2009-10-01,2018-07-27,2021-07-28,15356.058
GDPC1,2009-10-01,2021-07-29,2023-09-27,15379.155
GDPC1,2009-10-01,2023-09-28,9999-12-31,16502.754
GDPC1,2010-01-01,2010-04-30,2010-05-26,13254.7
GDPC1,2010-01-01,2010-05-27,2010-06-24,13248.2
GDPC1,2010-01-01,2010-06-25,2010-07-29,13238.6
GDPC1,2010-01-01,2010-07-30,2011-07-28,13138.8
GDPC1,2010-01-01,2011-07-29,2012-07-26,12937.7
GDPC1,2010-01-01,2012-07-27,2013-07-30,12947.6
GDPC1,2010-01-01,2013-07-31,2014-07-29,14597.7
GDPC1,2010-01-01,2014-07-30,2017-10-26,14604.8
GDPC1,2010-01-01,2017-10-27,2018-07-26,14604.845
GDPC1,2010-01-01,2018-07-27,2021-07-28,15415.145
GDPC1,2010-01-01,2021-07-29,2023-09-27,15456.059
GDPC1,2010-01-01,2023-09-28,9999-12-31,16582.71
GDPC1,2010-04-01,2010-07-30,2010-08-26,13216.5
GDPC1,2010-04-01,2010-08-27,2010-09-29,13191.5
GDPC1,2010-04-01,2010-09-30,2011-07-28,13194.9
GDPC1,2010-04-01,2011-07-29,2012-07-26,13058.5
GDPC1,2010-04-01,2012-07-27,2013-07-30,13019.6
GDPC1,2010-04-01,2013-07-31,2014-07-29,14738
GDPC1,2010-04-01,2014-07-30,2017-10-26,14745.9
GDPC1,2010-04-01,2017-10-27,2018-07-26,14745.933
GDPC1,2010-04-01,2018-07-27,2021-07-28,15557.277
GDPC1,2010-04-01,2021-07-29,2023-09-27,15605.628
GDPC1,2010-04-01,2023-09-28,9999-12-31,16743.162
GDPC1,2010-07-01,2010-10-29,2010-11-22,13260.7
GDPC1,2010-07-01,2010-11-23,2010-12-21,13277.4
GDPC1,2010-07-01,2010-12-22,2011-07-28,13278.5
GDPC1,2010-07-01,2011-07-29,2012-07-26,13139.6
GDPC1,2010-07-01,2012-07-27,2013-07-30,13103.5
GDPC1,2010-07-01,2013-07-31,2014-07-29,14839.3
GDPC1,2010-07-01,2014-07-30,2017-10-26,14845.5
GDPC1,2010-07-01,2017-10-27,2018-07-26,14845.458
GDPC1,2010-07-01,2018-07-27,2021-07-28,15671.967
GDPC1,2010-07-01,2021-07-29,2023-09-27,15726.282
GDPC1,2010-07-01,2023-09-28,9999-12-31,16872.266
GDPC1,2010-10-01,2011-01-28,2011-02-24,13382.6
GDPC1,2010-10-01,2011-02-25,2011-03-24,13370.1
GDPC1,2010-10-01,2011-03-25,2011-07-28,13380.7
GDPC1,2010-10-01,2011-07-29,2012-07-26,13216.1
GDPC1,2010-10-01,2012-07-27,2013-07-30,13181.2
GDPC1,2010-10-01,2013-07-31,2014-07-29,14942.4
GDPC1,2010-10-01,2014-07-30,2017-10-26,14939
GDPC1,2010-10-01,2017-10-27,2018-07-26,14939.001
GDPC1,2010-10-01,2018-07-27,2021-07-28,15750.625
GDPC1,2010-10-01,2021-07-29,2023-09-27,15807.995
GDPC1,2010-10-01,2023-09-28,9999-12-31,16960.864
GDPC1,2011-01-01,2011-04-28,2011-05-25,13438.8
GDPC1,2011-01-01,2011-05-26,2011-06-23,13441.9
GDPC1,2011-01-01,2011-06-24,2011-07-28,13444.3
GDPC1,2011-01-01,2011-07-29,2012-07-26,13227.9
GDPC1,2011-01-01,2012-07-27,2013-07-30,13183.8
GDPC1,2011-01-01,2013-07-31,2014-07-29,14894
GDPC1,2011-01-01,2014-07-30,2017-10-26,14881.3
GDPC1,2011-01-01,2017-10-27,2018-07-26,14881.301
GDPC1,2011-01-01,2018-07-27,2021-07-28,15712.754
GDPC1,2011-01-01,2021-07-29,2023-09-27,15769.911
GDPC1,2011-01-01,2023-09-28,9999-12-31,16920.632
GDPC1,2011-04-01,2011-07-29,2011-08-25,13270.1
GDPC1,2011-04-01,2011-08-26,2011-09-28,13260.5
GDPC1,2011-04-01,2011-09-29,2012-07-26,13271.8
GDPC1,2011-04-01,2012-07-27,2013-07-30,13264.7
GDPC1,2011-04-01,2013-07-31,2014-07-29,15011.3
GDPC1,2011-04-01,2014-07-30,2017-10-26,14989.6
GDPC1,2011-04-01,2017-10-27,2018-07-26,14989.555
GDPC1,2011-04-01,2018-07-27,2021-07-28,15825.096
GDPC1,2011-04-01,2021-07-29,2023-09-27,15876.839
GDPC1,2011-04-01,2023-09-28,9999-12-31,17035.114
GDPC1,2011-07-01,2011-10-27,2011-11-21,13352.8
GDPC1,2011-07-01,2011-11-22,2011-12-21,13337.8
GDPC1,2011-07-01,2011-12-22,2012-07-26,13331.6
GDPC1,2011-07-01,2012-07-27,2013-07-30,13306.9
GDPC1,2011-07-01,2013-07-31,2014-07-29,15062.1
GDPC1,2011-07-01,2014-07-30,2017-10-26,15021.1
GDPC1,2011-07-01,2017-10-27,2018-07-26,15021.149
GDPC1,2011-07-01,2018-07-27,2021-07-28,15820.7
GDPC1,2011-07-01,2021-07-29,2023-09-27,15870.684
GDPC1,2011-07-01,2023-09-28,9999-12-31,17031.313
GDPC1,2011-10-01,2012-01-27,2012-02-28,13422.4
GDPC1,2011-10-01,2012-02-29,2012-03-28,13429.9
GDPC1,2011-10-01,2012-03-29,2012-07-26,13429
GDPC1,2011-10-01,2012-07-27,2013-07-30,13441
GDPC1,2011-10-01,2013-07-31,2014-07-29,15242.1
GDPC1,2011-10-01,2014-07-30,2017-10-26,15190.3
GDPC1,2011-10-01,2017-10-27,2018-07-26,15190.255
GDPC1,2011-10-01,2018-07-27,2021-07-28,16004.107
GDPC1,2011-10-01,2021-07-29,2023-09-27,16048.702
GDPC1,2011-10-01,2023-09-28,9999-12-31,17222.583
GDPC1,2012-01-01,2012-04-27,2012-05-30,13502.4
GDPC1,2012-01-01,2012-05-31,2012-06-27,13491
GDPC1,2012-01-01,2012-06-28,2012-07-26,13491.4
GDPC1,2012-01-01,2012-07-27,2013-07-30,13506.4
GDPC1,2012-01-01,2013-07-31,2014-07-29,15381.6
GDPC1,2012-01-01,2014-07-30,2015-07-29,15275
GDPC1,2012-01-01,2015-07-30,2017-10-26,15291
GDPC1,2012-01-01,2017-10-27,2018-07-26,15291.035
GDPC1,2012-01-01,2018-07-27,2021-07-28,16129.418
GDPC1,2012-01-01,2021-07-29,2023-09-27,16179.968
GDPC1,2012-01-01,2023-09-28,9999-12-31,17367.01
GDPC1,2012-04-01,2012-07-27,2012-08-28,13558
GDPC1,2012-04-01,2012-08-29,2012-09-26,13564.5
GDPC1,2012-04-01,2012-09-27,2013-07-30,13548.5
GDPC1,2012-04-01,2013-07-31,2014-07-29,15427.7
GDPC1,2012-04-01,2014-07-30,2015-07-29,15336.7
GDPC1,2012-04-01,2015-07-30,2017-10-26,15362.4
GDPC1,2012-04-01,2017-10-27,2018-07-26,15362.415
GDPC1,2012-04-01,2018-07-27,2021-07-28,16198.807
GDPC1,2012-04-01,2021-07-29,2023-09-27,16253.726
GDPC1,2012-04-01,2023-09-28,9999-12-31,17444.525
GDPC1,2012-07-01,2012-10-26,2012-11-28,13616.2
GDPC1,2012-07-01,2012-11-29,2012-12-19,13638.1
GDPC1,2012-07-01,2012-12-20,2013-07-30,13652.5
GDPC1,2012-07-01,2013-07-31,2014-07-29,15534
GDPC1,2012-07-01,2014-07-30,2015-07-29,15431.3
GDPC1,2012-07-01,2015-07-30,2017-10-26,15380.8
GDPC1,2012-07-01,2017-10-27,2018-07-26,15380.802
GDPC1,2012-07-01,2018-07-27,2021-07-28,16220.667
GDPC1,2012-07-01,2021-07-29,2023-09-27,16282.151
GDPC1,2012-07-01,2023-09-28,9999-12-31,17469.65
GDPC1,2012-10-01,2013-01-30,2013-02-27,13647.6
GDPC1,2012-10-01,2013-02-28,2013-03-27,13656.8
GDPC1,2012-10-01,2013-03-28,2013-07-30,13665.4
GDPC1,2012-10-01,2013-07-31,2014-07-29,15539.6
GDPC1,2012-10-01,2014-07-30,2015-07-29,15433.7
GDPC1,2012-10-01,2015-07-30,2017-10-26,15384.3
GDPC1,2012-10-01,2017-10-27,2018-07-26,15384.254
GDPC1,2012-10-01,2018-07-27,2021-07-28,16239.138
GDPC1,2012-10-01,2021-07-29,2023-09-27,16300.035
GDPC1,2012-10-01,2023-09-28,9999-12-31,17489.852
GDPC1,2013-01-01,2013-04-26,2013-05-29,13750.1
GDPC1,2013-01-01,2013-05-30,2013-06-25,13746.2
GDPC1,2013-01-01,2013-06-26,2013-07-30,13725.7
GDPC1,2013-01-01,2013-07-31,2014-07-29,15583.9
GDPC1,2013-01-01,2014-07-30,2015-07-29,15538.4
GDPC1,2013-01-01,2015-07-30,2016-07-28,15457.2
GDPC1,2013-01-01,2016-07-29,2017-10-26,15491.9
GDPC1,2013-01-01,2017-10-27,2018-07-26,15491.878
GDPC1,2013-01-01,2018-07-27,2021-07-28,16382.964
GDPC1,2013-01-01,2021-07-29,2023-09-27,16441.485
GDPC1,2013-01-01,2023-09-28,9999-12-31,17662.4
GDPC1,2013-04-01,2013-07-31,2013-08-28,15648.7
GDPC1,2013-04-01,2013-08-29,2013-09-25,15681
GDPC1,2013-04-01,2013-09-26,2014-07-29,15679.7
GDPC1,2013-04-01,2014-07-30,2015-07-29,15606.6
GDPC1,2013-04-01,2015-07-30,2016-07-28,15500.2
GDPC1,2013-04-01,2016-07-29,2017-10-26,15521.6
GDPC1,2013-04-01,2017-10-27,2018-07-26,15521.559
GDPC1,2013-04-01,2018-07-27,2021-07-28,16403.18
GDPC1,2013-04-01,2021-07-29,2023-09-27,16464.402
GDPC1,2013-04-01,2023-09-28,9999-12-31,17709.671
GDPC1,2013-07-01,2013-11-07,2013-12-04,15790.1
GDPC1,2013-07-01,2013-12-05,2013-12-19,15819
GDPC1,2013-07-01,2013-12-20,2014-07-29,15839.3
GDPC1,2013-07-01,2014-07-30,2015-07-29,15779.9
GDPC1,2013-07-01,2015-07-30,2016-07-28,15614.4
GDPC1,2013-07-01,2016-07-29,2017-10-26,15641.3
GDPC1,2013-07-01,2017-10-27,2018-07-26,15641.336
GDPC1,2013-07-01,2018-07-27,2021-07-28,16531.685
GDPC1,2013-07-01,2021-07-29,2023-09-27,16594.743
GDPC1,2013-07-01,2023-09-28,9999-12-31,17860.45
GDPC1,2013-10-01,2014-01-30,2014-02-27,15965.6
GDPC1,2013-10-01,2014-02-28,2014-03-26,15932.9
GDPC1,2013-10-01,2014-03-27,2014-07-29,15942.3
GDPC1,2013-10-01,2014-07-30,2015-07-29,15916.2
GDPC1,2013-10-01,2015-07-30,2016-07-28,15761.5
GDPC1,2013-10-01,2016-07-29,2017-10-26,15793.9
GDPC1,2013-10-01,2017-10-27,2018-07-26,15793.928
GDPC1,2013-10-01,2018-07-27,2021-07-28,16663.649
GDPC1,2013-10-01,2021-07-29,2023-09-27,16712.76
GDPC1,2013-10-01,2023-09-28,9999-12-31,18016.147
GDPC1,2014-01-01,2014-04-30,2014-05-28,15946.6
GDPC1,2014-01-01,2014-05-29,2014-06-24,15902.9
GDPC1,2014-01-01,2014-06-25,2014-07-29,15824.2
GDPC1,2014-01-01,2014-07-30,2015-07-29,15831.7
GDPC1,2014-01-01,2015-07-30,2016-07-28,15724.9
GDPC1,2014-01-01,2016-07-29,2017-07-27,15747
GDPC1,2014-01-01,2017-07-28,2017-10-26,15757.6
GDPC1,2014-01-01,2017-10-27,2018-07-26,15757.57
GDPC1,2014-01-01,2018-07-27,2019-07-25,16621.696
GDPC1,2014-01-01,2019-07-26,2021-07-28,16616.54
GDPC1,2014-01-01,2021-07-29,2023-09-27,16654.247
GDPC1,2014-01-01,2023-09-28,9999-12-31,17953.974
GDPC1,2014-04-01,2014-07-30,2014-08-27,15985.7
GDPC1,2014-04-01,2014-08-28,2014-09-25,15994.3
GDPC1,2014-04-01,2014-09-26,2015-07-29,16010.4
GDPC1,2014-04-01,2015-07-30,2016-07-28,15901.5
GDPC1,2014-04-01,2016-07-29,2017-07-27,15900.8
GDPC1,2014-04-01,2017-07-28,2017-10-26,15935.8
GDPC1,2014-04-01,2017-10-27,2018-07-26,15935.825
GDPC1,2014-04-01,2018-07-27,2019-07-25,16830.111
GDPC1,2014-04-01,2019-07-26,2021-07-28,16841.475
GDPC1,2014-04-01,2021-07-29,2023-09-27,16868.109
GDPC1,2014-04-01,2023-09-28,9999-12-31,18185.911
GDPC1,2014-07-01,2014-10-30,2014-11-24,16150.6
GDPC1,2014-07-01,2014-11-25,2014-12-22,16164.1
GDPC1,2014-07-01,2014-12-23,2015-07-29,16205.6
GDPC1,2014-07-01,2015-07-30,2016-07-28,16068.8
GDPC1,2014-07-01,2016-07-29,2017-07-27,16094.5
GDPC1,2014-07-01,2017-07-28,2017-10-26,16139.5
GDPC1,2014-07-01,2017-10-27,2018-07-26,16139.513
GDPC1,2014-07-01,2018-07-27,2019-07-25,17033.572
GDPC1,2014-07-01,2019-07-26,2021-07-28,17047.098
GDPC1,2014-07-01,2021-07-29,2023-09-27,17064.616
GDPC1,2014-07-01,2023-09-28,9999-12-31,18406.941
GDPC1,2014-10-01,2015-01-30,2015-02-26,16311.6
GDPC1,2014-10-01,2015-02-27,2015-03-26,16293.7
GDPC1,2014-10-01,2015-03-27,2015-07-29,16294.7
GDPC1,2014-10-01,2015-07-30,2016-07-28,16151.4
GDPC1,2014-10-01,2016-07-29,2017-07-27,16186.7
GDPC1,2014-10-01,2017-07-28,2017-10-26,16220.2
GDPC1,2014-10-01,2017-10-27,2018-07-26,16220.222
GDPC1,2014-10-01,2018-07-27,2019-07-25,17113.945
GDPC1,2014-10-01,2019-07-26,2021-07-28,17143.038
GDPC1,2014-10-01,2021-07-29,2023-09-27,17141.235
GDPC1,2014-10-01,2023-09-28,9999-12-31,18500.031
GDPC1,2015-01-01,2015-04-29,2015-05-28,16304.8
GDPC1,2015-01-01,2015-05-29,2015-06-23,16264.1
GDPC1,2015-01-01,2015-06-24,2015-07-29,16287.7
GDPC1,2015-01-01,2015-07-30,2016-07-28,16177.3
GDPC1,2015-01-01,2016-07-29,2017-07-27,16269
GDPC1,2015-01-01,2017-07-28,2017-10-26,16350
GDPC1,2015-01-01,2017-10-27,2018-07-26,16349.97
GDPC1,2015-01-01,2018-07-27,2019-07-25,17254.744
GDPC1,2015-01-01,2019-07-26,2020-07-29,17277.58
GDPC1,2015-01-01,2020-07-30,2021-07-28,17305.752
GDPC1,2015-01-01,2021-07-29,2023-09-27,17280.647
GDPC1,2015-01-01,2023-09-28,9999-12-31,18666.621
GDPC1,2015-04-01,2015-07-30,2015-08-26,16270.4
GDPC1,2015-04-01,2015-08-27,2015-09-24,16324.3
GDPC1,2015-04-01,2015-09-25,2016-07-28,16333.6
GDPC1,2015-04-01,2016-07-29,2017-07-27,16374.2
GDPC1,2015-04-01,2017-07-28,2017-10-26,16460.9
GDPC1,2015-04-01,2017-10-27,2018-07-26,16460.889
GDPC1,2015-04-01,2018-07-27,2019-07-25,17397.029
GDPC1,2015-04-01,2019-07-26,2020-07-29,17405.669
GDPC1,2015-04-01,2020-07-30,2021-07-28,17422.845
GDPC1,2015-04-01,2021-07-29,2023-09-27,17380.875
GDPC1,2015-04-01,2023-09-28,9999-12-31,18782.243
GDPC1,2015-07-01,2015-10-29,2015-11-23,16394.2
GDPC1,2015-07-01,2015-11-24,2015-12-21,16417.8
GDPC1,2015-07-01,2015-12-22,2016-07-28,16414
GDPC1,2015-07-01,2016-07-29,2017-07-27,16454.9
GDPC1,2015-07-01,2017-07-28,2017-10-26,16527.6
GDPC1,2015-07-01,2017-10-27,2018-07-26,16527.587
GDPC1,2015-07-01,2018-07-27,2019-07-25,17438.802
GDPC1,2015-07-01,2019-07-26,2020-07-29,17463.222
GDPC1,2015-07-01,2020-07-30,2021-07-28,17486.021
GDPC1,2015-07-01,2021-07-29,2023-09-27,17437.08
GDPC1,2015-07-01,2023-09-28,9999-12-31,18857.418
GDPC1,2015-10-01,2016-01-29,2016-02-25,16442.3
GDPC1,2015-10-01,2016-02-26,2016-03-24,16455.1
GDPC1,2015-10-01,2016-03-25,2016-07-28,16470.6
GDPC1,2015-10-01,2016-07-29,2017-07-27,16490.7
GDPC1,2015-10-01,2017-07-28,2017-10-26,16547.6
GDPC1,2015-10-01,2017-10-27,2018-07-26,16547.619
GDPC1,2015-10-01,2018-07-27,2019-07-25,17456.225
GDPC1,2015-10-01,2019-07-26,2020-07-29,17468.902
GDPC1,2015-10-01,2020-07-30,2021-07-28,17514.062
GDPC1,2015-10-01,2021-07-29,2023-09-27,17462.579
GDPC1,2015-10-01,2023-09-28,9999-12-31,18892.206
GDPC1,2016-01-01,2016-04-28,2016-05-26,16492.7
GDPC1,2016-01-01,2016-05-27,2016-06-27,16505.1
GDPC1,2016-01-01,2016-06-28,2016-07-28,16514.6
GDPC1,2016-01-01,2016-07-29,2017-07-27,16525
GDPC1,2016-01-01,2017-07-28,2017-10-26,16571.6
GDPC1,2016-01-01,2017-10-27,2018-07-26,16571.573
GDPC1,2016-01-01,2018-07-27,2019-07-25,17523.374
GDPC1,2016-01-01,2019-07-26,2020-07-29,17556.839
GDPC1,2016-01-01,2020-07-30,2021-07-28,17613.264
GDPC1,2016-01-01,2021-07-29,2023-09-27,17565.465
GDPC1,2016-01-01,2023-09-28,9999-12-31,19001.69
GDPC1,2016-04-01,2016-07-29,2016-08-25,16575.1
GDPC1,2016-04-01,2016-08-26,2016-09-28,16570.2
GDPC1,2016-04-01,2016-09-29,2017-07-27,16583.1
GDPC1,2016-04-01,2017-07-28,2017-10-26,16663.5
GDPC1,2016-04-01,2017-10-27,2018-07-26,16663.516
GDPC1,2016-04-01,2018-07-27,2019-07-25,17622.486
GDPC1,2016-04-01,2019-07-26,2020-07-29,17639.417
GDPC1,2016-04-01,2020-07-30,2021-07-28,17668.203
GDPC1,2016-04-01,2021-07-29,2023-09-27,17618.581
GDPC1,2016-04-01,2023-09-28,9999-12-31,19062.709
GDPC1,2016-07-01,2016-10-28,2016-11-28,16702.1
GDPC1,2016-07-01,2016-11-29,2016-12-21,16712.5
GDPC1,2016-07-01,2016-12-22,2017-07-27,16727
GDPC1,2016-07-01,2017-07-28,2017-10-26,16778.1
GDPC1,2016-07-01,2017-10-27,2018-07-26,16778.148
GDPC1,2016-07-01,2018-07-27,2019-07-25,17706.705
GDPC1,2016-07-01,2019-07-26,2020-07-29,17735.074
GDPC1,2016-07-01,2020-07-30,2021-07-28,17764.388
GDPC1,2016-07-01,2021-07-29,2023-09-27,17724.489
GDPC1,2016-07-01,2023-09-28,9999-12-31,19197.938
GDPC1,2016-10-01,2017-01-27,2017-02-27,16804.8
GDPC1,2016-10-01,2017-02-28,2017-03-29,16804.1
GDPC1,2016-10-01,2017-03-30,2017-07-27,16813.3
GDPC1,2016-10-01,2017-07-28,2017-10-26,16851.4
GDPC1,2016-10-01,2017-10-27,2018-07-26,16851.42
GDPC1,2016-10-01,2018-07-27,2019-07-25,17784.185
GDPC1,2016-10-01,2019-07-26,2020-07-29,17824.231
GDPC1,2016-10-01,2020-07-30,2021-07-28,17876.179
GDPC1,2016-10-01,2021-07-29,2023-09-27,17812.56
GDPC1,2016-10-01,2023-09-28,9999-12-31,19304.352
GDPC1,2017-01-01,2017-04-28,2017-05-25,16842.4
GDPC1,2017-01-01,2017-05-26,2017-06-28,16861.6
GDPC1,2017-01-01,2017-06-29,2017-07-27,16872.8
GDPC1,2017-01-01,2017-07-28,2017-10-26,16903.2
GDPC1,2017-01-01,2017-10-27,2018-07-26,16903.24
GDPC1,2017-01-01,2018-07-27,2019-07-25,17863.023
GDPC1,2017-01-01,2019-07-26,2020-07-29,17925.256
GDPC1,2017-01-01,2020-07-30,2021-07-28,17977.299
GDPC1,2017-01-01,2021-07-29,2022-09-28,17896.623
GDPC1,2017-01-01,2022-09-29,2023-09-27,17889.094
GDPC1,2017-01-01,2023-09-28,9999-12-31,19398.343
GDPC1,2017-04-01,2017-07-28,2017-08-29,17010.7
GDPC1,2017-04-01,2017-08-30,2017-09-27,17030
GDPC1,2017-04-01,2017-09-28,2017-10-26,17031.1
GDPC1,2017-04-01,2017-10-27,2018-07-26,17031.085
GDPC1,2017-04-01,2018-07-27,2019-07-25,17995.15
GDPC1,2017-04-01,2019-07-26,2020-07-29,18021.048
GDPC1,2017-04-01,2020-07-30,2021-07-28,18054.052
GDPC1,2017-04-01,2021-07-29,2022-09-28,17996.802
GDPC1,2017-04-01,2022-09-29,2023-09-27,17979.218
GDPC1,2017-04-01,2023-09-28,9999-12-31,19506.949
GDPC1,2017-07-01,2017-10-27,2017-11-28,17156.946
GDPC1,2017-07-01,2017-11-29,2017-12-20,17169.733
GDPC1,2017-07-01,2017-12-21,2018-07-26,17163.894
GDPC1,2017-07-01,2018-07-27,2019-07-25,18120.843
GDPC1,2017-07-01,2019-07-26,2020-07-29,18163.558
GDPC1,2017-07-01,2020-07-30,2021-07-28,18185.636
GDPC1,2017-07-01,2021-07-29,2022-09-28,18126.226
GDPC1,2017-07-01,2022-09-29,2023-09-27,18127.994
GDPC1,2017-07-01,2023-09-28,9999-12-31,19660.766
GDPC1,2017-10-01,2018-01-26,2018-02-27,17272.468
GDPC1,2017-10-01,2018-02-28,2018-03-27,17271.702
GDPC1,2017-10-01,2018-03-28,2018-07-26,17286.497
GDPC1,2017-10-01,2018-07-27,2019-07-25,18223.758
GDPC1,2017-10-01,2019-07-26,2020-07-29,18322.464
GDPC1,2017-10-01,2020-07-30,2021-07-28,18359.432
GDPC1,2017-10-01,2021-07-29,2022-09-28,18296.685
GDPC1,2017-10-01,2022-09-29,2023-09-27,18310.3
GDPC1,2017-10-01,2023-09-28,9999-12-31,19882.352
GDPC1,2018-01-01,2018-04-27,2018-05-29,17385.831
GDPC1,2018-01-01,2018-05-30,2018-06-27,17379.728
GDPC1,2018-01-01,2018-06-28,2018-07-26,17371.854
GDPC1,2018-01-01,2018-07-27,2019-07-25,18323.963
GDPC1,2018-01-01,2019-07-26,2020-07-29,18438.254
GDPC1,2018-01-01,2020-07-30,2021-07-28,18530.483
GDPC1,2018-01-01,2021-07-29,2022-09-28,18436.262
GDPC1,2018-01-01,2022-09-29,2023-09-27,18437.127
GDPC1,2018-01-01,2023-09-28,9999-12-31,20044.077
GDPC1,2018-04-01,2018-07-27,2018-08-28,18507.2
GDPC1,2018-04-01,2018-08-29,2018-09-26,18514.595
GDPC1,2018-04-01,2018-09-27,2019-07-25,18511.576
GDPC1,2018-04-01,2019-07-26,2020-07-29,18598.135
GDPC1,2018-04-01,2020-07-30,2021-07-28,18654.383
GDPC1,2018-04-01,2021-07-29,2022-09-28,18590.004
GDPC1,2018-04-01,2022-09-29,2023-09-27,18565.697
GDPC1,2018-04-01,2023-09-28,9999-12-31,20150.476
GDPC1,2018-07-01,2018-10-26,2018-11-27,18671.497
GDPC1,2018-07-01,2018-11-28,2018-12-20,18671.65
GDPC1,2018-07-01,2018-12-21,2019-07-25,18664.973
GDPC1,2018-07-01,2019-07-26,2020-07-29,18732.72
GDPC1,2018-07-01,2020-07-30,2021-07-28,18752.355
GDPC1,2018-07-01,2021-07-29,2022-09-28,18679.599
GDPC1,2018-07-01,2022-09-29,2023-09-27,18699.748
GDPC1,2018-07-01,2023-09-28,9999-12-31,20276.154
GDPC1,2018-10-01,2019-02-28,2019-03-27,18784.632
GDPC1,2018-10-01,2019-03-28,2019-07-25,18765.256
GDPC1,2018-10-01,2019-07-26,2020-07-29,18783.548
GDPC1,2018-10-01,2020-07-30,2021-07-28,18813.923
GDPC1,2018-10-01,2021-07-29,2022-09-28,18721.281
GDPC1,2018-10-01,2022-09-29,2023-09-27,18733.741
GDPC1,2018-10-01,2023-09-28,9999-12-31,20304.874
GDPC1,2019-01-01,2019-04-26,2019-05-29,18912.326
GDPC1,2019-01-01,2019-05-30,2019-06-26,18907.517
GDPC1,2019-01-01,2019-06-27,2019-07-25,18910.332
GDPC1,2019-01-01,2019-07-26,2020-07-29,18927.281
GDPC1,2019-01-01,2020-07-30,2021-07-28,18950.347
GDPC1,2019-01-01,2021-07-29,2022-09-28,18833.195
GDPC1,2019-01-01,2022-09-29,2023-09-27,18835.411
GDPC1,2019-01-01,2023-09-28,2024-09-25,20415.15
GDPC1,2019-01-01,2024-09-26,9999-12-31,20431.641
GDPC1,2019-04-01,2019-07-26,2019-08-28,19023.82
GDPC1,2019-04-01,2019-08-29,2019-09-25,19023.022
GDPC1,2019-04-01,2019-09-26,2020-07-29,19021.86
GDPC1,2019-04-01,2020-07-30,2021-07-28,19020.599
GDPC1,2019-04-01,2021-07-29,2022-09-28,18982.528
GDPC1,2019-04-01,2022-09-29,2023-09-27,18962.175
GDPC1,2019-04-01,2023-09-28,2024-09-25,20584.528
GDPC1,2019-04-01,2024-09-26,9999-12-31,20602.275
GDPC1,2019-07-01,2019-10-30,2019-11-26,19112.542
GDPC1,2019-07-01,2019-11-27,2019-12-19,19122.06
GDPC1,2019-07-01,2019-12-20,2020-07-29,19121.112
GDPC1,2019-07-01,2020-07-30,2021-07-28,19141.744
GDPC1,2019-07-01,2021-07-29,2022-09-28,19112.653
GDPC1,2019-07-01,2022-09-29,2023-09-27,19130.932
GDPC1,2019-07-01,2023-09-28,2024-09-25,20817.581
GDPC1,2019-07-01,2024-09-26,9999-12-31,20843.322
GDPC1,2019-10-01,2020-01-30,2020-02-26,19219.767
GDPC1,2019-10-01,2020-02-27,2020-03-25,19220.49
GDPC1,2019-10-01,2020-03-26,2020-07-29,19221.97
GDPC1,2019-10-01,2020-07-30,2021-07-28,19253.959
GDPC1,2019-10-01,2021-07-29,2022-09-28,19202.31
GDPC1,2019-10-01,2022-09-29,2023-09-27,19215.691
GDPC1,2019-10-01,2023-09-28,2024-09-25,20951.088
GDPC1,2019-10-01,2024-09-26,9999-12-31,20985.448
GDPC1,2020-01-01,2020-04-29,2020-05-27,18987.877
GDPC1,2020-01-01,2020-05-28,2020-06-24,18974.702
GDPC1,2020-01-01,2020-06-25,2020-07-29,18977.363
GDPC1,2020-01-01,2020-07-30,2021-07-28,19010.848
GDPC1,2020-01-01,2021-07-29,2022-09-28,18951.992
GDPC1,2020-01-01,2022-09-29,2023-09-27,18989.877
GDPC1,2020-01-01,2023-09-28,2024-09-25,20665.553
GDPC1,2020-01-01,2024-09-26,2025-09-24,20693.238
GDPC1,2020-01-01,2025-09-25,9999-12-31,20709.212
GDPC1,2020-04-01,2020-07-30,2020-08-26,17205.822
GDPC1,2020-04-01,2020-08-27,2020-09-29,17282.188
GDPC1,2020-04-01,2020-09-30,2021-07-28,17302.511
GDPC1,2020-04-01,2021-07-29,2022-09-28,17258.205
GDPC1,2020-04-01,2022-09-29,2023-09-27,17378.712
GDPC1,2020-04-01,2023-09-28,2024-09-25,19034.83
GDPC1,2020-04-01,2024-09-26,2025-09-24,19056.617
GDPC1,2020-04-01,2025-09-25,9999-12-31,19077.992
GDPC1,2020-07-01,2020-10-29,2020-11-24,18583.984
GDPC1,2020-07-01,2020-11-25,2020-12-21,18583.501
GDPC1,2020-07-01,2020-12-22,2021-07-28,18596.521
GDPC1,2020-07-01,2021-07-29,2022-09-28,18560.774
GDPC1,2020-07-01,2022-09-29,2023-09-27,18743.72
GDPC1,2020-07-01,2023-09-28,2024-09-25,20511.785
GDPC1,2020-07-01,2024-09-26,2025-09-24,20548.793
GDPC1,2020-07-01,2025-09-25,9999-12-31,20558.879
GDPC1,2020-10-01,2021-01-28,2021-02-24,18780.325
GDPC1,2020-10-01,2021-02-25,2021-03-24,18783.902
GDPC1,2020-10-01,2021-03-25,2021-07-28,18794.426
GDPC1,2020-10-01,2021-07-29,2022-09-28,18767.778
GDPC1,2020-10-01,2022-09-29,2023-09-27,18924.262
GDPC1,2020-10-01,2023-09-28,2024-09-25,20724.128
GDPC1,2020-10-01,2024-09-26,2025-09-24,20771.691
GDPC1,2020-10-01,2025-09-25,9999-12-31,20791.917
GDPC1,2021-01-01,2021-04-29,2021-05-26,19087.568
GDPC1,2021-01-01,2021-05-27,2021-06-23,19088.064
GDPC1,2021-01-01,2021-06-24,2021-07-28,19086.375
GDPC1,2021-01-01,2021-07-29,2022-09-28,19055.655
GDPC1,2021-01-01,2022-09-29,2023-09-27,19216.224
GDPC1,2021-01-01,2023-09-28,2024-09-25,20990.541
GDPC1,2021-01-01,2024-09-26,2025-09-24,21058.379
GDPC1,2021-01-01,2025-09-25,9999-12-31,21082.134
GDPC1,2021-04-01,2021-07-29,2021-08-25,19358.176
GDPC1,2021-04-01,2021-08-26,2021-09-29,19360.6
GDPC1,2021-04-01,2021-09-30,2022-09-28,19368.31
GDPC1,2021-04-01,2022-09-29,2023-09-27,19544.248
GDPC1,2021-04-01,2023-09-28,2024-09-25,21309.544
GDPC1,2021-04-01,2024-09-26,2025-09-24,21389.005
GDPC1,2021-04-01,2025-09-25,9999-12-31,21440.929
GDPC1,2021-07-01,2021-10-28,2021-11-23,19465.195
GDPC1,2021-07-01,2021-11-24,2021-12-21,19469.398
GDPC1,2021-07-01,2021-12-22,2022-09-28,19478.893
GDPC1,2021-07-01,2022-09-29,2023-09-27,19672.594
GDPC1,2021-07-01,2023-09-28,2024-09-25,21483.083
GDPC1,2021-07-01,2024-09-26,2025-09-24,21571.421
GDPC1,2021-07-01,2025-09-25,9999-12-31,21617.828
GDPC1,2021-10-01,2022-01-27,2022-02-23,19805.962
GDPC1,2021-10-01,2022-02-24,2022-03-29,19810.572
GDPC1,2021-10-01,2022-03-30,2022-09-28,19806.29
GDPC1,2021-10-01,2022-09-29,2023-09-27,20006.181
GDPC1,2021-10-01,2023-09-28,2024-09-25,21847.602
GDPC1,2021-10-01,2024-09-26,2025-09-24,21960.388
GDPC1,2021-10-01,2025-09-25,9999-12-31,21988.737
GDPC1,2022-01-01,2022-04-28,2022-05-25,19735.895
GDPC1,2022-01-01,2022-05-26,2022-06-28,19731.119
GDPC1,2022-01-01,2022-06-29,2022-09-28,19727.918
GDPC1,2022-01-01,2022-09-29,2023-09-27,19924.088
GDPC1,2022-01-01,2023-09-28,2024-09-25,21738.871
GDPC1,2022-01-01,2024-09-26,2025-09-24,21903.85
GDPC1,2022-01-01,2025-09-25,9999-12-31,21932.71
GDPC1,2022-04-01,2022-07-28,2022-08-24,19681.682
GDPC1,2022-04-01,2022-08-25,2022-09-28,19699.465
GDPC1,2022-04-01,2022-09-29,2023-09-27,19895.271
GDPC1,2022-04-01,2023-09-28,2024-09-25,21708.16
GDPC1,2022-04-01,2024-09-26,2025-09-24,21919.222
GDPC1,2022-04-01,2025-09-25,9999-12-31,21967.045
GDPC1,2022-07-01,2022-10-27,2022-11-29,20021.721
GDPC1,2022-07-01,2022-11-30,2022-12-21,20039.406
GDPC1,2022-07-01,2022-12-22,2023-09-27,20054.663
GDPC1,2022-07-01,2023-09-28,2024-09-25,21851.134
GDPC1,2022-07-01,2024-09-26,2025-09-24,22066.784
GDPC1,2022-07-01,2025-09-25,9999-12-31,22125.625
GDPC1,2022-10-01,2023-01-26,2023-02-22,20198.091
GDPC1,2022-10-01,2023-02-23,2023-03-29,20187.495
GDPC1,2022-10-01,2023-03-30,2023-09-27,20182.491
GDPC1,2022-10-01,2023-09-28,2024-09-25,21989.981
GDPC1,2022-10-01,2024-09-26,2025-09-24,22249.459
GDPC1,2022-10-01,2025-09-25,9999-12-31,22278.345
GDPC1,2023-01-01,2023-04-27,2023-05-24,20235.878
GDPC1,2023-01-01,2023-05-25,2023-06-28,20246.439
GDPC1,2023-01-01,2023-06-29,2023-09-27,20282.76
GDPC1,2023-01-01,2023-09-28,2024-09-25,22112.329
GDPC1,2023-01-01,2024-09-26,2025-09-24,22403.435
GDPC1,2023-01-01,2025-09-25,9999-12-31,22439.607
GDPC1,2023-04-01,2023-07-27,2023-08-29,20404.088
GDPC1,2023-04-01,2023-08-30,2023-09-27,20386.467
GDPC1,2023-04-01,2023-09-28,2024-09-25,22225.35
GDPC1,2023-04-01,2024-09-26,2025-09-24,22539.418
GDPC1,2023-04-01,2025-09-25,9999-12-31,22580.499
GDPC1,2023-07-01,2023-10-26,2023-11-28,22491.567
GDPC1,2023-07-01,2023-11-29,2023-12-20,22506.365
GDPC1,2023-07-01,2023-12-21,2024-09-25,22490.692
GDPC1,2023-07-01,2024-09-26,2025-09-24,22780.933
GDPC1,2023-07-01,2025-09-25,9999-12-31,22840.989
GDPC1,2023-10-01,2024-01-25,2024-02-27,22672.859
GDPC1,2023-10-01,2024-02-28,2024-03-27,22668.986
GDPC1,2023-10-01,2024-03-28,2024-09-25,22679.255
GDPC1,2023-10-01,2024-09-26,2025-09-24,22960.6
GDPC1,2023-10-01,2025-09-25,9999-12-31,23033.78
GDPC1,2024-01-01,2024-04-25,2024-05-29,22768.866
GDPC1,2024-01-01,2024-05-30,2024-06-26,22749.846
GDPC1,2024-01-01,2024-06-27,2024-09-25,22758.752
GDPC1,2024-01-01,2024-09-26,2025-09-24,23053.545
GDPC1,2024-01-01,2025-09-25,9999-12-31,23082.119
GDPC1,2024-04-01,2024-07-25,2024-08-28,22918.739
GDPC1,2024-04-01,2024-08-29,2024-09-25,22924.863
GDPC1,2024-04-01,2024-09-26,2025-09-24,23223.906
GDPC1,2024-04-01,2025-09-25,9999-12-31,23286.508
GDPC1,2024-07-01,2024-10-30,2024-11-26,23386.248
GDPC1,2024-07-01,2024-11-27,2024-12-18,23386.733
GDPC1,2024-07-01,2024-12-19,2025-09-24,23400.294
GDPC1,2024-07-01,2025-09-25,9999-12-31,23478.57
GDPC1,2024-10-01,2025-01-30,2025-02-26,23530.909
GDPC1,2024-10-01,2025-02-27,2025-03-26,23536.293
GDPC1,2024-10-01,2025-03-27,2025-09-24,23542.349
GDPC1,2024-10-01,2025-09-25,9999-12-31,23586.542
GDPC1,2025-01-01,2025-04-30,2025-05-28,23526.085
GDPC1,2025-01-01,2025-05-29,2025-06-25,23528.047
GDPC1,2025-01-01,2025-06-26,2025-09-24,23512.717
GDPC1,2025-01-01,2025-09-25,9999-12-31,23548.21
GDPC1,2025-04-01,2025-07-30,2025-08-27,23685.287
GDPC1,2025-04-01,2025-08-28,2025-09-24,23703.782
GDPC1,2025-04-01,2025-09-25,9999-12-31,23770.976
GDPC1,2025-07-01,2025-12-23,2026-01-21,24024.957
GDPC1,2025-07-01,2026-01-22,9999-12-31,24026.834
GDPC1,2025-10-01,2026-02-20,2026-03-12,24111.83
GDPC1,2025-10-01,2026-03-13,2026-04-08,24065.956
GDPC1,2025-10-01,2026-04-09,9999-12-31,24055.749
GDPC1,2026-01-01,2026-04-30,2026-05-27,24174.527
GDPC1,2026-01-01,2026-05-28,2026-06-24,24152.656
GDPC1,2026-01-01,2026-06-25,9999-12-31,24180.419
GDPC1,2026-04-01,2026-07-30,9999-12-31,24270.599
