EndDate,Observations,Variable,Coefficient,StandardError,ExPostOnly
1970-10-01,40,Intercept,12.1891456855806,6.64260379506705,1
1970-10-01,40,GDPGrowth_L1,-0.112510870630931,0.217165936258889,1
1970-10-01,40,Inflation_L1,-0.105322538099382,0.636863345190237,1
1970-10-01,40,Inflation_L2,0.577301050501105,0.631975109916663,1
1970-10-01,40,Inflation_L3,-0.885278983448317,0.635699069806627,1
1970-10-01,40,Inflation_L4,-0.766187101711408,0.632653245643145,1
1970-10-01,40,Unemployment_L1,-3.56076772235826,3.33177743597614,1
1970-10-01,40,Unemployment_L2,6.3631304512126,5.69132403976163,1
1970-10-01,40,Unemployment_L3,-2.14526911534563,5.30054636258939,1
1970-10-01,40,Unemployment_L4,-1.29952096688213,3.01386670124748,1
1970-10-01,40,InterestRate_L1,0.843493402732765,1.5503509437032,1
1970-10-01,40,InterestRate_L2,-2.43649107007693,2.4390402825907,1
1970-10-01,40,InterestRate_L3,2.14517737155977,2.51743798086189,1
1970-10-01,40,InterestRate_L4,-0.89994397949414,1.60151756442019,1
1971-01-01,41,Intercept,7.65574971633345,7.35620708574849,1
1971-01-01,41,GDPGrowth_L1,-0.2308930514327,0.242878131916291,1
1971-01-01,41,Inflation_L1,0.211724114978554,0.714298389695454,1
1971-01-01,41,Inflation_L2,0.524410831350719,0.718574665514455,1
1971-01-01,41,Inflation_L3,-0.524694424611557,0.709952482743335,1
1971-01-01,41,Inflation_L4,-0.361045021732192,0.702917445322719,1
1971-01-01,41,Unemployment_L1,-3.52592818908033,3.78979360145424,1
1971-01-01,41,Unemployment_L2,4.26794009138741,6.42445460553402,1
1971-01-01,41,Unemployment_L3,0.976629787363302,5.91103199168522,1
1971-01-01,41,Unemployment_L4,-1.56449380152158,3.42671763482816,1
1971-01-01,41,InterestRate_L1,0.175495082607499,1.74506815581369,1
1971-01-01,41,InterestRate_L2,-2.40407758320407,2.77432230568544,1
1971-01-01,41,InterestRate_L3,1.43890908351351,2.85088348298293,1
1971-01-01,41,InterestRate_L4,0.20480075758554,1.77251091169935,1
1971-04-01,42,Intercept,8.48629725102865,7.0737709292176,1
1971-04-01,42,GDPGrowth_L1,-0.259375021508632,0.233067848633984,1
1971-04-01,42,Inflation_L1,0.160328108352568,0.697532139420611,1
1971-04-01,42,Inflation_L2,0.403732646791529,0.668558283529265,1
1971-04-01,42,Inflation_L3,-0.535411547587867,0.700127886188473,1
1971-04-01,42,Inflation_L4,-0.431474090517803,0.679700523644527,1
1971-04-01,42,Unemployment_L1,-3.09557753842735,3.64317749696959,1
1971-04-01,42,Unemployment_L2,3.42352994794483,6.11973042080076,1
1971-04-01,42,Unemployment_L3,1.84427340691046,5.5798189376461,1
1971-04-01,42,Unemployment_L4,-2.13559039491234,3.1912153228454,1
1971-04-01,42,InterestRate_L1,0.587174860784967,1.52208316094587,1
1971-04-01,42,InterestRate_L2,-2.79745301999072,2.62694395058023,1
1971-04-01,42,InterestRate_L3,1.73430543858821,2.75279187593143,1
1971-04-01,42,InterestRate_L4,-0.00618267797306829,1.69944610885438,1
1971-07-01,43,Intercept,9.86037473427773,6.89842453923905,1
1971-07-01,43,GDPGrowth_L1,-0.209906206915791,0.226269938195991,1
1971-07-01,43,Inflation_L1,0.31499282550364,0.675463688444648,1
1971-07-01,43,Inflation_L2,0.340061154566873,0.663328712306069,1
1971-07-01,43,Inflation_L3,-0.804182453545517,0.635290883343039,1
1971-07-01,43,Inflation_L4,-0.420353209801334,0.677885871135315,1
1971-07-01,43,Unemployment_L1,-2.58363098727054,3.59178110748464,1
1971-07-01,43,Unemployment_L2,3.52872379292775,6.10329283491903,1
1971-07-01,43,Unemployment_L3,0.842129793720382,5.45971879201961,1
1971-07-01,43,Unemployment_L4,-1.97117678920644,3.17824569048707,1
1971-07-01,43,InterestRate_L1,-0.0531153612135033,1.35191675420366,1
1971-07-01,43,InterestRate_L2,-1.41068200358962,2.15096004802291,1
1971-07-01,43,InterestRate_L3,1.11190393972762,2.66246029774282,1
1971-07-01,43,InterestRate_L4,-0.1717083842697,1.68573719309133,1
1971-10-01,44,Intercept,10.1343987240827,6.61155004862996,1
1971-10-01,44,GDPGrowth_L1,-0.203906264775106,0.220052939078107,1
1971-10-01,44,Inflation_L1,0.32798583819426,0.660497876644459,1
1971-10-01,44,Inflation_L2,0.360100227534892,0.642874005510998,1
1971-10-01,44,Inflation_L3,-0.813336093202942,0.622856091558656,1
1971-10-01,44,Inflation_L4,-0.468490267845932,0.610342740040869,1
1971-10-01,44,Unemployment_L1,-2.58435896543718,3.53329966855939,1
1971-10-01,44,Unemployment_L2,3.53205076931708,6.00389418007227,1
1971-10-01,44,Unemployment_L3,0.958785262369933,5.33122334504203,1
1971-10-01,44,Unemployment_L4,-2.13402979254131,2.99148626836131,1
1971-10-01,44,InterestRate_L1,-0.0718450347434502,1.3257915999388,1
1971-10-01,44,InterestRate_L2,-1.51738328540842,2.03041988948416,1
1971-10-01,44,InterestRate_L3,1.40000462076919,2.06751538364886,1
1971-10-01,44,InterestRate_L4,-0.344865449785701,1.34762259759866,1
1972-01-01,45,Intercept,9.04109668414863,6.52876928338291,1
1972-01-01,45,GDPGrowth_L1,-0.26205577571862,0.212702997373747,1
1972-01-01,45,Inflation_L1,0.375903490760716,0.659282188749228,1
1972-01-01,45,Inflation_L2,0.478799389937548,0.632712213605377,1
1972-01-01,45,Inflation_L3,-0.740444998588219,0.619177896921458,1
1972-01-01,45,Inflation_L4,-0.470364941260816,0.610760032318633,1
1972-01-01,45,Unemployment_L1,-3.53111870199158,3.41182549309852,1
1972-01-01,45,Unemployment_L2,5.11908577125515,5.80323025344621,1
1972-01-01,45,Unemployment_L3,0.218348970621195,5.28531468329439,1
1972-01-01,45,Unemployment_L4,-1.77132823386016,2.97236799743449,1
1972-01-01,45,InterestRate_L1,-0.470702694955318,1.26781652697084,1
1972-01-01,45,InterestRate_L2,-0.853365704052889,1.92479348864988,1
1972-01-01,45,InterestRate_L3,1.06679501051879,2.04300653034942,1
1972-01-01,45,InterestRate_L4,-0.393226624214016,1.34771701200092,1
1972-04-01,46,Intercept,7.8239005783934,6.46749283131702,1
1972-04-01,46,GDPGrowth_L1,-0.197937776907786,0.205901699630741,1
1972-04-01,46,Inflation_L1,0.550865120846241,0.643666711838307,1
1972-04-01,46,Inflation_L2,0.526815916294849,0.634034475004165,1
1972-04-01,46,Inflation_L3,-0.639098013085838,0.615326830534392,1
1972-04-01,46,Inflation_L4,-0.387649383511764,0.609005360285396,1
1972-04-01,46,Unemployment_L1,-3.04076331016311,3.39889946059602,1
1972-04-01,46,Unemployment_L2,3.99706450787718,5.74270012878584,1
1972-04-01,46,Unemployment_L3,1.11803525869309,5.24785811115803,1
1972-04-01,46,Unemployment_L4,-1.82103968672069,2.98498115614944,1
1972-04-01,46,InterestRate_L1,-0.816608685556856,1.23573179887392,1
1972-04-01,46,InterestRate_L2,-0.968548282587029,1.93046492234942,1
1972-04-01,46,InterestRate_L3,1.85319626336493,1.92941303286896,1
1972-04-01,46,InterestRate_L4,-0.978485820477698,1.24983563545621,1
1972-07-01,47,Intercept,7.76700480522453,6.14180214057506,1
1972-07-01,47,GDPGrowth_L1,-0.196657397842885,0.199182476673769,1
1972-07-01,47,Inflation_L1,0.548526960879763,0.630054471347028,1
1972-07-01,47,Inflation_L2,0.527930232335912,0.623491594228177,1
1972-07-01,47,Inflation_L3,-0.638583424641348,0.605750670007436,1
1972-07-01,47,Inflation_L4,-0.384800676611793,0.59375066598722,1
1972-07-01,47,Unemployment_L1,-3.02682259665294,3.32148919260105,1
1972-07-01,47,Unemployment_L2,3.9797425576023,5.63179027651787,1
1972-07-01,47,Unemployment_L3,1.1022306022617,5.14657179715129,1
1972-07-01,47,Unemployment_L4,-1.79453909491487,2.83269325114018,1
1972-07-01,47,InterestRate_L1,-0.802920726032,1.14734505411697,1
1972-07-01,47,InterestRate_L2,-0.996628555129861,1.70937829269254,1
1972-07-01,47,InterestRate_L3,1.87246042096735,1.81226453607162,1
1972-07-01,47,InterestRate_L4,-0.980494743685913,1.22933476990285,1
1972-10-01,48,Intercept,6.66987216747299,6.08108309471832,1
1972-10-01,48,GDPGrowth_L1,-0.229417776831746,0.197614911720499,1
1972-10-01,48,Inflation_L1,0.550223744319544,0.632120815042451,1
1972-10-01,48,Inflation_L2,0.440340447092,0.620473051793775,1
1972-10-01,48,Inflation_L3,-0.546536116867528,0.601977394309787,1
1972-10-01,48,Inflation_L4,-0.413808769246229,0.595118404654983,1
1972-10-01,48,Unemployment_L1,-3.74863448733645,3.26745003062171,1
1972-10-01,48,Unemployment_L2,5.07570691817404,5.56215074840541,1
1972-10-01,48,Unemployment_L3,0.083117624933238,5.08005781459096,1
1972-10-01,48,Unemployment_L4,-0.995493722709985,2.74803200991399,1
1972-10-01,48,InterestRate_L1,-0.89695774378161,1.14794715282122,1
1972-10-01,48,InterestRate_L2,-0.49813292225647,1.65431652039722,1
1972-10-01,48,InterestRate_L3,0.993433645701236,1.63409038881071,1
1972-10-01,48,InterestRate_L4,-0.36443441092287,1.09953756407642,1
1973-01-01,49,Intercept,4.72498285037015,5.98114774861069,1
1973-01-01,49,GDPGrowth_L1,-0.187780642222712,0.197568291703183,1
1973-01-01,49,Inflation_L1,0.773921230939034,0.617627724073269,1
1973-01-01,49,Inflation_L2,0.419477141182421,0.627731960937007,1
1973-01-01,49,Inflation_L3,-0.647984148852884,0.604501261566629,1
1973-01-01,49,Inflation_L4,-0.38529834965014,0.601890613007445,1
1973-01-01,49,Unemployment_L1,-3.51240235845539,3.30200315867211,1
1973-01-01,49,Unemployment_L2,5.25872466451516,5.62729544186214,1
1973-01-01,49,Unemployment_L3,-0.134558072697562,5.13850652533248,1
1973-01-01,49,Unemployment_L4,-0.902295406918654,2.78016646686252,1
1973-01-01,49,InterestRate_L1,-0.75386529572938,1.15683251282349,1
1973-01-01,49,InterestRate_L2,-0.661165686196672,1.6697725775482,1
1973-01-01,49,InterestRate_L3,1.40516397681705,1.62502411522461,1
1973-01-01,49,InterestRate_L4,-0.752203732371893,1.07459638484022,1
1973-04-01,50,Intercept,5.92398648000292,5.4641724797733,1
1973-04-01,50,GDPGrowth_L1,-0.204851200130145,0.192848378097585,1
1973-04-01,50,Inflation_L1,0.649158445761538,0.563486621889041,1
1973-04-01,50,Inflation_L2,0.428779913868383,0.621094222933339,1
1973-04-01,50,Inflation_L3,-0.59738089928402,0.590571795917814,1
1973-04-01,50,Inflation_L4,-0.314437513388452,0.580346067626535,1
1973-04-01,50,Unemployment_L1,-3.4117323627762,3.262805862947,1
1973-04-01,50,Unemployment_L2,4.82315622923314,5.50818840556878,1
1973-04-01,50,Unemployment_L3,0.156025626467065,5.05615884678913,1
1973-04-01,50,Unemployment_L4,-1.00775337427966,2.74457425699978,1
1973-04-01,50,InterestRate_L1,-0.895396017132962,1.11302171306139,1
1973-04-01,50,InterestRate_L2,-0.506599789257135,1.62647000361827,1
1973-04-01,50,InterestRate_L3,1.23281061578844,1.57478496850136,1
1973-04-01,50,InterestRate_L4,-0.684792490428146,1.05592002274925,1
1973-07-01,51,Intercept,8.16187436393666,5.38557550521691,1
1973-07-01,51,GDPGrowth_L1,-0.239284916949906,0.195501178633546,1
1973-07-01,51,Inflation_L1,0.31904975979126,0.534206044491138,1
1973-07-01,51,Inflation_L2,0.244834936411503,0.622514743771721,1
1973-07-01,51,Inflation_L3,-0.527287939817258,0.600838355519962,1
1973-07-01,51,Inflation_L4,-0.102548593805345,0.5761812348424,1
1973-07-01,51,Unemployment_L1,-4.6382251080514,3.23394323560001,1
1973-07-01,51,Unemployment_L2,7.04567392638887,5.43465996925799,1
1973-07-01,51,Unemployment_L3,-1.65677497506225,5.02488817159438,1
1973-07-01,51,Unemployment_L4,-0.525659193195001,2.78290405295711,1
1973-07-01,51,InterestRate_L1,-0.78353899819783,1.13327331674449,1
1973-07-01,51,InterestRate_L2,-0.827952393633313,1.64646471655811,1
1973-07-01,51,InterestRate_L3,1.45320540974009,1.60039734848432,1
1973-07-01,51,InterestRate_L4,-0.650524677688791,1.07707358694577,1
1973-10-01,52,Intercept,7.71718187179473,5.08035882691095,1
1973-10-01,52,GDPGrowth_L1,-0.256965871867626,0.182636586119178,1
1973-10-01,52,Inflation_L1,0.300179291462769,0.523415570676843,1
1973-10-01,52,Inflation_L2,0.283824478896229,0.599143873837192,1
1973-10-01,52,Inflation_L3,-0.5251416446582,0.593451464991093,1
1973-10-01,52,Inflation_L4,-0.124047998643264,0.564007620576472,1
1973-10-01,52,Unemployment_L1,-4.82898840304795,3.12189573010781,1
1973-10-01,52,Unemployment_L2,7.55698515987966,5.05235098562206,1
1973-10-01,52,Unemployment_L3,-2.09197718862126,4.71714281259133,1
1973-10-01,52,Unemployment_L4,-0.337245538834079,2.66636484617891,1
1973-10-01,52,InterestRate_L1,-0.636027614076723,0.989502480185609,1
1973-10-01,52,InterestRate_L2,-1.01756539219711,1.480636829547,1
1973-10-01,52,InterestRate_L3,1.58313249825884,1.51212188781453,1
1973-10-01,52,InterestRate_L4,-0.704052778956333,1.04682506444303,1
1974-01-01,53,Intercept,8.18301222139465,4.93457568604954,1
1974-01-01,53,GDPGrowth_L1,-0.268454565787509,0.17921220794928,1
1974-01-01,53,Inflation_L1,0.228571700063859,0.496127686049126,1
1974-01-01,53,Inflation_L2,0.301789569325029,0.591969713477401,1
1974-01-01,53,Inflation_L3,-0.576993072682074,0.577452296459714,1
1974-01-01,53,Inflation_L4,-0.113885766558683,0.557969137441964,1
1974-01-01,53,Unemployment_L1,-4.88740616178777,3.08829591078673,1
1974-01-01,53,Unemployment_L2,7.67933296344071,4.99534101696952,1
1974-01-01,53,Unemployment_L3,-2.27442885545495,4.65443755557913,1
1974-01-01,53,Unemployment_L4,-0.280519965411584,2.63706517245872,1
1974-01-01,53,InterestRate_L1,-0.445685696992741,0.895298834550791,1
1974-01-01,53,InterestRate_L2,-1.40192906446812,1.22640117180514,1
1974-01-01,53,InterestRate_L3,1.82276155067566,1.41084849073436,1
1974-01-01,53,InterestRate_L4,-0.716125604176164,1.03605967776611,1
1974-04-01,54,Intercept,8.31655146369298,4.89168886821875,1
1974-04-01,54,GDPGrowth_L1,-0.266739436287041,0.177803476239052,1
1974-04-01,54,Inflation_L1,0.127279401211504,0.464728746498698,1
1974-04-01,54,Inflation_L2,0.223630573750363,0.573864564342168,1
1974-04-01,54,Inflation_L3,-0.562944482955498,0.572538764871137,1
1974-04-01,54,Inflation_L4,-0.174534081666672,0.545043872233831,1
1974-04-01,54,Unemployment_L1,-5.09687098810925,3.04592876827429,1
1974-04-01,54,Unemployment_L2,7.98427847732092,4.93249571147147,1
1974-04-01,54,Unemployment_L3,-2.30821547814999,4.61808499510301,1
1974-04-01,54,Unemployment_L4,-0.401870170973416,2.60940587676283,1
1974-04-01,54,InterestRate_L1,-0.329529912447054,0.868628483384476,1
1974-04-01,54,InterestRate_L2,-1.19559398917302,1.17107876714395,1
1974-04-01,54,InterestRate_L3,1.37432110408556,1.20119680717366,1
1974-04-01,54,InterestRate_L4,-0.414046958613188,0.906809809174298,1
1974-07-01,55,Intercept,9.52393047395751,4.78270681986726,1
1974-07-01,55,GDPGrowth_L1,-0.244095830107134,0.177128717744938,1
1974-07-01,55,Inflation_L1,0.152206164318391,0.465498105326284,1
1974-07-01,55,Inflation_L2,0.0924403763741384,0.563149826331091,1
1974-07-01,55,Inflation_L3,-0.661130386151385,0.567263716595335,1
1974-07-01,55,Inflation_L4,-0.0987823467187127,0.542283354044958,1
1974-07-01,55,Unemployment_L1,-4.42026562807332,2.9927516445729,1
1974-07-01,55,Unemployment_L2,6.77880863140498,4.82506042612803,1
1974-07-01,55,Unemployment_L3,-1.24124683406619,4.52971152398219,1
1974-07-01,55,Unemployment_L4,-1.08342420013941,2.54330813355248,1
1974-07-01,55,InterestRate_L1,-0.467641399348192,0.862101341916029,1
1974-07-01,55,InterestRate_L2,-0.841511377525738,1.12998255143005,1
1974-07-01,55,InterestRate_L3,1.3675054245205,1.20457679206333,1
1974-07-01,55,InterestRate_L4,-0.676954729515811,0.877806452132308,1
1974-10-01,56,Intercept,9.09463985000445,4.76670279023627,1
1974-10-01,56,GDPGrowth_L1,-0.26106106490459,0.17644079546452,1
1974-10-01,56,Inflation_L1,0.107396701412811,0.463669481499271,1
1974-10-01,56,Inflation_L2,0.110198630376901,0.563175510410231,1
1974-10-01,56,Inflation_L3,-0.505661148251366,0.546759093209523,1
1974-10-01,56,Inflation_L4,-0.0316901938155402,0.538573894258122,1
1974-10-01,56,Unemployment_L1,-4.07004372816224,2.9746088895769,1
1974-10-01,56,Unemployment_L2,5.84529098272675,4.74023605301618,1
1974-10-01,56,Unemployment_L3,-0.371779621825515,4.45137873043913,1
1974-10-01,56,Unemployment_L4,-1.28891400980407,2.53666732910293,1
1974-10-01,56,InterestRate_L1,-0.515173026095461,0.861294774426925,1
1974-10-01,56,InterestRate_L2,-0.597765764569511,1.105088555137,1
1974-10-01,56,InterestRate_L3,0.887181036505465,1.10962929214681,1
1974-10-01,56,InterestRate_L4,-0.488241432917647,0.858602303126006,1
1975-01-01,57,Intercept,9.07738327052119,4.72191596118958,1
1975-01-01,57,GDPGrowth_L1,-0.279186947032814,0.170079935906521,1
1975-01-01,57,Inflation_L1,0.0733759027544304,0.453057945438257,1
1975-01-01,57,Inflation_L2,0.100883671343338,0.557517962372801,1
1975-01-01,57,Inflation_L3,-0.542041386825147,0.535566784310769,1
1975-01-01,57,Inflation_L4,-0.104744538911019,0.508208993135776,1
1975-01-01,57,Unemployment_L1,-4.42463460699634,2.83934923634287,1
1975-01-01,57,Unemployment_L2,6.13408671439055,4.65175174291198,1
1975-01-01,57,Unemployment_L3,-0.0844694817708951,4.36319214531797,1
1975-01-01,57,Unemployment_L4,-1.52968566635742,2.45524181492286,1
1975-01-01,57,InterestRate_L1,-0.386164628159846,0.803578941778924,1
1975-01-01,57,InterestRate_L2,-0.687951648382636,1.07622358091139,1
1975-01-01,57,InterestRate_L3,0.892511548353994,1.09917587039592,1
1975-01-01,57,InterestRate_L4,-0.395603990850101,0.825251774746518,1
1975-04-01,58,Intercept,9.31980213307527,4.71166896329269,1
1975-04-01,58,GDPGrowth_L1,-0.261080423569055,0.168915951013334,1
1975-04-01,58,Inflation_L1,-0.0131430639860597,0.443781606874066,1
1975-04-01,58,Inflation_L2,0.278017709475922,0.52610604616399,1
1975-04-01,58,Inflation_L3,-0.410519823659287,0.517582009509639,1
1975-04-01,58,Inflation_L4,-0.114600366545312,0.507721366819794,1
1975-04-01,58,Unemployment_L1,-3.46521272993329,2.65799050672977,1
1975-04-01,58,Unemployment_L2,4.72216848791357,4.41285279775635,1
1975-04-01,58,Unemployment_L3,0.305714152384397,4.34116521849728,1
1975-04-01,58,Unemployment_L4,-1.44530302957592,2.45182740849385,1
1975-04-01,58,InterestRate_L1,-0.469894971544245,0.798285666042217,1
1975-04-01,58,InterestRate_L2,-0.936569705720036,1.04420985522523,1
1975-04-01,58,InterestRate_L3,1.16232582242967,1.0622959820715,1
1975-04-01,58,InterestRate_L4,-0.555529193825445,0.807865150839427,1
1975-07-01,59,Intercept,9.29952085133885,4.69676745924234,1
1975-07-01,59,GDPGrowth_L1,-0.265536801859629,0.16830214708264,1
1975-07-01,59,Inflation_L1,-0.0431544365191695,0.440970599066885,1
1975-07-01,59,Inflation_L2,0.217121669644882,0.519525685210587,1
1975-07-01,59,Inflation_L3,-0.255830442116461,0.482743146958918,1
1975-07-01,59,Inflation_L4,-0.00109466945202762,0.48816296454208,1
1975-07-01,59,Unemployment_L1,-4.07304672786524,2.55115742324517,1
1975-07-01,59,Unemployment_L2,6.25106982545163,4.01384699955766,1
1975-07-01,59,Unemployment_L3,-1.18306281418975,3.95666277859554,1
1975-07-01,59,Unemployment_L4,-0.850413386043544,2.34161313316521,1
1975-07-01,59,InterestRate_L1,-0.459704650250824,0.795680789460246,1
1975-07-01,59,InterestRate_L2,-1.08137687524006,1.02686561693513,1
1975-07-01,59,InterestRate_L3,1.10309473937783,1.05665155178846,1
1975-07-01,59,InterestRate_L4,-0.487629211118148,0.801343346362008,1
1975-10-01,60,Intercept,9.29656120274727,4.64223646934759,1
1975-10-01,60,GDPGrowth_L1,-0.265694384488306,0.166208922258993,1
1975-10-01,60,Inflation_L1,-0.0415018892669735,0.425351775250102,1
1975-10-01,60,Inflation_L2,0.215326398265285,0.50305025318581,1
1975-10-01,60,Inflation_L3,-0.256659303479466,0.475011034666293,1
1975-10-01,60,Inflation_L4,0.00193755947899683,0.44921767873231,1
1975-10-01,60,Unemployment_L1,-4.08155002708643,2.47398337797045,1
1975-10-01,60,Unemployment_L2,6.25957605291831,3.93881912995982,1
1975-10-01,60,Unemployment_L3,-1.17120967576645,3.8517842399583,1
1975-10-01,60,Unemployment_L4,-0.86154965148237,2.22293365271462,1
1975-10-01,60,InterestRate_L1,-0.458967690703433,0.785810506608859,1
1975-10-01,60,InterestRate_L2,-1.08262076593116,1.01304727927562,1
1975-10-01,60,InterestRate_L3,1.10209484155512,1.04347540410625,1
1975-10-01,60,InterestRate_L4,-0.487400109882676,0.792474934674318,1
1976-01-01,61,Intercept,8.57300440820916,4.63699954471082,1
1976-01-01,61,GDPGrowth_L1,-0.294042762497925,0.165770392355133,1
1976-01-01,61,Inflation_L1,-0.095405662829025,0.425972396620147,1
1976-01-01,61,Inflation_L2,0.47486459675055,0.462616801248958,1
1976-01-01,61,Inflation_L3,-0.400177390170413,0.464355097415745,1
1976-01-01,61,Inflation_L4,0.014310627646836,0.452024998365862,1
1976-01-01,61,Unemployment_L1,-4.41156012507825,2.47624681819282,1
1976-01-01,61,Unemployment_L2,5.59438718051201,3.92913388592181,1
1976-01-01,61,Unemployment_L3,0.49847255356729,3.6437689792716,1
1976-01-01,61,Unemployment_L4,-1.38591516410026,2.19839056625494,1
1976-01-01,61,InterestRate_L1,-0.723859328781305,0.762516417054633,1
1976-01-01,61,InterestRate_L2,-0.749837110550773,0.984892491624235,1
1976-01-01,61,InterestRate_L3,0.80336872377856,1.02319218732359,1
1976-01-01,61,InterestRate_L4,-0.275870451124068,0.779785783204485,1
1976-04-01,62,Intercept,9.22950369322917,4.5255024065549,1
1976-04-01,62,GDPGrowth_L1,-0.290066668329438,0.164861594320628,1
1976-04-01,62,Inflation_L1,-0.0517423215872049,0.419622110258626,1
1976-04-01,62,Inflation_L2,0.440215967556929,0.457875532377841,1
1976-04-01,62,Inflation_L3,-0.502073608972085,0.440447800219184,1
1976-04-01,62,Inflation_L4,0.0543993903720791,0.446423447260915,1
1976-04-01,62,Unemployment_L1,-3.93553664998073,2.37605925076968,1
1976-04-01,62,Unemployment_L2,5.17278676858089,3.86678560406756,1
1976-04-01,62,Unemployment_L3,0.767292596644652,3.60700142077106,1
1976-04-01,62,Unemployment_L4,-1.81675161299721,2.1063159150185,1
1976-04-01,62,InterestRate_L1,-0.624156416613623,0.746341813574087,1
1976-04-01,62,InterestRate_L2,-0.772493244115174,0.979535965675422,1
1976-04-01,62,InterestRate_L3,0.732006868176479,1.01342919660933,1
1976-04-01,62,InterestRate_L4,-0.282514498140559,0.775880968398909,1
1976-07-01,63,Intercept,9.3854192897457,4.45410729324827,1
1976-07-01,63,GDPGrowth_L1,-0.288570575713342,0.163252113189626,1
1976-07-01,63,Inflation_L1,-0.0164526178735375,0.399288233432016,1
1976-07-01,63,Inflation_L2,0.463128087361459,0.447346990523725,1
1976-07-01,63,Inflation_L3,-0.533476815760462,0.424024288654331,1
1976-07-01,63,Inflation_L4,0.0152504632112971,0.423230374057846,1
1976-07-01,63,Unemployment_L1,-4.04128558567345,2.32825208335462,1
1976-07-01,63,Unemployment_L2,5.50887214987191,3.66887328022158,1
1976-07-01,63,Unemployment_L3,0.636845280041292,3.54771419342014,1
1976-07-01,63,Unemployment_L4,-1.94211903842443,2.04581335644735,1
1976-07-01,63,InterestRate_L1,-0.657955854955087,0.731038097402044,1
1976-07-01,63,InterestRate_L2,-0.722894611706033,0.956689494562746,1
1976-07-01,63,InterestRate_L3,0.717783119491714,1.00290474253364,1
1976-07-01,63,InterestRate_L4,-0.287647097582235,0.768468831755409,1
1976-10-01,64,Intercept,9.1840103422677,4.33694461439073,1
1976-10-01,64,GDPGrowth_L1,-0.286411945657124,0.161477595057393,1
1976-10-01,64,Inflation_L1,0.00626114413151742,0.384807580337014,1
1976-10-01,64,Inflation_L2,0.424435845792686,0.414854092852757,1
1976-10-01,64,Inflation_L3,-0.54513085252192,0.41739427585584,1
1976-10-01,64,Inflation_L4,0.0439881010893686,0.402961806307899,1
1976-10-01,64,Unemployment_L1,-3.98493361498796,2.29509459469186,1
1976-10-01,64,Unemployment_L2,5.56828673271444,3.62636582172084,1
1976-10-01,64,Unemployment_L3,0.293909158660731,3.23177812816139,1
1976-10-01,64,Unemployment_L4,-1.68280898893931,1.73703305702768,1
1976-10-01,64,InterestRate_L1,-0.650674948314867,0.723544605295287,1
1976-10-01,64,InterestRate_L2,-0.716571594953153,0.947317547859226,1
1976-10-01,64,InterestRate_L3,0.686712115257922,0.98553467762898,1
1976-10-01,64,InterestRate_L4,-0.262537089816601,0.754475558220401,1
1977-01-01,65,Intercept,9.40297864035113,4.26212580206698,1
1977-01-01,65,GDPGrowth_L1,-0.279758307509145,0.159169068064258,1
1977-01-01,65,Inflation_L1,-0.00731598272765321,0.379909928783362,1
1977-01-01,65,Inflation_L2,0.4032158156854,0.407600251426004,1
1977-01-01,65,Inflation_L3,-0.507705029865187,0.402147029911915,1
1977-01-01,65,Inflation_L4,0.0526548174790455,0.39892254300879,1
1977-01-01,65,Unemployment_L1,-3.87081214373233,2.25611237260256,1
1977-01-01,65,Unemployment_L2,5.27395196556953,3.51251984157285,1
1977-01-01,65,Unemployment_L3,0.526748810557793,3.14620513996724,1
1977-01-01,65,Unemployment_L4,-1.78057473199483,1.70332653639354,1
1977-01-01,65,InterestRate_L1,-0.632937655100529,0.715946199239432,1
1977-01-01,65,InterestRate_L2,-0.746026067631228,0.936171922125093,1
1977-01-01,65,InterestRate_L3,0.696711496823647,0.976878177391584,1
1977-01-01,65,InterestRate_L4,-0.273859475075268,0.747530551412484,1
1977-04-01,66,Intercept,9.37210088491678,4.23655176296594,1
1977-04-01,66,GDPGrowth_L1,-0.286870574930924,0.157813818159294,1
1977-04-01,66,Inflation_L1,0.0634816893084054,0.360213967135644,1
1977-04-01,66,Inflation_L2,0.404507182686199,0.405176873287345,1
1977-04-01,66,Inflation_L3,-0.468397435066814,0.394768020564926,1
1977-04-01,66,Inflation_L4,-0.019923433457107,0.379118796348427,1
1977-04-01,66,Unemployment_L1,-4.06762856093152,2.22044253102235,1
1977-04-01,66,Unemployment_L2,5.51794234249424,3.46972390041219,1
1977-04-01,66,Unemployment_L3,0.535599658638782,3.12750807706881,1
1977-04-01,66,Unemployment_L4,-1.80926928744915,1.69259710782139,1
1977-04-01,66,InterestRate_L1,-0.714099233993733,0.69971521195472,1
1977-04-01,66,InterestRate_L2,-0.726405330731344,0.930086824247034,1
1977-04-01,66,InterestRate_L3,0.693169740531553,0.971066249817947,1
1977-04-01,66,InterestRate_L4,-0.251630779252069,0.742241645593153,1
1977-07-01,67,Intercept,9.65478254207608,4.18232964023439,1
1977-07-01,67,GDPGrowth_L1,-0.284110972084874,0.156756111709708,1
1977-07-01,67,Inflation_L1,0.0827423441047739,0.356449061146291,1
1977-07-01,67,Inflation_L2,0.452818509986677,0.394112778179692,1
1977-07-01,67,Inflation_L3,-0.461273339648459,0.39211067876194,1
1977-07-01,67,Inflation_L4,-0.00275439468682798,0.375606830410773,1
1977-07-01,67,Unemployment_L1,-4.11677587608018,2.20496119074276,1
1977-07-01,67,Unemployment_L2,5.46487078081973,3.44683421731657,1
1977-07-01,67,Unemployment_L3,0.614772504300357,3.10501032123875,1
1977-07-01,67,Unemployment_L4,-1.81026471985621,1.68201050712191,1
1977-07-01,67,InterestRate_L1,-0.745429180094059,0.693280762248196,1
1977-07-01,67,InterestRate_L2,-0.772379166845807,0.920934464244946,1
1977-07-01,67,InterestRate_L3,0.679752249734103,0.964721401406152,1
1977-07-01,67,InterestRate_L4,-0.25858546683567,0.737504080878278,1
1977-10-01,68,Intercept,9.42090162506052,4.15571370324484,1
1977-10-01,68,GDPGrowth_L1,-0.295678838814827,0.15545370320097,1
1977-10-01,68,Inflation_L1,0.106179103595254,0.353823281450332,1
1977-10-01,68,Inflation_L2,0.416834422065969,0.389880680832046,1
1977-10-01,68,Inflation_L3,-0.536185603610873,0.378492215940116,1
1977-10-01,68,Inflation_L4,-0.0152665779204371,0.373850904905655,1
1977-10-01,68,Unemployment_L1,-4.29511950333629,2.18461094161839,1
1977-10-01,68,Unemployment_L2,5.84228719249744,3.39920768292653,1
1977-10-01,68,Unemployment_L3,0.501673702761502,3.08993086970159,1
1977-10-01,68,Unemployment_L4,-1.88008163935103,1.67328426669563,1
1977-10-01,68,InterestRate_L1,-0.742726032806557,0.690674145465834,1
1977-10-01,68,InterestRate_L2,-0.754008785321895,0.917177325567279,1
1977-10-01,68,InterestRate_L3,0.751275900055403,0.95666481121419,1
1977-10-01,68,InterestRate_L4,-0.243742221630047,0.734490866584578,1
1978-01-01,69,Intercept,9.18687086338649,4.10989829306588,1
1978-01-01,69,GDPGrowth_L1,-0.280233254398571,0.152129240920446,1
1978-01-01,69,Inflation_L1,0.117368610101567,0.35110221245674,1
1978-01-01,69,Inflation_L2,0.429592317071539,0.386840082805273,1
1978-01-01,69,Inflation_L3,-0.562616273225157,0.373325517430331,1
1978-01-01,69,Inflation_L4,-0.0697267195141198,0.359200279575897,1
1978-01-01,69,Unemployment_L1,-4.14783952910905,2.15590559000248,1
1978-01-01,69,Unemployment_L2,5.5849449921961,3.34832047221375,1
1978-01-01,69,Unemployment_L3,0.772577125658305,3.03432999324826,1
1978-01-01,69,Unemployment_L4,-2.03509981329562,1.64085023342201,1
1978-01-01,69,InterestRate_L1,-0.753582543779387,0.686159381195745,1
1978-01-01,69,InterestRate_L2,-0.728656074594488,0.910455595801119,1
1978-01-01,69,InterestRate_L3,0.742768472806242,0.950657390612628,1
1978-01-01,69,InterestRate_L4,-0.18378747444602,0.72243783972876,1
1978-04-01,70,Intercept,9.02887134262147,4.51915295522585,1
1978-04-01,70,GDPGrowth_L1,-0.369046565975792,0.165030519140316,1
1978-04-01,70,Inflation_L1,0.138312391220656,0.386032614943935,1
1978-04-01,70,Inflation_L2,0.40350094511679,0.425309392794647,1
1978-04-01,70,Inflation_L3,-0.694173577976373,0.408514840587393,1
1978-04-01,70,Inflation_L4,0.117755898188686,0.390737531139288,1
1978-04-01,70,Unemployment_L1,-5.70872138779669,2.32134587706278,1
1978-04-01,70,Unemployment_L2,7.89747153719222,3.6122335541377,1
1978-04-01,70,Unemployment_L3,-0.546418085625377,3.31179176612696,1
1978-04-01,70,Unemployment_L4,-1.38663592219154,1.79323215210283,1
1978-04-01,70,InterestRate_L1,-0.855858386599687,0.753870020818916,1
1978-04-01,70,InterestRate_L2,-0.59377096936259,1.00031051675183,1
1978-04-01,70,InterestRate_L3,0.817272030651652,1.04513002374237,1
1978-04-01,70,InterestRate_L4,-0.284519279000394,0.793815244792905,1
1978-07-01,71,Intercept,8.06203205472243,4.42208812921238,1
1978-07-01,71,GDPGrowth_L1,-0.291152562811907,0.146633082654303,1
1978-07-01,71,Inflation_L1,0.225831390575769,0.376685909987413,1
1978-07-01,71,Inflation_L2,0.322942557714955,0.418210710332561,1
1978-07-01,71,Inflation_L3,-0.699822293126073,0.408672752207153,1
1978-07-01,71,Inflation_L4,0.104129060656958,0.390698491271606,1
1978-07-01,71,Unemployment_L1,-5.22434147010601,2.27399749519308,1
1978-07-01,71,Unemployment_L2,7.39534115023532,3.58068975164961,1
1978-07-01,71,Unemployment_L3,-0.59486576182793,3.31303610692609,1
1978-07-01,71,Unemployment_L4,-1.25442014470718,1.78945721581205,1
1978-07-01,71,InterestRate_L1,-0.757347220865095,0.748097750711138,1
1978-07-01,71,InterestRate_L2,-0.717555285690435,0.993494275640005,1
1978-07-01,71,InterestRate_L3,0.987327576121553,1.03241810009562,1
1978-07-01,71,InterestRate_L4,-0.35478615184645,0.791237765337702,1
1978-10-01,72,Intercept,7.89626088138726,4.42990689324171,1
1978-10-01,72,GDPGrowth_L1,-0.28556585107604,0.146889664444594,1
1978-10-01,72,Inflation_L1,0.261239461661356,0.376244982913273,1
1978-10-01,72,Inflation_L2,0.379478863941961,0.416154685537829,1
1978-10-01,72,Inflation_L3,-0.705969084758574,0.409585572610599,1
1978-10-01,72,Inflation_L4,0.0584411041991777,0.389491646485797,1
1978-10-01,72,Unemployment_L1,-5.00760766762867,2.27111219932555,1
1978-10-01,72,Unemployment_L2,6.93841722424221,3.56592012623782,1
1978-10-01,72,Unemployment_L3,-0.422190748465625,3.317178006868,1
1978-10-01,72,Unemployment_L4,-1.16783483381132,1.79195965191906,1
1978-10-01,72,InterestRate_L1,-0.74610496521699,0.74976883431406,1
1978-10-01,72,InterestRate_L2,-0.762609395481514,0.994995341856925,1
1978-10-01,72,InterestRate_L3,0.921575728521955,1.03316222697799,1
1978-10-01,72,InterestRate_L4,-0.271681702477547,0.789623192087485,1
1979-01-01,73,Intercept,7.86882807180565,4.38811915381079,1
1979-01-01,73,GDPGrowth_L1,-0.283356961134155,0.144729238225111,1
1979-01-01,73,Inflation_L1,0.262093927386367,0.373045506891408,1
1979-01-01,73,Inflation_L2,0.378474778822919,0.412608097012674,1
1979-01-01,73,Inflation_L3,-0.700164745837828,0.403853321712965,1
1979-01-01,73,Inflation_L4,0.0583984493976743,0.386235613596008,1
1979-01-01,73,Unemployment_L1,-4.99603046495511,2.25047504163392,1
1979-01-01,73,Unemployment_L2,6.96557148745149,3.53032008461788,1
1979-01-01,73,Unemployment_L3,-0.485301347250132,3.25567463273581,1
1979-01-01,73,Unemployment_L4,-1.14078776181876,1.76551894626837,1
1979-01-01,73,InterestRate_L1,-0.731642143606504,0.735652741350805,1
1979-01-01,73,InterestRate_L2,-0.773922345804303,0.983071738112116,1
1979-01-01,73,InterestRate_L3,0.923193294923041,1.02445477563279,1
1979-01-01,73,InterestRate_L4,-0.279433765238313,0.780889810966733,1
1979-04-01,74,Intercept,7.87053066362528,4.35079570964803,1
1979-04-01,74,GDPGrowth_L1,-0.283240622152731,0.143430722211831,1
1979-04-01,74,Inflation_L1,0.262379649032686,0.369719434493615,1
1979-04-01,74,Inflation_L2,0.378504926892899,0.409155003673834,1
1979-04-01,74,Inflation_L3,-0.700597254626177,0.400039492605682,1
1979-04-01,74,Inflation_L4,0.0578209375059249,0.382191877031419,1
1979-04-01,74,Unemployment_L1,-4.99506596473785,2.23126330835576,1
1979-04-01,74,Unemployment_L2,6.96503171894242,3.5007151258607,1
1979-04-01,74,Unemployment_L3,-0.488547537592973,3.22539774395653,1
1979-04-01,74,Unemployment_L4,-1.13816326761757,1.74707784955267,1
1979-04-01,74,InterestRate_L1,-0.732130622468051,0.729194572241956,1
1979-04-01,74,InterestRate_L2,-0.775228036489272,0.973216445726714,1
1979-04-01,74,InterestRate_L3,0.923796541278198,1.01555205869807,1
1979-04-01,74,InterestRate_L4,-0.278044583161048,0.772029893610266,1
1979-07-01,75,Intercept,7.86897482153856,4.31456887010248,1
1979-07-01,75,GDPGrowth_L1,-0.283655825211485,0.14129775543226,1
1979-07-01,75,Inflation_L1,0.264347941098199,0.358300344631177,1
1979-07-01,75,Inflation_L2,0.377729646408505,0.404626761535881,1
1979-07-01,75,Inflation_L3,-0.701300633379359,0.395770292614363,1
1979-07-01,75,Inflation_L4,0.0581077945377568,0.378877981027895,1
1979-07-01,75,Unemployment_L1,-5.00699124815064,2.16194668043794,1
1979-07-01,75,Unemployment_L2,6.98360791635302,3.39311469067784,1
1979-07-01,75,Unemployment_L3,-0.498448771078657,3.17475300632743,1
1979-07-01,75,Unemployment_L4,-1.13494389757483,1.72801213983863,1
1979-07-01,75,InterestRate_L1,-0.733358384624124,0.721560888741012,1
1979-07-01,75,InterestRate_L2,-0.775434513233847,0.965176719422138,1
1979-07-01,75,InterestRate_L3,0.926491536305697,1.00153006179384,1
1979-07-01,75,InterestRate_L4,-0.27915350895936,0.764419629799193,1
1979-10-01,76,Intercept,7.79902502486831,4.27049806477576,1
1979-10-01,76,GDPGrowth_L1,-0.28195547008811,0.140015485675492,1
1979-10-01,76,Inflation_L1,0.268181887983442,0.355153574154344,1
1979-10-01,76,Inflation_L2,0.389110004142701,0.398423891905135,1
1979-10-01,76,Inflation_L3,-0.707303784468096,0.391852979281164,1
1979-10-01,76,Inflation_L4,0.0507567844210369,0.374591995747666,1
1979-10-01,76,Unemployment_L1,-4.9709698985879,2.13955533662244,1
1979-10-01,76,Unemployment_L2,6.88051430333144,3.33674401940668,1
1979-10-01,76,Unemployment_L3,-0.401892824215883,3.12195278137786,1
1979-10-01,76,Unemployment_L4,-1.16154799240847,1.7107923322369,1
1979-10-01,76,InterestRate_L1,-0.722533230956867,0.714453783704265,1
1979-10-01,76,InterestRate_L2,-0.798391110530991,0.95249004764416,1
1979-10-01,76,InterestRate_L3,0.939266498157559,0.992268358068302,1
1979-10-01,76,InterestRate_L4,-0.271238872191011,0.757759920972105,1
1980-01-01,77,Intercept,7.03156431622419,4.21919852827521,1
1980-01-01,77,GDPGrowth_L1,-0.272104846646137,0.139946040611866,1
1980-01-01,77,Inflation_L1,0.234741320034979,0.354394609318176,1
1980-01-01,77,Inflation_L2,0.36974078119705,0.398657494492375,1
1980-01-01,77,Inflation_L3,-0.687232948423049,0.39204009169685,1
1980-01-01,77,Inflation_L4,0.0328369097172278,0.37482335521185,1
1980-01-01,77,Unemployment_L1,-4.72973473689464,2.13152847000454,1
1980-01-01,77,Unemployment_L2,6.81113738722256,3.34139432968097,1
1980-01-01,77,Unemployment_L3,-0.592767294444114,3.12198775513209,1
1980-01-01,77,Unemployment_L4,-1.06669295227503,1.71128673284031,1
1980-01-01,77,InterestRate_L1,-0.474480565380074,0.678640161112668,1
1980-01-01,77,InterestRate_L2,-0.986526716797348,0.938334037246903,1
1980-01-01,77,InterestRate_L3,1.00216550459255,0.992163134590963,1
1980-01-01,77,InterestRate_L4,-0.291407861240236,0.758728532188618,1
1980-04-01,78,Intercept,7.8833134581305,4.13153362163188,1
1980-04-01,78,GDPGrowth_L1,-0.300461291894511,0.137016487165883,1
1980-04-01,78,Inflation_L1,0.221754458526803,0.354136705360786,1
1980-04-01,78,Inflation_L2,0.454304445907991,0.38950422295427,1
1980-04-01,78,Inflation_L3,-0.683730503082913,0.392004099909086,1
1980-04-01,78,Inflation_L4,0.0153282572190956,0.374392145730015,1
1980-04-01,78,Unemployment_L1,-5.19908621843314,2.07875224836428,1
1980-04-01,78,Unemployment_L2,7.14298914713524,3.32459264898206,1
1980-04-01,78,Unemployment_L3,-0.632196418335854,3.12157591301078,1
1980-04-01,78,Unemployment_L4,-0.975400227238288,1.70874542269082,1
1980-04-01,78,InterestRate_L1,-0.622078136962131,0.662251608118085,1
1980-04-01,78,InterestRate_L2,-1.03741199678282,0.936895710486512,1
1980-04-01,78,InterestRate_L3,1.04409053575055,0.991219860100001,1
1980-04-01,78,InterestRate_L4,-0.232306363498513,0.756368742646235,1
1980-07-01,79,Intercept,7.53767698010797,4.05355796371931,1
1980-07-01,79,GDPGrowth_L1,-0.308902290462589,0.135261709420631,1
1980-07-01,79,Inflation_L1,0.18278623313928,0.343998678075277,1
1980-07-01,79,Inflation_L2,0.490459477649135,0.380954396288454,1
1980-07-01,79,Inflation_L3,-0.710000885180587,0.386468395874208,1
1980-07-01,79,Inflation_L4,0.00643392204228493,0.371873856077927,1
1980-07-01,79,Unemployment_L1,-5.17328888652224,2.06636983725031,1
1980-07-01,79,Unemployment_L2,7.09235071803171,3.30430304454914,1
1980-07-01,79,Unemployment_L3,-0.47235431368809,3.08850405841162,1
1980-07-01,79,Unemployment_L4,-1.06323735699162,1.69057626142785,1
1980-07-01,79,InterestRate_L1,-0.650377246376765,0.656227547999238,1
1980-07-01,79,InterestRate_L2,-0.92604429249261,0.906433599686908,1
1980-07-01,79,InterestRate_L3,1.04153540020178,0.985589324716314,1
1980-07-01,79,InterestRate_L4,-0.256783347453421,0.750595567691983,1
1980-10-01,80,Intercept,6.28067107310298,3.96761692172329,1
1980-10-01,80,GDPGrowth_L1,-0.319221059380125,0.135858746787449,1
1980-10-01,80,Inflation_L1,0.028613650821695,0.326195522871782,1
1980-10-01,80,Inflation_L2,0.487963187287534,0.383251439658697,1
1980-10-01,80,Inflation_L3,-0.674171640731854,0.387873898625749,1
1980-10-01,80,Inflation_L4,-0.0365388952356294,0.372730227737997,1
1980-10-01,80,Unemployment_L1,-5.93478198591133,1.99889070214439,1
1980-10-01,80,Unemployment_L2,8.12390818779537,3.23301451521886,1
1980-10-01,80,Unemployment_L3,-0.795100240119782,3.09772398805641,1
1980-10-01,80,Unemployment_L4,-0.908009344105835,1.69680228414228,1
1980-10-01,80,InterestRate_L1,-0.688072817962957,0.659586858701471,1
1980-10-01,80,InterestRate_L2,-0.850411199412717,0.910144608642028,1
1980-10-01,80,InterestRate_L3,1.31876966792939,0.969505294545192,1
1980-10-01,80,InterestRate_L4,-0.287134930473282,0.754787370812994,1
1981-01-01,81,Intercept,3.49132160066398,3.56877216058496,1
1981-01-01,81,GDPGrowth_L1,-0.276366167436457,0.134359968618255,1
1981-01-01,81,Inflation_L1,-0.068792662484026,0.323325551287103,1
1981-01-01,81,Inflation_L2,0.244628995699721,0.352938699881792,1
1981-01-01,81,Inflation_L3,-0.777231678791159,0.386013734424371,1
1981-01-01,81,Inflation_L4,0.0305344393765023,0.373994058799796,1
1981-01-01,81,Unemployment_L1,-5.20410539644029,1.96202132981223,1
1981-01-01,81,Unemployment_L2,7.13058711273531,3.20091682830726,1
1981-01-01,81,Unemployment_L3,0.0837269187088185,3.07627308334484,1
1981-01-01,81,Unemployment_L4,-1.24784919708198,1.69975495780917,1
1981-01-01,81,InterestRate_L1,0.0334645474707235,0.470267906548899,1
1981-01-01,81,InterestRate_L2,-1.61690200586333,0.770679262352012,1
1981-01-01,81,InterestRate_L3,2.07105409660039,0.846797528413569,1
1981-01-01,81,InterestRate_L4,-0.480238297590671,0.752002561387321,1
1981-04-01,82,Intercept,2.13992980964699,2.95624781092145,1
1981-04-01,82,GDPGrowth_L1,-0.268312785832841,0.133312379009532,1
1981-04-01,82,Inflation_L1,-0.12913802978873,0.309753531385643,1
1981-04-01,82,Inflation_L2,0.241141831993486,0.351510659253715,1
1981-04-01,82,Inflation_L3,-0.880236636353835,0.353831318426901,1
1981-04-01,82,Inflation_L4,-0.0056535243763166,0.368750574907344,1
1981-04-01,82,Unemployment_L1,-5.2441569855971,1.95341200256333,1
1981-04-01,82,Unemployment_L2,7.20577892508228,3.18640782282372,1
1981-04-01,82,Unemployment_L3,0.0167095732956941,3.06258361130323,1
1981-04-01,82,Unemployment_L4,-1.08736957777166,1.67674911448823,1
1981-04-01,82,InterestRate_L1,0.0183180981511965,0.467891526183886,1
1981-04-01,82,InterestRate_L2,-1.27386934530373,0.581556882258223,1
1981-04-01,82,InterestRate_L3,1.75171978897297,0.702745048869522,1
1981-04-01,82,InterestRate_L4,-0.204756773201494,0.631774211315644,1
1981-07-01,83,Intercept,2.56938534952965,2.41066552523202,1
1981-07-01,83,GDPGrowth_L1,-0.267229716218225,0.13233831881433,1
1981-07-01,83,Inflation_L1,-0.104229981366616,0.291882541871833,1
1981-07-01,83,Inflation_L2,0.250364767197138,0.34725946383974,1
1981-07-01,83,Inflation_L3,-0.867102373326792,0.347666004178479,1
1981-07-01,83,Inflation_L4,0.0182398196520705,0.354170793653405,1
1981-07-01,83,Unemployment_L1,-5.25717575602147,1.93946273470389,1
1981-07-01,83,Unemployment_L2,7.18900801514281,3.16406234886401,1
1981-07-01,83,Unemployment_L3,-0.0800317988201811,3.01823020738391,1
1981-07-01,83,Unemployment_L4,-1.02010976971229,1.64452517709765,1
1981-07-01,83,InterestRate_L1,-0.0346572026183813,0.416176324193948,1
1981-07-01,83,InterestRate_L2,-1.25687420047069,0.573780548949973,1
1981-07-01,83,InterestRate_L3,1.64932332171277,0.572213116907574,1
1981-07-01,83,InterestRate_L4,-0.143035508241598,0.579391488530305,1
1981-10-01,84,Intercept,4.13673158022299,2.03591075204329,1
1981-10-01,84,GDPGrowth_L1,-0.272045945303299,0.132703435049872,1
1981-10-01,84,Inflation_L1,-0.173402988800455,0.287098812997319,1
1981-10-01,84,Inflation_L2,0.418925004559256,0.318841530988759,1
1981-10-01,84,Inflation_L3,-0.848416897290155,0.348437090388528,1
1981-10-01,84,Inflation_L4,0.146227048824441,0.338945393492583,1
1981-10-01,84,Unemployment_L1,-5.06367292594897,1.93901666782237,1
1981-10-01,84,Unemployment_L2,7.03686598824579,3.1717109753176,1
1981-10-01,84,Unemployment_L3,0.155259675899043,3.02159231625061,1
1981-10-01,84,Unemployment_L4,-1.43314533304018,1.61355751205494,1
1981-10-01,84,InterestRate_L1,0.073027900891022,0.407769661718551,1
1981-10-01,84,InterestRate_L2,-1.4663383966417,0.548557019281244,1
1981-10-01,84,InterestRate_L3,1.66699734666965,0.573865136049388,1
1981-10-01,84,InterestRate_L4,-0.412254794326154,0.536272265607825,1
1982-01-01,85,Intercept,5.31036839300955,1.97736015605768,1
1982-01-01,85,GDPGrowth_L1,-0.230622906953688,0.133356653717994,1
1982-01-01,85,Inflation_L1,-0.07537475201868,0.287735872767825,1
1982-01-01,85,Inflation_L2,0.327820330772559,0.321120082800589,1
1982-01-01,85,Inflation_L3,-0.684784961859765,0.344051224438265,1
1982-01-01,85,Inflation_L4,0.22300112516088,0.342811262719471,1
1982-01-01,85,Unemployment_L1,-4.91712274675925,1.97347855118669,1
1982-01-01,85,Unemployment_L2,7.72776265951099,3.20959901103238,1
1982-01-01,85,Unemployment_L3,-0.681941459569994,3.04525769926211,1
1982-01-01,85,Unemployment_L4,-1.54591203404389,1.64242105795058,1
1982-01-01,85,InterestRate_L1,0.220106309622781,0.407894730202139,1
1982-01-01,85,InterestRate_L2,-1.57634135188212,0.555665478658655,1
1982-01-01,85,InterestRate_L3,1.60999843530899,0.583732476299735,1
1982-01-01,85,InterestRate_L4,-0.74068504567358,0.517493722735246,1
1982-04-01,86,Intercept,5.51761237539011,1.88490210566881,1
1982-04-01,86,GDPGrowth_L1,-0.220802693760584,0.129900885152407,1
1982-04-01,86,Inflation_L1,-0.0715738673328139,0.285823357607086,1
1982-04-01,86,Inflation_L2,0.340798660462041,0.317277845312471,1
1982-04-01,86,Inflation_L3,-0.685531604173796,0.341976698921569,1
1982-04-01,86,Inflation_L4,0.251644964778036,0.331940523400054,1
1982-04-01,86,Unemployment_L1,-4.8896538788682,1.96022320741503,1
1982-04-01,86,Unemployment_L2,7.63317694090834,3.18015752396415,1
1982-04-01,86,Unemployment_L3,-0.513150259432314,2.99276318762556,1
1982-04-01,86,Unemployment_L4,-1.678231199734,1.59334434067,1
1982-04-01,86,InterestRate_L1,0.195204297053515,0.399880549043734,1
1982-04-01,86,InterestRate_L2,-1.53801547142799,0.542635175534136,1
1982-04-01,86,InterestRate_L3,1.60205153896339,0.579829523241904,1
1982-04-01,86,InterestRate_L4,-0.797691060487104,0.491036854527417,1
1982-07-01,87,Intercept,5.41543228249245,1.80867983988358,1
1982-07-01,87,GDPGrowth_L1,-0.221102274597167,0.129039534345889,1
1982-07-01,87,Inflation_L1,-0.0644868626088731,0.281947668401581,1
1982-07-01,87,Inflation_L2,0.326657961970598,0.307970925425979,1
1982-07-01,87,Inflation_L3,-0.692308209128692,0.338205072480413,1
1982-07-01,87,Inflation_L4,0.245952453023898,0.328651731529341,1
1982-07-01,87,Unemployment_L1,-4.86610467395047,1.94413588981299,1
1982-07-01,87,Unemployment_L2,7.65190461676166,3.15801245676966,1
1982-07-01,87,Unemployment_L3,-0.560080372980575,2.96475056203181,1
1982-07-01,87,Unemployment_L4,-1.65935854779543,1.5803407870633,1
1982-07-01,87,InterestRate_L1,0.197179854171955,0.397142523597994,1
1982-07-01,87,InterestRate_L2,-1.51985856983885,0.532142843297547,1
1982-07-01,87,InterestRate_L3,1.57279530533099,0.559047168102126,1
1982-07-01,87,InterestRate_L4,-0.767960934458824,0.466974210157112,1
1982-10-01,88,Intercept,5.85955548636812,1.73401162628818,1
1982-10-01,88,GDPGrowth_L1,-0.207175892141835,0.127866488815823,1
1982-10-01,88,Inflation_L1,-0.138302319244929,0.268738879041845,1
1982-10-01,88,Inflation_L2,0.335144799754744,0.307346470433433,1
1982-10-01,88,Inflation_L3,-0.606821210449538,0.323423568072759,1
1982-10-01,88,Inflation_L4,0.301178770961434,0.322095143345538,1
1982-10-01,88,Unemployment_L1,-4.55521683814288,1.9087586315605,1
1982-10-01,88,Unemployment_L2,7.00031514950822,3.06506901592033,1
1982-10-01,88,Unemployment_L3,-0.400392924071639,2.95463189266841,1
1982-10-01,88,Unemployment_L4,-1.55645518956241,1.57357698610309,1
1982-10-01,88,InterestRate_L1,0.264357266240385,0.3891214427425,1
1982-10-01,88,InterestRate_L2,-1.60549811530093,0.522344737063989,1
1982-10-01,88,InterestRate_L3,1.54169356304423,0.557068949948179,1
1982-10-01,88,InterestRate_L4,-0.790687147879256,0.465541404612548,1
1983-01-01,89,Intercept,5.78987803018939,1.65320479245132,1
1983-01-01,89,GDPGrowth_L1,-0.206151233102097,0.126829007232613,1
1983-01-01,89,Inflation_L1,-0.144002445242354,0.264023401341076,1
1983-01-01,89,Inflation_L2,0.346731426130798,0.294525640791607,1
1983-01-01,89,Inflation_L3,-0.607336329952353,0.321284597233993,1
1983-01-01,89,Inflation_L4,0.285612353331249,0.301146628195846,1
1983-01-01,89,Unemployment_L1,-4.5003922694278,1.85758751114506,1
1983-01-01,89,Unemployment_L2,6.88099106442374,2.92991478182069,1
1983-01-01,89,Unemployment_L3,-0.26335061309576,2.77649789419283,1
1983-01-01,89,Unemployment_L4,-1.61739984047928,1.50480823127096,1
1983-01-01,89,InterestRate_L1,0.272139744609563,0.382770411035741,1
1983-01-01,89,InterestRate_L2,-1.62059306785083,0.508210109837274,1
1983-01-01,89,InterestRate_L3,1.55409575711573,0.54666736704018,1
1983-01-01,89,InterestRate_L4,-0.78726127473035,0.461878120118733,1
1983-04-01,90,Intercept,5.50938789995188,1.63990684117879,1
1983-04-01,90,GDPGrowth_L1,-0.223521695146623,0.126275536081674,1
1983-04-01,90,Inflation_L1,-0.135541619849709,0.264580346941742,1
1983-04-01,90,Inflation_L2,0.300643789916631,0.292621749299483,1
1983-04-01,90,Inflation_L3,-0.542838578999027,0.317337336713912,1
1983-04-01,90,Inflation_L4,0.218837482558802,0.296459336702241,1
1983-04-01,90,Unemployment_L1,-5.05828705799583,1.80021693123627,1
1983-04-01,90,Unemployment_L2,7.79918377127633,2.83058039045555,1
1983-04-01,90,Unemployment_L3,-0.907789909033433,2.72843747560961,1
1983-04-01,90,Unemployment_L4,-1.28774211617149,1.4820410800855,1
1983-04-01,90,InterestRate_L1,0.185425537282488,0.376506908527477,1
1983-04-01,90,InterestRate_L2,-1.48134961735728,0.495399394868895,1
1983-04-01,90,InterestRate_L3,1.3768332027531,0.526700566584576,1
1983-04-01,90,InterestRate_L4,-0.606928868727814,0.436662128395467,1
1983-07-01,91,Intercept,5.31175007474004,1.59229516092094,1
1983-07-01,91,GDPGrowth_L1,-0.218023951688926,0.125300538815275,1
1983-07-01,91,Inflation_L1,-0.11100473521957,0.259559018012848,1
1983-07-01,91,Inflation_L2,0.275111059549343,0.28755554125305,1
1983-07-01,91,Inflation_L3,-0.572546893193804,0.311227014983079,1
1983-07-01,91,Inflation_L4,0.231043741947783,0.294269420539233,1
1983-07-01,91,Unemployment_L1,-4.99731652654521,1.78856505904289,1
1983-07-01,91,Unemployment_L2,7.63150366744117,2.80108912404486,1
1983-07-01,91,Unemployment_L3,-0.67948253973586,2.68401115039321,1
1983-07-01,91,Unemployment_L4,-1.37819504829186,1.46606461792508,1
1983-07-01,91,InterestRate_L1,0.193704939993322,0.374486266114562,1
1983-07-01,91,InterestRate_L2,-1.51141687352189,0.490093273425359,1
1983-07-01,91,InterestRate_L3,1.43249119386322,0.51441716022993,1
1983-07-01,91,InterestRate_L4,-0.624090486594444,0.433546295864102,1
1983-10-01,92,Intercept,5.32818915055512,1.54890886047974,1
1983-10-01,92,GDPGrowth_L1,-0.217264970682748,0.123604453544373,1
1983-10-01,92,Inflation_L1,-0.112322864690855,0.256596194291238,1
1983-10-01,92,Inflation_L2,0.271475216062745,0.276677003777514,1
1983-10-01,92,Inflation_L3,-0.567759165918204,0.29464181498781,1
1983-10-01,92,Inflation_L4,0.233265783032459,0.289118528643894,1
1983-10-01,92,Unemployment_L1,-4.97365645677441,1.71549072802954,1
1983-10-01,92,Unemployment_L2,7.59234218528355,2.67513464063963,1
1983-10-01,92,Unemployment_L3,-0.657124374769114,2.63052687374888,1
1983-10-01,92,Unemployment_L4,-1.38783221268757,1.44435645796056,1
1983-10-01,92,InterestRate_L1,0.193115402044521,0.371904633583619,1
1983-10-01,92,InterestRate_L2,-1.51006695956644,0.486229977150577,1
1983-10-01,92,InterestRate_L3,1.43330738068881,0.510866981474677,1
1983-10-01,92,InterestRate_L4,-0.628062882557562,0.423667380894407,1
1984-01-01,93,Intercept,5.06691072036596,1.52778960483706,1
1984-01-01,93,GDPGrowth_L1,-0.221107062724948,0.123573631957835,1
1984-01-01,93,Inflation_L1,-0.0970508637192724,0.256212277097129,1
1984-01-01,93,Inflation_L2,0.263983827486727,0.276639202226353,1
1984-01-01,93,Inflation_L3,-0.484235157508554,0.28302759477886,1
1984-01-01,93,Inflation_L4,0.11675483677479,0.26551314985121,1
1984-01-01,93,Unemployment_L1,-5.09393838952533,1.71178229817069,1
1984-01-01,93,Unemployment_L2,7.32157112086802,2.66243429492368,1
1984-01-01,93,Unemployment_L3,-0.0581162171205729,2.56430640291673,1
1984-01-01,93,Unemployment_L4,-1.56142006039804,1.43454946866948,1
1984-01-01,93,InterestRate_L1,0.133285324571397,0.367302770905778,1
1984-01-01,93,InterestRate_L2,-1.42322730538767,0.478778973561738,1
1984-01-01,93,InterestRate_L3,1.3650762143671,0.506553355442954,1
1984-01-01,93,InterestRate_L4,-0.549318348761498,0.416623730288434,1
1984-04-01,94,Intercept,4.92946541941665,1.50922644253074,1
1984-04-01,94,GDPGrowth_L1,-0.218149965730543,0.123080546643339,1
1984-04-01,94,Inflation_L1,-0.0823606783558965,0.254437228437995,1
1984-04-01,94,Inflation_L2,0.243704833994821,0.274096461313429,1
1984-04-01,94,Inflation_L3,-0.492196405942484,0.281831392747717,1
1984-04-01,94,Inflation_L4,0.129800266773009,0.263924860581064,1
1984-04-01,94,Unemployment_L1,-5.15542906772509,1.7036237790665,1
1984-04-01,94,Unemployment_L2,7.30703191632016,2.65337179487108,1
1984-04-01,94,Unemployment_L3,-0.184314843203337,2.54894479892034,1
1984-04-01,94,Unemployment_L4,-1.34788585566418,1.39496629177309,1
1984-04-01,94,InterestRate_L1,0.114100684133496,0.364980664429719,1
1984-04-01,94,InterestRate_L2,-1.43510493080114,0.476846395587398,1
1984-04-01,94,InterestRate_L3,1.3995625329959,0.50230362719602,1
1984-04-01,94,InterestRate_L4,-0.537446649917545,0.414853555186567,1
1984-07-01,95,Intercept,4.9138700007539,1.49463930688627,1
1984-07-01,95,GDPGrowth_L1,-0.217670062404035,0.122267434541604,1
1984-07-01,95,Inflation_L1,-0.0861123696458994,0.251034471492481,1
1984-07-01,95,Inflation_L2,0.247303573780597,0.270844981640105,1
1984-07-01,95,Inflation_L3,-0.494266179945818,0.279605216470956,1
1984-07-01,95,Inflation_L4,0.13073067762957,0.262205711494741,1
1984-07-01,95,Unemployment_L1,-5.15368584323608,1.69317320268727,1
1984-07-01,95,Unemployment_L2,7.29170100588666,2.63423327210501,1
1984-07-01,95,Unemployment_L3,-0.201395789851218,2.52957921225949,1
1984-07-01,95,Unemployment_L4,-1.31623685022239,1.36231112507203,1
1984-07-01,95,InterestRate_L1,0.116757820535185,0.362109067878415,1
1984-07-01,95,InterestRate_L2,-1.43877032892556,0.47299775940677,1
1984-07-01,95,InterestRate_L3,1.39789163035944,0.499054548614682,1
1984-07-01,95,InterestRate_L4,-0.531719485065526,0.409679065022621,1
1984-10-01,96,Intercept,4.73764352372894,1.48064267654761,1
1984-10-01,96,GDPGrowth_L1,-0.207532541192283,0.121639928219109,1
1984-10-01,96,Inflation_L1,-0.104953633595362,0.249933310983629,1
1984-10-01,96,Inflation_L2,0.212871923186701,0.267939027674597,1
1984-10-01,96,Inflation_L3,-0.450377166687936,0.275168893217509,1
1984-10-01,96,Inflation_L4,0.118411668402518,0.261594443971906,1
1984-10-01,96,Unemployment_L1,-4.8589340031067,1.6604701066199,1
1984-10-01,96,Unemployment_L2,6.90414728009078,2.59722474947929,1
1984-10-01,96,Unemployment_L3,-0.256564470848038,2.52630596362772,1
1984-10-01,96,Unemployment_L4,-1.14017055836527,1.34724826706998,1
1984-10-01,96,InterestRate_L1,0.150415133227819,0.35986636371271,1
1984-10-01,96,InterestRate_L2,-1.42487413503706,0.472275969808472,1
1984-10-01,96,InterestRate_L3,1.36343015104723,0.497124561317888,1
1984-10-01,96,InterestRate_L4,-0.528612112904023,0.409251483091352,1
1985-01-01,97,Intercept,4.73779929436297,1.47254042669763,1
1985-01-01,97,GDPGrowth_L1,-0.207637440724499,0.12097382949631,1
1985-01-01,97,Inflation_L1,-0.104858650740423,0.248565470595136,1
1985-01-01,97,Inflation_L2,0.202442872169149,0.264319570605352,1
1985-01-01,97,Inflation_L3,-0.456153545093448,0.273021781521825,1
1985-01-01,97,Inflation_L4,0.130860302526321,0.257014224525388,1
1985-01-01,97,Unemployment_L1,-4.92805174523337,1.63611356332676,1
1985-01-01,97,Unemployment_L2,7.04802409626927,2.54055605125459,1
1985-01-01,97,Unemployment_L3,-0.417098973119504,2.45799724528907,1
1985-01-01,97,Unemployment_L4,-1.05591677115773,1.3117438889039,1
1985-01-01,97,InterestRate_L1,0.133168836633515,0.353503631951197,1
1985-01-01,97,InterestRate_L2,-1.39749342249016,0.46122888220945,1
1985-01-01,97,InterestRate_L3,1.36318047072093,0.494403604151161,1
1985-01-01,97,InterestRate_L4,-0.532545180721018,0.406812293859345,1
1985-04-01,98,Intercept,4.72954032877407,1.46923599463048,1
1985-04-01,98,GDPGrowth_L1,-0.208533985979025,0.120700103303874,1
1985-04-01,98,Inflation_L1,-0.119578989743436,0.247319969827153,1
1985-04-01,98,Inflation_L2,0.209446445502057,0.263585486628505,1
1985-04-01,98,Inflation_L3,-0.437427055955887,0.271393016556704,1
1985-04-01,98,Inflation_L4,0.133987029346518,0.256413663956694,1
1985-04-01,98,Unemployment_L1,-4.8842258801028,1.63154954747174,1
1985-04-01,98,Unemployment_L2,7.11517876080331,2.53350706565568,1
1985-04-01,98,Unemployment_L3,-0.553170125962634,2.4465478295418,1
1985-04-01,98,Unemployment_L4,-1.01952855806685,1.30803045872618,1
1985-04-01,98,InterestRate_L1,0.143636998274336,0.352472701175978,1
1985-04-01,98,InterestRate_L2,-1.35439976194975,0.45699367093748,1
1985-04-01,98,InterestRate_L3,1.27933317966292,0.481870602943572,1
1985-04-01,98,InterestRate_L4,-0.52537764631515,0.405809170861296,1
1985-07-01,99,Intercept,4.77524114661235,1.46712724352823,1
1985-07-01,99,GDPGrowth_L1,-0.215678584026264,0.120347234780819,1
1985-07-01,99,Inflation_L1,-0.098424706910242,0.246042642100104,1
1985-07-01,99,Inflation_L2,0.215316717232321,0.263280037653942,1
1985-07-01,99,Inflation_L3,-0.438452375125672,0.271155143732733,1
1985-07-01,99,Inflation_L4,0.0996130279680163,0.253476293597829,1
1985-07-01,99,Unemployment_L1,-4.92286725886259,1.62959676650903,1
1985-07-01,99,Unemployment_L2,7.05579278811514,2.53049179386426,1
1985-07-01,99,Unemployment_L3,-0.583684720874002,2.44420087956423,1
1985-07-01,99,Unemployment_L4,-0.906123283237296,1.30112040066979,1
1985-07-01,99,InterestRate_L1,0.105895451689334,0.349790480030142,1
1985-07-01,99,InterestRate_L2,-1.34192378294578,0.45639730667957,1
1985-07-01,99,InterestRate_L3,1.21247029126081,0.475984384904037,1
1985-07-01,99,InterestRate_L4,-0.410686534926857,0.385994532379376,1
1985-10-01,100,Intercept,4.79055861957681,1.46075635364877,1
1985-10-01,100,GDPGrowth_L1,-0.218371619185095,0.119742830434537,1
1985-10-01,100,Inflation_L1,-0.0933573022811905,0.244839668864753,1
1985-10-01,100,Inflation_L2,0.209874219803711,0.261991347810685,1
1985-10-01,100,Inflation_L3,-0.435168698806358,0.269959964560293,1
1985-10-01,100,Inflation_L4,0.10468495803551,0.252247445457322,1
1985-10-01,100,Unemployment_L1,-4.91935656662544,1.62281534112991,1
1985-10-01,100,Unemployment_L2,7.02480101843708,2.51932337589322,1
1985-10-01,100,Unemployment_L3,-0.524272594062364,2.43154335249411,1
1985-10-01,100,Unemployment_L4,-0.938421872295247,1.29432512571844,1
1985-10-01,100,InterestRate_L1,0.102227292064344,0.348270953481277,1
1985-10-01,100,InterestRate_L2,-1.34074599907099,0.454496451299304,1
1985-10-01,100,InterestRate_L3,1.21944985435902,0.473829920469265,1
1985-10-01,100,InterestRate_L4,-0.42397608792696,0.383597009365551,1
1986-01-01,101,Intercept,4.78408433592511,1.45314514310237,1
1986-01-01,101,GDPGrowth_L1,-0.215255383685499,0.118765413089043,1
1986-01-01,101,Inflation_L1,-0.0991794178797103,0.242964180744742,1
1986-01-01,101,Inflation_L2,0.217186770245229,0.259732898736531,1
1986-01-01,101,Inflation_L3,-0.437365585557491,0.268496976985461,1
1986-01-01,101,Inflation_L4,0.110538563208174,0.250345753942454,1
1986-01-01,101,Unemployment_L1,-4.89749103753499,1.61318159768515,1
1986-01-01,101,Unemployment_L2,7.00813496062132,2.50592416831755,1
1986-01-01,101,Unemployment_L3,-0.540938663654751,2.4185759446679,1
1986-01-01,101,Unemployment_L4,-0.929091234394192,1.2873935467952,1
1986-01-01,101,InterestRate_L1,0.104167980289196,0.346438493624384,1
1986-01-01,101,InterestRate_L2,-1.34467378333808,0.452016168296845,1
1986-01-01,101,InterestRate_L3,1.2239138600383,0.4712142337388,1
1986-01-01,101,InterestRate_L4,-0.430503143159624,0.381133960565919,1
1986-04-01,102,Intercept,4.768970097927,1.45012208884005,1
1986-04-01,102,GDPGrowth_L1,-0.213791157186178,0.118514336769862,1
1986-04-01,102,Inflation_L1,-0.0705718515058276,0.239874505744724,1
1986-04-01,102,Inflation_L2,0.192367887169831,0.257383842615479,1
1986-04-01,102,Inflation_L3,-0.417528313919178,0.266831220591085,1
1986-04-01,102,Inflation_L4,0.101002805278446,0.249566283695933,1
1986-04-01,102,Unemployment_L1,-4.9209103377334,1.60969833908603,1
1986-04-01,102,Unemployment_L2,7.08383510037166,2.49916018122068,1
1986-04-01,102,Unemployment_L3,-0.625627405464262,2.41146401167444,1
1986-04-01,102,Unemployment_L4,-0.900974584239491,1.28435009013995,1
1986-04-01,102,InterestRate_L1,0.0854640612301798,0.344969133545902,1
1986-04-01,102,InterestRate_L2,-1.33808454641989,0.451039546741097,1
1986-04-01,102,InterestRate_L3,1.22416157350725,0.470273047336346,1
1986-04-01,102,InterestRate_L4,-0.427133482844034,0.380349866239124,1
1986-07-01,103,Intercept,4.76892612697076,1.44098126875609,1
1986-07-01,103,GDPGrowth_L1,-0.213790212729186,0.117841165572497,1
1986-07-01,103,Inflation_L1,-0.0705166424627394,0.229084941756362,1
1986-07-01,103,Inflation_L2,0.19236384722096,0.25588760993908,1
1986-07-01,103,Inflation_L3,-0.417560296315577,0.262522115446478,1
1986-07-01,103,Inflation_L4,0.101001376126009,0.248154307581139,1
1986-07-01,103,Unemployment_L1,-4.92099860325554,1.59710187537281,1
1986-07-01,103,Unemployment_L2,7.084036273405,2.47326210294047,1
1986-07-01,103,Unemployment_L3,-0.625777228486017,2.39109142671054,1
1986-07-01,103,Unemployment_L4,-0.900943260458207,1.27655793355666,1
1986-07-01,103,InterestRate_L1,0.0854536702641407,0.342797676956603,1
1986-07-01,103,InterestRate_L2,-1.33811395264984,0.447100440099662,1
1986-07-01,103,InterestRate_L3,1.22418492868138,0.466778360961523,1
1986-07-01,103,InterestRate_L4,-0.427122445383875,0.377973763383493,1
1986-10-01,104,Intercept,4.73553576006609,1.44405754046404,1
1986-10-01,104,GDPGrowth_L1,-0.211323836097118,0.118096854870289,1
1986-10-01,104,Inflation_L1,-0.123787981334937,0.225199552834896,1
1986-10-01,104,Inflation_L2,0.293163487622962,0.242051690097162,1
1986-10-01,104,Inflation_L3,-0.418690749764785,0.263130632130407,1
1986-10-01,104,Inflation_L4,0.0708826037687868,0.247436617849531,1
1986-10-01,104,Unemployment_L1,-4.79438652332869,1.59726519293377,1
1986-10-01,104,Unemployment_L2,6.7245545770965,2.46048717817394,1
1986-10-01,104,Unemployment_L3,-0.177328505376663,2.36675628587247,1
1986-10-01,104,Unemployment_L4,-1.1194790233995,1.26624244912515,1
1986-10-01,104,InterestRate_L1,0.122189332002418,0.342201209260027,1
1986-10-01,104,InterestRate_L2,-1.36135262828339,0.44771290421761,1
1986-10-01,104,InterestRate_L3,1.17347407968425,0.465913440925087,1
1986-10-01,104,InterestRate_L4,-0.400835646763901,0.378206102279235,1
1987-01-01,105,Intercept,4.53018923265485,1.44627187422861,1
1987-01-01,105,GDPGrowth_L1,-0.180931426082274,0.116991667477786,1
1987-01-01,105,Inflation_L1,-0.134892799766484,0.226486151417517,1
1987-01-01,105,Inflation_L2,0.222239132385439,0.238652982004183,1
1987-01-01,105,Inflation_L3,-0.285632488896589,0.248517350825776,1
1987-01-01,105,Inflation_L4,0.0518151407047752,0.248646735821371,1
1987-01-01,105,Unemployment_L1,-4.50191498978485,1.59470216722859,1
1987-01-01,105,Unemployment_L2,6.43338456899804,2.46785915319911,1
1987-01-01,105,Unemployment_L3,-0.262394937464778,2.38091029929728,1
1987-01-01,105,Unemployment_L4,-1.02466602536665,1.27253368611369,1
1987-01-01,105,InterestRate_L1,0.0936134381369739,0.34379166143088,1
1987-01-01,105,InterestRate_L2,-1.26546095429248,0.445687164694655,1
1987-01-01,105,InterestRate_L3,1.12559008730567,0.467686191135311,1
1987-01-01,105,InterestRate_L4,-0.445753197552254,0.379330273002302,1
1987-04-01,106,Intercept,4.53391870525621,1.4383474828037,1
1987-04-01,106,GDPGrowth_L1,-0.179142821920613,0.115749689994722,1
1987-04-01,106,Inflation_L1,-0.143855492022311,0.217130650686158,1
1987-04-01,106,Inflation_L2,0.224054525507022,0.237069431763304,1
1987-04-01,106,Inflation_L3,-0.290882398601024,0.24467830405378,1
1987-04-01,106,Inflation_L4,0.0668706074427768,0.225822500501153,1
1987-04-01,106,Unemployment_L1,-4.49137425051236,1.5846312180288,1
1987-04-01,106,Unemployment_L2,6.4193341046471,2.45290226867321,1
1987-04-01,106,Unemployment_L3,-0.264103783693027,2.36819436310719,1
1987-04-01,106,Unemployment_L4,-1.02141769937663,1.26556507415173,1
1987-04-01,106,InterestRate_L1,0.0995382770774095,0.339648298834746,1
1987-04-01,106,InterestRate_L2,-1.27206466802616,0.441099190345745,1
1987-04-01,106,InterestRate_L3,1.13712402679551,0.458732146055698,1
1987-04-01,106,InterestRate_L4,-0.458842683643346,0.366978021416021,1
1987-07-01,107,Intercept,4.49731353392193,1.43456497430416,1
1987-07-01,107,GDPGrowth_L1,-0.172336253300293,0.115178717277463,1
1987-07-01,107,Inflation_L1,-0.145481454667933,0.216664772954149,1
1987-07-01,107,Inflation_L2,0.203416844219651,0.235097204358918,1
1987-07-01,107,Inflation_L3,-0.275163049719686,0.243336913446844,1
1987-07-01,107,Inflation_L4,0.075859024584162,0.225055441333904,1
1987-07-01,107,Unemployment_L1,-4.37448129934453,1.57423346314205,1
1987-07-01,107,Unemployment_L2,6.30094993018014,2.44307287429599,1
1987-07-01,107,Unemployment_L3,-0.285858538319081,2.36305828631088,1
1987-07-01,107,Unemployment_L4,-0.998163218375813,1.26255809216939,1
1987-07-01,107,InterestRate_L1,0.09867359202318,0.338933327778189,1
1987-07-01,107,InterestRate_L2,-1.25948243916512,0.439879269041241,1
1987-07-01,107,InterestRate_L3,1.13468617294828,0.457758332393047,1
1987-07-01,107,InterestRate_L4,-0.471319320386465,0.365860259767501,1
1987-10-01,108,Intercept,4.55802703661751,1.43150047580185,1
1987-10-01,108,GDPGrowth_L1,-0.179844545627565,0.114757096674506,1
1987-10-01,108,Inflation_L1,-0.149494057152181,0.216396261340341,1
1987-10-01,108,Inflation_L2,0.206765798626869,0.234826233577916,1
1987-10-01,108,Inflation_L3,-0.251649593057586,0.241676669719035,1
1987-10-01,108,Inflation_L4,0.0547315450791031,0.223593381750405,1
1987-10-01,108,Unemployment_L1,-4.44139316453635,1.57085550484587,1
1987-10-01,108,Unemployment_L2,6.24787251630399,2.43985004917001,1
1987-10-01,108,Unemployment_L3,-0.139641979965698,2.355025208651,1
1987-10-01,108,Unemployment_L4,-1.02788236970161,1.26082841159307,1
1987-10-01,108,InterestRate_L1,0.0803795856911915,0.337973554444834,1
1987-10-01,108,InterestRate_L2,-1.23620590199436,0.438664529716485,1
1987-10-01,108,InterestRate_L3,1.10085878763594,0.455738424581493,1
1987-10-01,108,InterestRate_L4,-0.441605836150229,0.363987879241552,1
1988-01-01,109,Intercept,4.557120405671,1.42530638527512,1
1988-01-01,109,GDPGrowth_L1,-0.184340492942089,0.113772081399933,1
1988-01-01,109,Inflation_L1,-0.143619197848819,0.215018237784028,1
1988-01-01,109,Inflation_L2,0.208771338869846,0.233762988561944,1
1988-01-01,109,Inflation_L3,-0.25307141343293,0.240608051048101,1
1988-01-01,109,Inflation_L4,0.0467220878345699,0.221830578074223,1
1988-01-01,109,Unemployment_L1,-4.46306793885689,1.56323215232867,1
1988-01-01,109,Unemployment_L2,6.28938045402909,2.42734019120215,1
1988-01-01,109,Unemployment_L3,-0.119096946604174,2.34434149567997,1
1988-01-01,109,Unemployment_L4,-1.06604457984178,1.25217298643979,1
1988-01-01,109,InterestRate_L1,0.0806799610540261,0.336510782037336,1
1988-01-01,109,InterestRate_L2,-1.23554846885275,0.436764191777833,1
1988-01-01,109,InterestRate_L3,1.09405382382527,0.45348562003995,1
1988-01-01,109,InterestRate_L4,-0.436039948476743,0.362177656739455,1
1988-04-01,110,Intercept,4.60946985653007,1.41197360633816,1
1988-04-01,110,GDPGrowth_L1,-0.188022669259382,0.112831585659492,1
1988-04-01,110,Inflation_L1,-0.149346028371715,0.213502748982158,1
1988-04-01,110,Inflation_L2,0.208752110946386,0.232711811779445,1
1988-04-01,110,Inflation_L3,-0.253028312086923,0.239526071754041,1
1988-04-01,110,Inflation_L4,0.053268025206739,0.220138106785042,1
1988-04-01,110,Unemployment_L1,-4.51099240223643,1.55091604808975,1
1988-04-01,110,Unemployment_L2,6.32270075285946,2.41478151214449,1
1988-04-01,110,Unemployment_L3,-0.13497310448405,2.3334133638953,1
1988-04-01,110,Unemployment_L4,-1.04103550339287,1.24474674901495,1
1988-04-01,110,InterestRate_L1,0.0747715653163655,0.334624731286272,1
1988-04-01,110,InterestRate_L2,-1.23056716936017,0.43459605422945,1
1988-04-01,110,InterestRate_L3,1.09070833819752,0.451357749251855,1
1988-04-01,110,InterestRate_L4,-0.431511608029056,0.360345600987422,1
1988-07-01,111,Intercept,4.56917960601171,1.40567307179127,1
1988-07-01,111,GDPGrowth_L1,-0.18897514163976,0.112445396578462,1
1988-07-01,111,Inflation_L1,-0.155955876371949,0.212506940472833,1
1988-07-01,111,Inflation_L2,0.217752021375332,0.231451300625934,1
1988-07-01,111,Inflation_L3,-0.248158799675365,0.238591649555101,1
1988-07-01,111,Inflation_L4,0.0471644538637134,0.21916982124045,1
1988-07-01,111,Unemployment_L1,-4.47112522175068,1.54432864396162,1
1988-07-01,111,Unemployment_L2,6.26653599898623,2.40492977453758,1
1988-07-01,111,Unemployment_L3,-0.0669407294932479,2.322884132362,1
1988-07-01,111,Unemployment_L4,-1.08408556924281,1.23852675043254,1
1988-07-01,111,InterestRate_L1,0.0753734662665803,0.333511239757056,1
1988-07-01,111,InterestRate_L2,-1.22128258138141,0.432874426585015,1
1988-07-01,111,InterestRate_L3,1.07570707857384,0.449160173367066,1
1988-07-01,111,InterestRate_L4,-0.430977995495663,0.359147046442867,1
1988-10-01,112,Intercept,4.63616255982304,1.40023860394977,1
1988-10-01,112,GDPGrowth_L1,-0.193597956883555,0.112064321011603,1
1988-10-01,112,Inflation_L1,-0.158429895280869,0.212058034566156,1
1988-10-01,112,Inflation_L2,0.227790139465481,0.230630624728609,1
1988-10-01,112,Inflation_L3,-0.261185596254419,0.237529872592548,1
1988-10-01,112,Inflation_L4,0.0455386821601935,0.218721320389453,1
1988-10-01,112,Unemployment_L1,-4.45564134262084,1.54111072725948,1
1988-10-01,112,Unemployment_L2,6.19934761763363,2.39857632267345,1
1988-10-01,112,Unemployment_L3,-0.0130435657878626,2.317209218765,1
1988-10-01,112,Unemployment_L4,-1.0927475722893,1.2359984869888,1
1988-10-01,112,InterestRate_L1,0.0929753346326555,0.332080695875593,1
1988-10-01,112,InterestRate_L2,-1.23882681828389,0.431424322667715,1
1988-10-01,112,InterestRate_L3,1.06745558133455,0.448136911163476,1
1988-10-01,112,InterestRate_L4,-0.416402629694343,0.357942640565848,1
1989-01-01,113,Intercept,4.64378695262136,1.39474732121025,1
1989-01-01,113,GDPGrowth_L1,-0.190358514026477,0.111435098267458,1
1989-01-01,113,Inflation_L1,-0.161458674742339,0.21114879284082,1
1989-01-01,113,Inflation_L2,0.229062907099461,0.229725775549698,1
1989-01-01,113,Inflation_L3,-0.259480098690166,0.236587435434878,1
1989-01-01,113,Inflation_L4,0.0394083708470236,0.21751625091247,1
1989-01-01,113,Unemployment_L1,-4.46054939131621,1.53513008655172,1
1989-01-01,113,Unemployment_L2,6.25844390980962,2.38626120173997,1
1989-01-01,113,Unemployment_L3,-0.0887267716838187,2.30307200850031,1
1989-01-01,113,Unemployment_L4,-1.07434507822306,1.23065301411895,1
1989-01-01,113,InterestRate_L1,0.100355793757075,0.330454592135506,1
1989-01-01,113,InterestRate_L2,-1.23032504808126,0.429407479379784,1
1989-01-01,113,InterestRate_L3,1.06018860321724,0.446159949650426,1
1989-01-01,113,InterestRate_L4,-0.419032752269053,0.356520615691581,1
1989-04-01,114,Intercept,4.64726913320804,1.38625634821639,1
1989-04-01,114,GDPGrowth_L1,-0.190218774983033,0.11084749932069,1
1989-04-01,114,Inflation_L1,-0.16226666040543,0.209552559637359,1
1989-04-01,114,Inflation_L2,0.228871617455827,0.228549718545947,1
1989-04-01,114,Inflation_L3,-0.259441441654592,0.235403808088912,1
1989-04-01,114,Inflation_L4,0.0395505036323642,0.216412823411125,1
1989-04-01,114,Unemployment_L1,-4.46028270230375,1.52744902391067,1
1989-04-01,114,Unemployment_L2,6.25592216954905,2.37386844576047,1
1989-04-01,114,Unemployment_L3,-0.0820497792179886,2.28817628242981,1
1989-04-01,114,Unemployment_L4,-1.07942565361973,1.22083206238463,1
1989-04-01,114,InterestRate_L1,0.102088516363994,0.327211773888453,1
1989-04-01,114,InterestRate_L2,-1.23102610820749,0.427061183948459,1
1989-04-01,114,InterestRate_L3,1.06171400392774,0.443017857732274,1
1989-04-01,114,InterestRate_L4,-0.42083150153292,0.353149592350341,1
1989-07-01,115,Intercept,4.67269044802738,1.38180414151909,1
1989-07-01,115,GDPGrowth_L1,-0.188324732302379,0.110497182662818,1
1989-07-01,115,Inflation_L1,-0.152703764961844,0.208455335865636,1
1989-07-01,115,Inflation_L2,0.216627688741454,0.227144083210494,1
1989-07-01,115,Inflation_L3,-0.26270403157403,0.234687075007698,1
1989-07-01,115,Inflation_L4,0.0378581057636063,0.215786718500064,1
1989-07-01,115,Unemployment_L1,-4.43816676135847,1.52276735815945,1
1989-07-01,115,Unemployment_L2,6.24028718171792,2.36704945080265,1
1989-07-01,115,Unemployment_L3,-0.108713037706367,2.2813586487346,1
1989-07-01,115,Unemployment_L4,-1.0674082059541,1.21724955062151,1
1989-07-01,115,InterestRate_L1,0.105674095979032,0.326242794913357,1
1989-07-01,115,InterestRate_L2,-1.22371691135548,0.425711045368961,1
1989-07-01,115,InterestRate_L3,1.06349235096422,0.441759261834519,1
1989-07-01,115,InterestRate_L4,-0.423399298333215,0.352131281614834,1
1989-10-01,116,Intercept,4.58623591775881,1.37070038910544,1
1989-10-01,116,GDPGrowth_L1,-0.187896747395338,0.110163398151206,1
1989-10-01,116,Inflation_L1,-0.130214377950194,0.204693626644138,1
1989-10-01,116,Inflation_L2,0.193981899306476,0.223547390515642,1
1989-10-01,116,Inflation_L3,-0.250830111967902,0.233210753456706,1
1989-10-01,116,Inflation_L4,0.0331180284446132,0.215005426007838,1
1989-10-01,116,Unemployment_L1,-4.35117894594554,1.51180902933167,1
1989-10-01,116,Unemployment_L2,6.15190005891308,2.35570723724697,1
1989-10-01,116,Unemployment_L3,-0.113811942361996,2.27449651649793,1
1989-10-01,116,Unemployment_L4,-1.04161797399835,1.21289482715177,1
1989-10-01,116,InterestRate_L1,0.105796994500765,0.325263515560115,1
1989-10-01,116,InterestRate_L2,-1.23391876668915,0.424119543152386,1
1989-10-01,116,InterestRate_L3,1.05961774452022,0.440389723092476,1
1989-10-01,116,InterestRate_L4,-0.421292248240058,0.351058183684175,1
1990-01-01,117,Intercept,4.69207491996816,1.36174919560833,1
1990-01-01,117,GDPGrowth_L1,-0.190144388822952,0.109929112747415,1
1990-01-01,117,Inflation_L1,-0.126420969696312,0.204270114658288,1
1990-01-01,117,Inflation_L2,0.166611593284888,0.220475546155776,1
1990-01-01,117,Inflation_L3,-0.219115319704522,0.229350282710769,1
1990-01-01,117,Inflation_L4,0.0187930766198655,0.213861816402062,1
1990-01-01,117,Unemployment_L1,-4.34476591686208,1.50907083061377,1
1990-01-01,117,Unemployment_L2,6.00310328044415,2.34401836054539,1
1990-01-01,117,Unemployment_L3,0.0560960596237396,2.26033434592618,1
1990-01-01,117,Unemployment_L4,-1.09130142897695,1.20910233376088,1
1990-01-01,117,InterestRate_L1,0.0857553321595529,0.323699483354612,1
1990-01-01,117,InterestRate_L2,-1.21677612170965,0.422808274202859,1
1990-01-01,117,InterestRate_L3,1.0634508382197,0.439571937787312,1
1990-01-01,117,InterestRate_L4,-0.409566220787933,0.350116996954537,1
1990-04-01,118,Intercept,4.64050020973239,1.351128221565,1
1990-04-01,118,GDPGrowth_L1,-0.189973915578927,0.109496730796064,1
1990-04-01,118,Inflation_L1,-0.140750003988437,0.200741275119794,1
1990-04-01,118,Inflation_L2,0.171190895483504,0.219353344954194,1
1990-04-01,118,Inflation_L3,-0.19998233739476,0.224107533323258,1
1990-04-01,118,Inflation_L4,0.00831621443816012,0.211634513356253,1
1990-04-01,118,Unemployment_L1,-4.26263717853178,1.49105236077715,1
1990-04-01,118,Unemployment_L2,5.86043498015709,2.31129713454465,1
1990-04-01,118,Unemployment_L3,0.197296785977634,2.22756372689642,1
1990-04-01,118,Unemployment_L4,-1.15644350767122,1.19486006904379,1
1990-04-01,118,InterestRate_L1,0.0978729183064874,0.321203746761314,1
1990-04-01,118,InterestRate_L2,-1.21356732158995,0.421082366297113,1
1990-04-01,118,InterestRate_L3,1.05349577624204,0.437237901892366,1
1990-04-01,118,InterestRate_L4,-0.422069587962763,0.347536893373759,1
1990-07-01,119,Intercept,4.44414201677385,1.33942961147816,1
1990-07-01,119,GDPGrowth_L1,-0.178194955752196,0.109011235255061,1
1990-07-01,119,Inflation_L1,-0.117226455097891,0.199659700805628,1
1990-07-01,119,Inflation_L2,0.116228701499612,0.213363767714107,1
1990-07-01,119,Inflation_L3,-0.18519327672273,0.223826816689819,1
1990-07-01,119,Inflation_L4,0.0329111507087849,0.210515402678177,1
1990-07-01,119,Unemployment_L1,-4.12250204719818,1.48624321861015,1
1990-07-01,119,Unemployment_L2,5.90378317084832,2.3124701971254,1
1990-07-01,119,Unemployment_L3,-0.118449599624467,2.20929248085402,1
1990-07-01,119,Unemployment_L4,-0.987749586722284,1.1851436345756,1
1990-07-01,119,InterestRate_L1,0.101651573150072,0.321396873312482,1
1990-07-01,119,InterestRate_L2,-1.20398913859572,0.421265434184626,1
1990-07-01,119,InterestRate_L3,1.0759870293484,0.437018903156219,1
1990-07-01,119,InterestRate_L4,-0.476938544289219,0.343940911175782,1
1990-10-01,120,Intercept,4.43516159104838,1.34530044255371,1
1990-10-01,120,GDPGrowth_L1,-0.179466522309436,0.109486461129398,1
1990-10-01,120,Inflation_L1,-0.167829025934298,0.197178355035193,1
1990-10-01,120,Inflation_L2,0.178656257993296,0.209504140357813,1
1990-10-01,120,Inflation_L3,-0.249822181623757,0.219910690631281,1
1990-10-01,120,Inflation_L4,0.0902305251262895,0.207347771377048,1
1990-10-01,120,Unemployment_L1,-4.37626456486882,1.48147983748612,1
1990-10-01,120,Unemployment_L2,6.30037499324584,2.3049012739835,1
1990-10-01,120,Unemployment_L3,-0.218808201484224,2.2178175193354,1
1990-10-01,120,Unemployment_L4,-1.02813473597565,1.18999460356222,1
1990-10-01,120,InterestRate_L1,0.128777426025035,0.32221421674234,1
1990-10-01,120,InterestRate_L2,-1.23452405729371,0.422541604893466,1
1990-10-01,120,InterestRate_L3,1.12430468325565,0.43754993703332,1
1990-10-01,120,InterestRate_L4,-0.529483140774755,0.343361390440496,1
1991-01-01,121,Intercept,4.26452000451699,1.3509903633152,1
1991-01-01,121,GDPGrowth_L1,-0.150753691250226,0.108815451337314,1
1991-01-01,121,Inflation_L1,-0.180949620895355,0.198461533076617,1
1991-01-01,121,Inflation_L2,0.148764837554507,0.210215287841846,1
1991-01-01,121,Inflation_L3,-0.168023984858612,0.215517754618308,1
1991-01-01,121,Inflation_L4,0.0514345810671855,0.207456051622316,1
1991-01-01,121,Unemployment_L1,-4.21619532565436,1.48902445396603,1
1991-01-01,121,Unemployment_L2,5.84942632223074,2.30462506692383,1
1991-01-01,121,Unemployment_L3,0.24355311407433,2.21529204604497,1
1991-01-01,121,Unemployment_L4,-1.20193262608996,1.19380712657313,1
1991-01-01,121,InterestRate_L1,0.110306259666536,0.324382863138603,1
1991-01-01,121,InterestRate_L2,-1.19494863805897,0.42493299693387,1
1991-01-01,121,InterestRate_L3,1.12572446511473,0.440774393472657,1
1991-01-01,121,InterestRate_L4,-0.545690166941664,0.345743255575968,1
1991-04-01,122,Intercept,4.26047976870054,1.34109816223765,1
1991-04-01,122,GDPGrowth_L1,-0.150342858540453,0.107844521284136,1
1991-04-01,122,Inflation_L1,-0.17996216392511,0.196061085245737,1
1991-04-01,122,Inflation_L2,0.147794194650436,0.207891116843157,1
1991-04-01,122,Inflation_L3,-0.169071182682094,0.212985754956488,1
1991-04-01,122,Inflation_L4,0.0526708803494459,0.204270424909354,1
1991-04-01,122,Unemployment_L1,-4.21597141764732,1.4821161564217,1
1991-04-01,122,Unemployment_L2,5.8520320253711,2.29306352872811,1
1991-04-01,122,Unemployment_L3,0.234538169118444,2.19398445594579,1
1991-04-01,122,Unemployment_L4,-1.1957160936379,1.17851490708868,1
1991-04-01,122,InterestRate_L1,0.110936990673674,0.322511585048451,1
1991-04-01,122,InterestRate_L2,-1.19647912635525,0.421305718438194,1
1991-04-01,122,InterestRate_L3,1.12757437690836,0.436394558982617,1
1991-04-01,122,InterestRate_L4,-0.546579750792284,0.343453470015916,1
1991-07-01,123,Intercept,4.21717198448866,1.3388459275924,1
1991-07-01,123,GDPGrowth_L1,-0.153338708290626,0.107682150672217,1
1991-07-01,123,Inflation_L1,-0.165951951699946,0.195220426131828,1
1991-07-01,123,Inflation_L2,0.166530961053513,0.206596247136669,1
1991-07-01,123,Inflation_L3,-0.186990809899286,0.211802337538866,1
1991-07-01,123,Inflation_L4,0.0371963210154097,0.203311499266549,1
1991-07-01,123,Unemployment_L1,-4.25360885097925,1.48000514985794,1
1991-07-01,123,Unemployment_L2,5.88680998716906,2.29040706303397,1
1991-07-01,123,Unemployment_L3,0.211080402510581,2.19160542350501,1
1991-07-01,123,Unemployment_L4,-1.16942861836537,1.17694760379665,1
1991-07-01,123,InterestRate_L1,0.112070413877527,0.322182939732822,1
1991-07-01,123,InterestRate_L2,-1.1971176019511,0.420879113695768,1
1991-07-01,123,InterestRate_L3,1.11153036071703,0.435575272462553,1
1991-07-01,123,InterestRate_L4,-0.526113868789088,0.342324039737967,1
1991-10-01,124,Intercept,4.06378383119174,1.33839449791994,1
1991-10-01,124,GDPGrowth_L1,-0.138615541066851,0.107473574616154,1
1991-10-01,124,Inflation_L1,-0.154587629743803,0.195699469440798,1
1991-10-01,124,Inflation_L2,0.168334378008979,0.207299005407697,1
1991-10-01,124,Inflation_L3,-0.15639530808687,0.211259773118123,1
1991-10-01,124,Inflation_L4,-0.00607779017257828,0.201356315380506,1
1991-10-01,124,Unemployment_L1,-4.10988776625759,1.48107529370559,1
1991-10-01,124,Unemployment_L2,5.71382154832322,2.29450871408454,1
1991-10-01,124,Unemployment_L3,0.200226952598044,2.19909277931601,1
1991-10-01,124,Unemployment_L4,-1.12611796735996,1.1805208963592,1
1991-10-01,124,InterestRate_L1,0.113102575238663,0.323284952914166,1
1991-10-01,124,InterestRate_L2,-1.18928737000502,0.422278287224591,1
1991-10-01,124,InterestRate_L3,1.11183217859585,0.43706635795008,1
1991-10-01,124,InterestRate_L4,-0.528684975868247,0.343490427082735,1
1992-01-01,125,Intercept,4.06442017865042,1.33241372674506,1
1992-01-01,125,GDPGrowth_L1,-0.139200550052106,0.106864504770568,1
1992-01-01,125,Inflation_L1,-0.153771691432771,0.19468813109115,1
1992-01-01,125,Inflation_L2,0.168300803483975,0.206374353244905,1
1992-01-01,125,Inflation_L3,-0.156691154138868,0.210300801654305,1
1992-01-01,125,Inflation_L4,-0.00736205144353085,0.200124424406888,1
1992-01-01,125,Unemployment_L1,-4.10035660464708,1.47196979566919,1
1992-01-01,125,Unemployment_L2,5.69747775625486,2.27952911941089,1
1992-01-01,125,Unemployment_L3,0.21728250961932,2.18389082052517,1
1992-01-01,125,Unemployment_L4,-1.13439508240136,1.17288993034631,1
1992-01-01,125,InterestRate_L1,0.112326675947201,0.32176742391249,1
1992-01-01,125,InterestRate_L2,-1.18863055253226,0.420353556208442,1
1992-01-01,125,InterestRate_L3,1.11054504260479,0.434962857119199,1
1992-01-01,125,InterestRate_L4,-0.52787275123921,0.341880414250069,1
1992-04-01,126,Intercept,4.08631545672788,1.32247927210214,1
1992-04-01,126,GDPGrowth_L1,-0.141296494060203,0.105923492727206,1
1992-04-01,126,Inflation_L1,-0.155710186356276,0.193627597759567,1
1992-04-01,126,Inflation_L2,0.16893266195351,0.20546756591257,1
1992-04-01,126,Inflation_L3,-0.156913396614493,0.209397128927712,1
1992-04-01,126,Inflation_L4,-0.00466988992452403,0.198841906062151,1
1992-04-01,126,Unemployment_L1,-4.13937091681849,1.4534858465338,1
1992-04-01,126,Unemployment_L2,5.72014465193403,2.26711879616732,1
1992-04-01,126,Unemployment_L3,0.237933284634948,2.17224378030914,1
1992-04-01,126,Unemployment_L4,-1.14464794949341,1.16681372533253,1
1992-04-01,126,InterestRate_L1,0.111380688893136,0.320356368972751,1
1992-04-01,126,InterestRate_L2,-1.18654711107931,0.418431657450494,1
1992-04-01,126,InterestRate_L3,1.10913256363924,0.433045700297893,1
1992-04-01,126,InterestRate_L4,-0.52595351934869,0.340289433810617,1
1992-07-01,127,Intercept,4.13338090224648,1.31486719979491,1
1992-07-01,127,GDPGrowth_L1,-0.143977785651529,0.105442719127838,1
1992-07-01,127,Inflation_L1,-0.161621278552617,0.192639127453545,1
1992-07-01,127,Inflation_L2,0.173385873706841,0.204603262885322,1
1992-07-01,127,Inflation_L3,-0.159383520640402,0.208650752721996,1
1992-07-01,127,Inflation_L4,0.00119961617410684,0.197850259795309,1
1992-07-01,127,Unemployment_L1,-4.22662535827141,1.43849390215287,1
1992-07-01,127,Unemployment_L2,5.77440399797158,2.25712813028591,1
1992-07-01,127,Unemployment_L3,0.259138421207739,2.16468601176312,1
1992-07-01,127,Unemployment_L4,-1.14945418887112,1.16293152354832,1
1992-07-01,127,InterestRate_L1,0.105562290083161,0.31909583574705,1
1992-07-01,127,InterestRate_L2,-1.17915500181589,0.416799663810723,1
1992-07-01,127,InterestRate_L3,1.11059143158743,0.431609601046006,1
1992-07-01,127,InterestRate_L4,-0.522755475557748,0.339110089252046,1
1992-10-01,128,Intercept,4.16528038389976,1.31170548947997,1
1992-10-01,128,GDPGrowth_L1,-0.141631284739954,0.105197798750232,1
1992-10-01,128,Inflation_L1,-0.1657784861796,0.192196652649796,1
1992-10-01,128,Inflation_L2,0.17111142530613,0.20419464069296,1
1992-10-01,128,Inflation_L3,-0.155524609709037,0.208194109168467,1
1992-10-01,128,Inflation_L4,0.00335651353019482,0.197455943738008,1
1992-10-01,128,Unemployment_L1,-4.23240688316541,1.43575638393737,1
1992-10-01,128,Unemployment_L2,5.69823466858418,2.2506119983648,1
1992-10-01,128,Unemployment_L3,0.312405752444826,2.15944868770558,1
1992-10-01,128,Unemployment_L4,-1.14344862260884,1.16070770151085,1
1992-10-01,128,InterestRate_L1,0.107962171898031,0.318477286802389,1
1992-10-01,128,InterestRate_L2,-1.18577535930133,0.415920252363634,1
1992-10-01,128,InterestRate_L3,1.12385524970771,0.430437145783913,1
1992-10-01,128,InterestRate_L4,-0.519761812681316,0.338446395757715,1
1993-01-01,129,Intercept,4.1846860666325,1.33942335374198,1
1993-01-01,129,GDPGrowth_L1,-0.120690510450641,0.107062372871237,1
1993-01-01,129,Inflation_L1,-0.188438129571138,0.196030920753722,1
1993-01-01,129,Inflation_L2,0.16606813165055,0.208502617832499,1
1993-01-01,129,Inflation_L3,-0.159865569003273,0.212589614115134,1
1993-01-01,129,Inflation_L4,0.0226136770353841,0.201469995047029,1
1993-01-01,129,Unemployment_L1,-3.97509283709706,1.46213731156491,1
1993-01-01,129,Unemployment_L2,5.33348452911446,2.29310506947627,1
1993-01-01,129,Unemployment_L3,0.195955558138737,2.20457911113489,1
1993-01-01,129,Unemployment_L4,-0.979328138918209,1.18325223775628,1
1993-01-01,129,InterestRate_L1,0.140199452719722,0.324931350360427,1
1993-01-01,129,InterestRate_L2,-1.19237827600223,0.424707941232769,1
1993-01-01,129,InterestRate_L3,1.11459532374768,0.439523721781244,1
1993-01-01,129,InterestRate_L4,-0.495904517709132,0.345459384773551,1
1993-04-01,130,Intercept,4.06096647639016,1.34609066840932,1
1993-04-01,130,GDPGrowth_L1,-0.0865256105417923,0.105602547550572,1
1993-04-01,130,Inflation_L1,-0.174818575539728,0.197150204756461,1
1993-04-01,130,Inflation_L2,0.143340673695914,0.20940239703696,1
1993-04-01,130,Inflation_L3,-0.1654308911317,0.21397727035757,1
1993-04-01,130,Inflation_L4,0.0191922153393451,0.202800849582694,1
1993-04-01,130,Unemployment_L1,-3.78293151317648,1.46688733209583,1
1993-04-01,130,Unemployment_L2,5.31993420762457,2.30836737961474,1
1993-04-01,130,Unemployment_L3,-0.102222784753619,2.21129533185164,1
1993-04-01,130,Unemployment_L4,-0.890695532753235,1.18982508053125,1
1993-04-01,130,InterestRate_L1,0.16083368635818,0.326837592587677,1
1993-04-01,130,InterestRate_L2,-1.18675766552062,0.42752293553801,1
1993-04-01,130,InterestRate_L3,1.14921136432626,0.441913834799589,1
1993-04-01,130,InterestRate_L4,-0.52209840526117,0.3473689391091,1
1993-07-01,131,Intercept,4.08020001490967,1.3484384613618,1
1993-07-01,131,GDPGrowth_L1,-0.0771848326581643,0.105503549912493,1
1993-07-01,131,Inflation_L1,-0.172574098801398,0.197499231202603,1
1993-07-01,131,Inflation_L2,0.151047722607868,0.209682940794199,1
1993-07-01,131,Inflation_L3,-0.181489236623301,0.213941885449743,1
1993-07-01,131,Inflation_L4,0.012875809851402,0.203099967241495,1
1993-07-01,131,Unemployment_L1,-3.85127532205706,1.4684315860999,1
1993-07-01,131,Unemployment_L2,5.4308683925554,2.31068481276803,1
1993-07-01,131,Unemployment_L3,-0.0761963774136835,2.21520318547968,1
1993-07-01,131,Unemployment_L4,-0.994375929500146,1.1888063406357,1
1993-07-01,131,InterestRate_L1,0.166468702529294,0.327396954579486,1
1993-07-01,131,InterestRate_L2,-1.18492618669489,0.428296520779813,1
1993-07-01,131,InterestRate_L3,1.17483928492187,0.442193679612164,1
1993-07-01,131,InterestRate_L4,-0.527328479990641,0.347972054157524,1
1993-10-01,132,Intercept,4.05472846538924,1.34273112376813,1
1993-10-01,132,GDPGrowth_L1,-0.0707319621492588,0.104189540308712,1
1993-10-01,132,Inflation_L1,-0.165653985951379,0.196246686459614,1
1993-10-01,132,Inflation_L2,0.147853682892681,0.208858746880079,1
1993-10-01,132,Inflation_L3,-0.178354892381766,0.213109955375303,1
1993-10-01,132,Inflation_L4,0.00235359740344736,0.201093406142987,1
1993-10-01,132,Unemployment_L1,-3.78989021078665,1.45726678927795,1
1993-10-01,132,Unemployment_L2,5.32156336607758,2.29036463162917,1
1993-10-01,132,Unemployment_L3,0.0091739761010997,2.19977076592014,1
1993-10-01,132,Unemployment_L4,-1.04097249324363,1.18037693186427,1
1993-10-01,132,InterestRate_L1,0.166059799965464,0.326292538084413,1
1993-10-01,132,InterestRate_L2,-1.18446447170104,0.426852149032061,1
1993-10-01,132,InterestRate_L3,1.18055900553779,0.440524788645841,1
1993-10-01,132,InterestRate_L4,-0.523621419994445,0.346704055487031,1
1994-01-01,133,Intercept,4.06739879425444,1.33828442447677,1
1994-01-01,133,GDPGrowth_L1,-0.0715825828126202,0.103849066863237,1
1994-01-01,133,Inflation_L1,-0.169963174504129,0.195445603984905,1
1994-01-01,133,Inflation_L2,0.157174340576932,0.207387269490636,1
1994-01-01,133,Inflation_L3,-0.185395221643276,0.211985366532523,1
1994-01-01,133,Inflation_L4,0.00149777413599549,0.200455386587893,1
1994-01-01,133,Unemployment_L1,-3.83119509914356,1.45040023335374,1
1994-01-01,133,Unemployment_L2,5.39566154348612,2.27847934218879,1
1994-01-01,133,Unemployment_L3,-0.0353613085749104,2.19110292260758,1
1994-01-01,133,Unemployment_L4,-1.0395517809678,1.17667041102679,1
1994-01-01,133,InterestRate_L1,0.170858385864437,0.325130628113035,1
1994-01-01,133,InterestRate_L2,-1.18625455621448,0.425498292026197,1
1994-01-01,133,InterestRate_L3,1.17798433139879,0.439113267526214,1
1994-01-01,133,InterestRate_L4,-0.515959088145852,0.345284536879611,1
1994-04-01,134,Intercept,4.06770217477282,1.33276866748396,1
1994-04-01,134,GDPGrowth_L1,-0.0713962397256608,0.103408763535638,1
1994-04-01,134,Inflation_L1,-0.168275169034625,0.194095255426242,1
1994-04-01,134,Inflation_L2,0.155467513816421,0.206007665271351,1
1994-04-01,134,Inflation_L3,-0.18348758112629,0.210470025424408,1
1994-04-01,134,Inflation_L4,-0.000672171712411694,0.19875045504595,1
1994-04-01,134,Unemployment_L1,-3.83830554943032,1.44312284259187,1
1994-04-01,134,Unemployment_L2,5.39933968731035,2.26887118766881,1
1994-04-01,134,Unemployment_L3,-0.0250776352724156,2.1802733161636,1
1994-04-01,134,Unemployment_L4,-1.04880450019765,1.16910276585282,1
1994-04-01,134,InterestRate_L1,0.168458624413264,0.323129094488996,1
1994-04-01,134,InterestRate_L2,-1.18294746794648,0.422784451357593,1
1994-04-01,134,InterestRate_L3,1.17722310214652,0.437255015994402,1
1994-04-01,134,InterestRate_L4,-0.514291341476506,0.34356115625146,1
1994-07-01,135,Intercept,4.05662161797572,1.33614172643565,1
1994-07-01,135,GDPGrowth_L1,-0.0681212992925053,0.103640562131699,1
1994-07-01,135,Inflation_L1,-0.165537087841958,0.194578676052106,1
1994-07-01,135,Inflation_L2,0.165884666742459,0.206370235880688,1
1994-07-01,135,Inflation_L3,-0.200953694841299,0.210557789667231,1
1994-07-01,135,Inflation_L4,0.0055576821270913,0.199197229408895,1
1994-07-01,135,Unemployment_L1,-3.76985984774586,1.44580026795304,1
1994-07-01,135,Unemployment_L2,5.19514658481581,2.26896298732017,1
1994-07-01,135,Unemployment_L3,0.145189665851154,2.18171565046319,1
1994-07-01,135,Unemployment_L4,-1.10355279628913,1.17129227944741,1
1994-07-01,135,InterestRate_L1,0.157607999295857,0.323840935902674,1
1994-07-01,135,InterestRate_L2,-1.1920432628073,0.42380289944936,1
1994-07-01,135,InterestRate_L3,1.19789927260339,0.438068085329239,1
1994-07-01,135,InterestRate_L4,-0.502265045758977,0.344307605319471,1
1994-10-01,136,Intercept,4.05101053299596,1.32954130036855,1
1994-10-01,136,GDPGrowth_L1,-0.0671777900881617,0.102792613034493,1
1994-10-01,136,Inflation_L1,-0.165454402036554,0.193785884968742,1
1994-10-01,136,Inflation_L2,0.166578301835493,0.205415663499374,1
1994-10-01,136,Inflation_L3,-0.200402337522064,0.209630207558253,1
1994-10-01,136,Inflation_L4,0.00439026347687566,0.198048008434528,1
1994-10-01,136,Unemployment_L1,-3.76987988536349,1.43992242794822,1
1994-10-01,136,Unemployment_L2,5.20165807808729,2.2588122611705,1
1994-10-01,136,Unemployment_L3,0.132390126763274,2.16912099473868,1
1994-10-01,136,Unemployment_L4,-1.09854772549555,1.16546993731295,1
1994-10-01,136,InterestRate_L1,0.156458163453299,0.322321963579903,1
1994-10-01,136,InterestRate_L2,-1.19133589096916,0.422021427822461,1
1994-10-01,136,InterestRate_L3,1.19739698065669,0.436258595945768,1
1994-10-01,136,InterestRate_L4,-0.500231406719799,0.342311983109023,1
1995-01-01,137,Intercept,3.99153842141489,1.334222571792,1
1995-01-01,137,GDPGrowth_L1,-0.0618865969899015,0.10313772897843,1
1995-01-01,137,Inflation_L1,-0.142122321739617,0.193856751478644,1
1995-01-01,137,Inflation_L2,0.143039017361497,0.205561675647046,1
1995-01-01,137,Inflation_L3,-0.181265109007233,0.210033335974929,1
1995-01-01,137,Inflation_L4,-0.00817438520977297,0.198644240977768,1
1995-01-01,137,Unemployment_L1,-3.64210115384634,1.44285840313372,1
1995-01-01,137,Unemployment_L2,4.92733085724667,2.25949374591464,1
1995-01-01,137,Unemployment_L3,0.340520157621526,2.17281424064026,1
1995-01-01,137,Unemployment_L4,-1.16991988802167,1.16905940107892,1
1995-01-01,137,InterestRate_L1,0.128009563499779,0.32298606573868,1
1995-01-01,137,InterestRate_L2,-1.17919150359777,0.42363211497536,1
1995-01-01,137,InterestRate_L3,1.19270969685029,0.438001973732552,1
1995-01-01,137,InterestRate_L4,-0.473232316606692,0.343152864490407,1
1995-04-01,138,Intercept,3.91935150507181,1.33069030795292,1
1995-04-01,138,GDPGrowth_L1,-0.0538584226360793,0.102661961691253,1
1995-04-01,138,Inflation_L1,-0.135025784307578,0.193536348689083,1
1995-04-01,138,Inflation_L2,0.154933298710153,0.204963223046202,1
1995-04-01,138,Inflation_L3,-0.200342855882098,0.208775100665024,1
1995-04-01,138,Inflation_L4,-0.00210495178904121,0.198366499732598,1
1995-04-01,138,Unemployment_L1,-3.65654866494835,1.44159373895802,1
1995-04-01,138,Unemployment_L2,5.04245471981008,2.25398109250852,1
1995-04-01,138,Unemployment_L3,0.183707519465264,2.16395172722021,1
1995-04-01,138,Unemployment_L4,-1.11734797420116,1.16662756971394,1
1995-04-01,138,InterestRate_L1,0.119309820783507,0.322576548798666,1
1995-04-01,138,InterestRate_L2,-1.18482125288816,0.423240559850997,1
1995-04-01,138,InterestRate_L3,1.20107340441742,0.437545587874954,1
1995-04-01,138,InterestRate_L4,-0.464389205220611,0.342730972209511,1
1995-07-01,139,Intercept,3.9246225460212,1.32565334801216,1
1995-07-01,139,GDPGrowth_L1,-0.0539617101037115,0.102282763282561,1
1995-07-01,139,Inflation_L1,-0.136667341412142,0.19273584360989,1
1995-07-01,139,Inflation_L2,0.152330928203619,0.204001246405114,1
1995-07-01,139,Inflation_L3,-0.204018542794954,0.207601219530907,1
1995-07-01,139,Inflation_L4,0.00333487550153887,0.196702340645801,1
1995-07-01,139,Unemployment_L1,-3.61521644531152,1.42886708649382,1
1995-07-01,139,Unemployment_L2,5.00853076482471,2.24248281686928,1
1995-07-01,139,Unemployment_L3,0.152207962915215,2.15311048631793,1
1995-07-01,139,Unemployment_L4,-1.0898791526791,1.15828448593299,1
1995-07-01,139,InterestRate_L1,0.127330852328109,0.320140601446435,1
1995-07-01,139,InterestRate_L2,-1.18981216635065,0.421312658114761,1
1995-07-01,139,InterestRate_L3,1.20370115732146,0.435833755915121,1
1995-07-01,139,InterestRate_L4,-0.471233633995975,0.340613545376121,1
1995-10-01,140,Intercept,3.90593915062636,1.32088790994391,1
1995-10-01,140,GDPGrowth_L1,-0.0546145909751485,0.101952936328035,1
1995-10-01,140,Inflation_L1,-0.132144137415643,0.191883805442641,1
1995-10-01,140,Inflation_L2,0.151185990285318,0.203347832326617,1
1995-10-01,140,Inflation_L3,-0.200986096171496,0.206847766188383,1
1995-10-01,140,Inflation_L4,0.00280276394230079,0.196083452525549,1
1995-10-01,140,Unemployment_L1,-3.60312301398787,1.42415602752937,1
1995-10-01,140,Unemployment_L2,4.91889091430742,2.22705241111598,1
1995-10-01,140,Unemployment_L3,0.254124285388496,2.1350374355023,1
1995-10-01,140,Unemployment_L4,-1.11543598125373,1.15333774150656,1
1995-10-01,140,InterestRate_L1,0.1217223997021,0.318908483482355,1
1995-10-01,140,InterestRate_L2,-1.19509243226995,0.419839181912293,1
1995-10-01,140,InterestRate_L3,1.20413585638089,0.434468942791489,1
1995-10-01,140,InterestRate_L4,-0.462059816975795,0.338968167236065,1
1996-01-01,141,Intercept,3.84167392529149,1.3119972247754,1
1996-01-01,141,GDPGrowth_L1,-0.0519447156176004,0.101553963770208,1
1996-01-01,141,Inflation_L1,-0.12772649353058,0.191182907866984,1
1996-01-01,141,Inflation_L2,0.155239375476334,0.202650198555832,1
1996-01-01,141,Inflation_L3,-0.204757839887705,0.206160557169338,1
1996-01-01,141,Inflation_L4,0.00396975866768229,0.195529400696912,1
1996-01-01,141,Unemployment_L1,-3.57022262116916,1.41894528442984,1
1996-01-01,141,Unemployment_L2,4.914591147669,2.22087764939353,1
1996-01-01,141,Unemployment_L3,0.168539473969113,2.12338896760868,1
1996-01-01,141,Unemployment_L4,-1.05290186498784,1.14446582618468,1
1996-01-01,141,InterestRate_L1,0.122044142268831,0.318025717061907,1
1996-01-01,141,InterestRate_L2,-1.19908620383096,0.418614238698823,1
1996-01-01,141,InterestRate_L3,1.19692847909274,0.433067142265269,1
1996-01-01,141,InterestRate_L4,-0.453771911659009,0.337691569294249,1
1996-04-01,142,Intercept,3.93901994428204,1.30764391003737,1
1996-04-01,142,GDPGrowth_L1,-0.0555571846542847,0.101451720055161,1
1996-04-01,142,Inflation_L1,-0.118780219172312,0.190894176736906,1
1996-04-01,142,Inflation_L2,0.146957425331676,0.202401493943993,1
1996-04-01,142,Inflation_L3,-0.213489250620595,0.205893674738658,1
1996-04-01,142,Inflation_L4,0.00788526315705701,0.195424547456458,1
1996-04-01,142,Unemployment_L1,-3.60858882463326,1.41792944126839,1
1996-04-01,142,Unemployment_L2,4.9247680001297,2.22014597340354,1
1996-04-01,142,Unemployment_L3,0.185461173299766,2.12264029193343,1
1996-04-01,142,Unemployment_L4,-1.05257293809552,1.14410180287094,1
1996-04-01,142,InterestRate_L1,0.10814218160922,0.317593732765637,1
1996-04-01,142,InterestRate_L2,-1.19430793869424,0.418451428824476,1
1996-04-01,142,InterestRate_L3,1.20107618494861,0.432907798772938,1
1996-04-01,142,InterestRate_L4,-0.445563250008249,0.337475581269842,1
1996-07-01,143,Intercept,3.93459996136612,1.30256703055044,1
1996-07-01,143,GDPGrowth_L1,-0.0573141493447184,0.100677210357425,1
1996-07-01,143,Inflation_L1,-0.120075980528217,0.190067160888576,1
1996-07-01,143,Inflation_L2,0.145566550313,0.201521608401495,1
1996-07-01,143,Inflation_L3,-0.211464596732734,0.204866279130185,1
1996-07-01,143,Inflation_L4,0.00959261090540734,0.194501112405357,1
1996-07-01,143,Unemployment_L1,-3.61791605725868,1.41183813815462,1
1996-07-01,143,Unemployment_L2,4.93148355807724,2.21159191468741,1
1996-07-01,143,Unemployment_L3,0.19369936711426,2.11429898579555,1
1996-07-01,143,Unemployment_L4,-1.05683222479563,1.13962371888534,1
1996-07-01,143,InterestRate_L1,0.108333665943452,0.31640628435264,1
1996-07-01,143,InterestRate_L2,-1.19195380250641,0.416716939286168,1
1996-07-01,143,InterestRate_L3,1.19859834800816,0.431107143431684,1
1996-07-01,143,InterestRate_L4,-0.44665739351992,0.33616934705511,1
1996-10-01,144,Intercept,3.90886539074229,1.29025617143286,1
1996-10-01,144,GDPGrowth_L1,-0.056030966417455,0.100062829999382,1
1996-10-01,144,Inflation_L1,-0.118167965149858,0.189079169793333,1
1996-10-01,144,Inflation_L2,0.143402880479469,0.200431237660232,1
1996-10-01,144,Inflation_L3,-0.212780141769258,0.203980060015215,1
1996-10-01,144,Inflation_L4,0.0114932865390113,0.193505128069054,1
1996-10-01,144,Unemployment_L1,-3.59159988091785,1.39938569184561,1
1996-10-01,144,Unemployment_L2,4.90852487900559,2.19986913722464,1
1996-10-01,144,Unemployment_L3,0.188707162523818,2.10625668812923,1
1996-10-01,144,Unemployment_L4,-1.05189417750943,1.13506865605408,1
1996-10-01,144,InterestRate_L1,0.110931270213243,0.31491630736776,1
1996-10-01,144,InterestRate_L2,-1.19492182131285,0.414856353503708,1
1996-10-01,144,InterestRate_L3,1.20317831397508,0.428789802468828,1
1996-10-01,144,InterestRate_L4,-0.451499795078324,0.333895655552619,1
1997-01-01,145,Intercept,3.90035320047151,1.28371732926925,1
1997-01-01,145,GDPGrowth_L1,-0.0565109587026405,0.0996174028368431,1
1997-01-01,145,Inflation_L1,-0.118299494597221,0.188365385953923,1
1997-01-01,145,Inflation_L2,0.145445450469856,0.199051702552879,1
1997-01-01,145,Inflation_L3,-0.214463234388244,0.202795689765248,1
1997-01-01,145,Inflation_L4,0.0114425601900314,0.192777047617073,1
1997-01-01,145,Unemployment_L1,-3.60623753306397,1.38951969573158,1
1997-01-01,145,Unemployment_L2,4.94203780351132,2.17621755142425,1
1997-01-01,145,Unemployment_L3,0.167128541394369,2.09168950724052,1
1997-01-01,145,Unemployment_L4,-1.04821015686863,1.13044122598501,1
1997-01-01,145,InterestRate_L1,0.111634799588379,0.313684874345356,1
1997-01-01,145,InterestRate_L2,-1.19500580587457,0.413295764557676,1
1997-01-01,145,InterestRate_L3,1.20281043054872,0.427167852351456,1
1997-01-01,145,InterestRate_L4,-0.451657234937391,0.332637803474858,1
1997-04-01,146,Intercept,3.98996063593011,1.27580521276788,1
1997-04-01,146,GDPGrowth_L1,-0.0609638264445717,0.0992651260677327,1
1997-04-01,146,Inflation_L1,-0.125799771729013,0.187770199089739,1
1997-04-01,146,Inflation_L2,0.154046388337901,0.198371595660099,1
1997-04-01,146,Inflation_L3,-0.230263098133154,0.20132339020491,1
1997-04-01,146,Inflation_L4,0.0247427744498728,0.191608720131489,1
1997-04-01,146,Unemployment_L1,-3.69570810992308,1.3818789726327,1
1997-04-01,146,Unemployment_L2,5.11531810915356,2.15987966022651,1
1997-04-01,146,Unemployment_L3,0.00169037454195699,2.07614789164918,1
1997-04-01,146,Unemployment_L4,-0.975187480455895,1.12419751885484,1
1997-04-01,146,InterestRate_L1,0.113139034025491,0.313140587722056,1
1997-04-01,146,InterestRate_L2,-1.19810282125795,0.412566153565846,1
1997-04-01,146,InterestRate_L3,1.20037602188441,0.426422966438884,1
1997-04-01,146,InterestRate_L4,-0.4476440305095,0.332023482900606,1
1997-07-01,147,Intercept,4.00555710184055,1.26651041072323,1
1997-07-01,147,GDPGrowth_L1,-0.0602948221395931,0.0987906198927205,1
1997-07-01,147,Inflation_L1,-0.129403768086699,0.185408185012258,1
1997-07-01,147,Inflation_L2,0.154926334488318,0.197546144742302,1
1997-07-01,147,Inflation_L3,-0.228275213551312,0.200108693057382,1
1997-07-01,147,Inflation_L4,0.0243397938773136,0.190881653976976,1
1997-07-01,147,Unemployment_L1,-3.69879278531773,1.37661679969121,1
1997-07-01,147,Unemployment_L2,5.10616556784191,2.1509814168195,1
1997-07-01,147,Unemployment_L3,0.0249201454644055,2.06223616688878,1
1997-07-01,147,Unemployment_L4,-0.988760031466213,1.11610716339156,1
1997-07-01,147,InterestRate_L1,0.113515898281979,0.311974747763508,1
1997-07-01,147,InterestRate_L2,-1.19650798724703,0.410896351556367,1
1997-07-01,147,InterestRate_L3,1.20007293531954,0.42484503388241,1
1997-07-01,147,InterestRate_L4,-0.448417684596429,0.33075557971997,1
1997-10-01,148,Intercept,4.00207124888844,1.25667424172079,1
1997-10-01,148,GDPGrowth_L1,-0.0603568274881037,0.0984009830823935,1
1997-10-01,148,Inflation_L1,-0.129182164236146,0.184574990826382,1
1997-10-01,148,Inflation_L2,0.155469392682037,0.196013849184488,1
1997-10-01,148,Inflation_L3,-0.228430672878433,0.199297168874593,1
1997-10-01,148,Inflation_L4,0.0238915058973939,0.189608755687444,1
1997-10-01,148,Unemployment_L1,-3.69903820740362,1.37145214783245,1
1997-10-01,148,Unemployment_L2,5.10885265123069,2.14116429522738,1
1997-10-01,148,Unemployment_L3,0.0230435091549473,2.05362687930838,1
1997-10-01,148,Unemployment_L4,-0.988806204275004,1.1119376916376,1
1997-10-01,148,InterestRate_L1,0.113714484132252,0.310742433705272,1
1997-10-01,148,InterestRate_L2,-1.19683538313,0.409223155605187,1
1997-10-01,148,InterestRate_L3,1.19989360116636,0.423218107511661,1
1997-10-01,148,InterestRate_L4,-0.448232329148769,0.329465094324297,1
1998-01-01,149,Intercept,3.97782191476452,1.24373994427754,1
1998-01-01,149,GDPGrowth_L1,-0.0595207058292691,0.0979188276636365,1
1998-01-01,149,Inflation_L1,-0.128598700906612,0.183876204505643,1
1998-01-01,149,Inflation_L2,0.154878416656522,0.195274922742501,1
1998-01-01,149,Inflation_L3,-0.224750721342851,0.197358644798507,1
1998-01-01,149,Inflation_L4,0.0214376271763916,0.188355683883862,1
1998-01-01,149,Unemployment_L1,-3.67905383179793,1.36128430827693,1
1998-01-01,149,Unemployment_L2,5.08261305895495,2.12767903684821,1
1998-01-01,149,Unemployment_L3,0.040518272215281,2.0435567109756,1
1998-01-01,149,Unemployment_L4,-0.996681800768388,1.10692821960235,1
1998-01-01,149,InterestRate_L1,0.114236244394978,0.309605879511202,1
1998-01-01,149,InterestRate_L2,-1.19607048668326,0.40772146510676,1
1998-01-01,149,InterestRate_L3,1.19771271700446,0.421490371243199,1
1998-01-01,149,InterestRate_L4,-0.448506863758952,0.328272589273513,1
1998-04-01,150,Intercept,3.98070674861784,1.23272755676061,1
1998-04-01,150,GDPGrowth_L1,-0.0595090695924583,0.0975570293344894,1
1998-04-01,150,Inflation_L1,-0.128977589473131,0.182449034381946,1
1998-04-01,150,Inflation_L2,0.155062241844978,0.194390025158039,1
1998-04-01,150,Inflation_L3,-0.224617891551358,0.196546347283735,1
1998-04-01,150,Inflation_L4,0.0212191305455428,0.187419053592695,1
1998-04-01,150,Unemployment_L1,-3.67837834283008,1.35595147519538,1
1998-04-01,150,Unemployment_L2,5.07928022518334,2.11483378011927,1
1998-04-01,150,Unemployment_L3,0.0439338038632795,2.03055169008069,1
1998-04-01,150,Unemployment_L4,-0.997877477735766,1.1016139440032,1
1998-04-01,150,InterestRate_L1,0.114307567353801,0.308450358539771,1
1998-04-01,150,InterestRate_L2,-1.19603998741563,0.406218317040652,1
1998-04-01,150,InterestRate_L3,1.19755188244296,0.41987986243827,1
1998-04-01,150,InterestRate_L4,-0.448229874982117,0.32683989329474,1
1998-07-01,151,Intercept,4.02922553349662,1.21828130440784,1
1998-07-01,151,GDPGrowth_L1,-0.0608553219839573,0.097132931610197,1
1998-07-01,151,Inflation_L1,-0.12989566302221,0.18181866028474,1
1998-07-01,151,Inflation_L2,0.151370745769501,0.193366055721402,1
1998-07-01,151,Inflation_L3,-0.223773525949358,0.195874552705799,1
1998-07-01,151,Inflation_L4,0.0225843251801846,0.186743428510694,1
1998-07-01,151,Unemployment_L1,-3.71771289564686,1.34527624785876,1
1998-07-01,151,Unemployment_L2,5.13289587571918,2.1004632109349,1
1998-07-01,151,Unemployment_L3,0.00636957839560655,2.02005762098242,1
1998-07-01,151,Unemployment_L4,-0.981797867788814,1.09669029649217,1
1998-07-01,151,InterestRate_L1,0.110403362855028,0.30715985031402,1
1998-07-01,151,InterestRate_L2,-1.19015747928496,0.404410090401257,1
1998-07-01,151,InterestRate_L3,1.19476266411345,0.418386497168937,1
1998-07-01,151,InterestRate_L4,-0.444951010850559,0.325577657688045,1
1998-10-01,152,Intercept,4.1342886890008,1.21690900103203,1
1998-10-01,152,GDPGrowth_L1,-0.0520471042742082,0.0969964442908087,1
1998-10-01,152,Inflation_L1,-0.133991567384031,0.182059989166322,1
1998-10-01,152,Inflation_L2,0.145429003710008,0.193592843787971,1
1998-10-01,152,Inflation_L3,-0.234819849992403,0.195949292031332,1
1998-10-01,152,Inflation_L4,0.0278594110077906,0.186972110670317,1
1998-10-01,152,Unemployment_L1,-3.5472097180614,1.33964032029762,1
1998-10-01,152,Unemployment_L2,4.81305952333026,2.08633654399447,1
1998-10-01,152,Unemployment_L3,0.193194697739661,2.01698252993046,1
1998-10-01,152,Unemployment_L4,-1.03767384815455,1.09733565535947,1
1998-10-01,152,InterestRate_L1,0.125485938748032,0.307360682780439,1
1998-10-01,152,InterestRate_L2,-1.21237373086153,0.404587667443253,1
1998-10-01,152,InterestRate_L3,1.22193702489684,0.418392353178571,1
1998-10-01,152,InterestRate_L4,-0.454414860465177,0.325970940541867,1
1999-01-01,153,Intercept,4.13199751551114,1.20892025338159,1
1999-01-01,153,GDPGrowth_L1,-0.0522002212330526,0.0964451494655702,1
1999-01-01,153,Inflation_L1,-0.1341531576268,0.181284552607305,1
1999-01-01,153,Inflation_L2,0.145445819684395,0.192894407548391,1
1999-01-01,153,Inflation_L3,-0.234653196586248,0.195125243434248,1
1999-01-01,153,Inflation_L4,0.028052023387434,0.186133039657597,1
1999-01-01,153,Unemployment_L1,-3.54557115197946,1.33314169688046,1
1999-01-01,153,Unemployment_L2,4.80822448227027,2.06944858399676,1
1999-01-01,153,Unemployment_L3,0.199055469292706,1.99545301494309,1
1999-01-01,153,Unemployment_L4,-1.03984464692487,1.08979321256915,1
1999-01-01,153,InterestRate_L1,0.125970571339775,0.305615231928216,1
1999-01-01,153,InterestRate_L2,-1.21303331582105,0.402232002103337,1
1999-01-01,153,InterestRate_L3,1.22225678529622,0.416681494318969,1
1999-01-01,153,InterestRate_L4,-0.454800008290108,0.324416899069635,1
1999-04-01,154,Intercept,4.03455785902496,1.19299697694617,1
1999-04-01,154,GDPGrowth_L1,-0.0501243204304225,0.0961322812133019,1
1999-04-01,154,Inflation_L1,-0.130529676314921,0.18071539415446,1
1999-04-01,154,Inflation_L2,0.142273575602744,0.19232955012077,1
1999-04-01,154,Inflation_L3,-0.23567073005132,0.194631529403749,1
1999-04-01,154,Inflation_L4,0.0327466341785192,0.185476539525936,1
1999-04-01,154,Unemployment_L1,-3.50134575058341,1.3274253827746,1
1999-04-01,154,Unemployment_L2,4.82922178687924,2.06395586950812,1
1999-04-01,154,Unemployment_L3,0.0838902053509324,1.97958874948498,1
1999-04-01,154,Unemployment_L4,-0.974674597261615,1.08068945672036,1
1999-04-01,154,InterestRate_L1,0.131530387733882,0.304690025266645,1
1999-04-01,154,InterestRate_L2,-1.21051614173237,0.401206381089684,1
1999-04-01,154,InterestRate_L3,1.21322078623923,0.4153250188533,1
1999-04-01,154,InterestRate_L4,-0.458442631875769,0.323543558127323,1
1999-07-01,155,Intercept,4.1347864405615,1.181119516209,1
1999-07-01,155,GDPGrowth_L1,-0.0525524743457135,0.0958731934179822,1
1999-07-01,155,Inflation_L1,-0.123443185571743,0.180045044532647,1
1999-07-01,155,Inflation_L2,0.135996795691767,0.191718620284255,1
1999-07-01,155,Inflation_L3,-0.234544014927321,0.194239496983256,1
1999-07-01,155,Inflation_L4,0.0295203896979384,0.185046747167003,1
1999-07-01,155,Unemployment_L1,-3.52219029959734,1.32443312503842,1
1999-07-01,155,Unemployment_L2,4.81116705769429,2.05969863227973,1
1999-07-01,155,Unemployment_L3,0.0896989480785441,1.97565691206326,1
1999-07-01,155,Unemployment_L4,-0.957067161452532,1.07823041729325,1
1999-07-01,155,InterestRate_L1,0.120281465767068,0.303619825429135,1
1999-07-01,155,InterestRate_L2,-1.20737889797229,0.40038577582707,1
1999-07-01,155,InterestRate_L3,1.20272695720282,0.414205478037664,1
1999-07-01,155,InterestRate_L4,-0.436863298869059,0.321279394377338,1
1999-10-01,156,Intercept,4.22665405672983,1.17651434703504,1
1999-10-01,156,GDPGrowth_L1,-0.0492568524834933,0.0957664078512699,1
1999-10-01,156,Inflation_L1,-0.122750001542204,0.179964489149165,1
1999-10-01,156,Inflation_L2,0.144492631365708,0.191419393265592,1
1999-10-01,156,Inflation_L3,-0.248817577877986,0.19355445854499,1
1999-10-01,156,Inflation_L4,0.0291470801176424,0.18496509001314,1
1999-10-01,156,Unemployment_L1,-3.51652507107886,1.32383792305461,1
1999-10-01,156,Unemployment_L2,4.83154328794774,2.05867942508302,1
1999-10-01,156,Unemployment_L3,0.0256088706626002,1.97360230376342,1
1999-10-01,156,Unemployment_L4,-0.934238333904445,1.07748112740487,1
1999-10-01,156,InterestRate_L1,0.128272202999392,0.303366456365885,1
1999-10-01,156,InterestRate_L2,-1.22117052158915,0.39993869944509,1
1999-10-01,156,InterestRate_L3,1.20580162462464,0.414010629515212,1
1999-10-01,156,InterestRate_L4,-0.429607878031713,0.321044805933028,1
2000-01-01,157,Intercept,4.15044878953033,1.17071321840914,1
2000-01-01,157,GDPGrowth_L1,-0.0532016386085193,0.0954950312206378,1
2000-01-01,157,Inflation_L1,-0.12241989034006,0.179709834151903,1
2000-01-01,157,Inflation_L2,0.143362058505113,0.191143478070939,1
2000-01-01,157,Inflation_L3,-0.255321137827143,0.193098085783868,1
2000-01-01,157,Inflation_L4,0.0403470906515257,0.184135236357479,1
2000-01-01,157,Unemployment_L1,-3.49519684044668,1.32168067873878,1
2000-01-01,157,Unemployment_L2,4.80795629259842,2.05554587449802,1
2000-01-01,157,Unemployment_L3,0.0141450046277135,1.97075940997504,1
2000-01-01,157,Unemployment_L4,-0.90588582867229,1.07533472070701,1
2000-01-01,157,InterestRate_L1,0.133277001708943,0.302868906510414,1
2000-01-01,157,InterestRate_L2,-1.23444017476487,0.399005135556554,1
2000-01-01,157,InterestRate_L3,1.21543082893865,0.413238419497063,1
2000-01-01,157,InterestRate_L4,-0.435418736404692,0.3205033584729,1
2000-04-01,158,Intercept,4.3591151134895,1.16373132432322,1
2000-04-01,158,GDPGrowth_L1,-0.0627614488461147,0.0955016034686953,1
2000-04-01,158,Inflation_L1,-0.120099256731362,0.180211324721822,1
2000-04-01,158,Inflation_L2,0.138476341690169,0.191651220921703,1
2000-04-01,158,Inflation_L3,-0.25680914553737,0.193642655222357,1
2000-04-01,158,Inflation_L4,0.0408719918850391,0.184657132015121,1
2000-04-01,158,Unemployment_L1,-3.55609037937135,1.32465571023422,1
2000-04-01,158,Unemployment_L2,4.77331775082867,2.06121553924117,1
2000-04-01,158,Unemployment_L3,0.154276495755078,1.97359960314318,1
2000-04-01,158,Unemployment_L4,-0.975604652733242,1.07713759284195,1
2000-04-01,158,InterestRate_L1,0.133238978509746,0.303728007209145,1
2000-04-01,158,InterestRate_L2,-1.24222036545098,0.400095090696969,1
2000-04-01,158,InterestRate_L3,1.22465028944956,0.41435385811724,1
2000-04-01,158,InterestRate_L4,-0.434544847668071,0.321411824294682,1
2000-07-01,159,Intercept,4.28310072942882,1.16114795766992,1
2000-07-01,159,GDPGrowth_L1,-0.0722192753918501,0.0950200293350169,1
2000-07-01,159,Inflation_L1,-0.109103203258147,0.179861091556074,1
2000-07-01,159,Inflation_L2,0.128399610565781,0.191372167645465,1
2000-07-01,159,Inflation_L3,-0.248337737934947,0.193444413880208,1
2000-07-01,159,Inflation_L4,0.0353298025283382,0.184563112663391,1
2000-07-01,159,Unemployment_L1,-3.57606925188191,1.32443412549505,1
2000-07-01,159,Unemployment_L2,4.76201216378483,2.06107728398612,1
2000-07-01,159,Unemployment_L3,0.227329455279504,1.97212430502109,1
2000-07-01,159,Unemployment_L4,-0.998819181544833,1.07682780048641,1
2000-07-01,159,InterestRate_L1,0.119126740424699,0.30337925596731,1
2000-07-01,159,InterestRate_L2,-1.2340276299881,0.399989199076902,1
2000-07-01,159,InterestRate_L3,1.21997578170032,0.41430562381732,1
2000-07-01,159,InterestRate_L4,-0.429627656674136,0.321356986620317,1
2000-10-01,160,Intercept,4.28496058358769,1.14735742653152,1
2000-10-01,160,GDPGrowth_L1,-0.0723098873564913,0.0944104065771301,1
2000-10-01,160,Inflation_L1,-0.10914904875579,0.179205850429291,1
2000-10-01,160,Inflation_L2,0.128311931741956,0.190584017757279,1
2000-10-01,160,Inflation_L3,-0.248197230524232,0.192446026457185,1
2000-10-01,160,Inflation_L4,0.0352472001570859,0.183808819517946,1
2000-10-01,160,Unemployment_L1,-3.5763167586384,1.31973964686347,1
2000-10-01,160,Unemployment_L2,4.76141858980595,2.05344725537813,1
2000-10-01,160,Unemployment_L3,0.228662121814725,1.96240533264228,1
2000-10-01,160,Unemployment_L4,-0.999527481891081,1.07160580123529,1
2000-10-01,160,InterestRate_L1,0.119127772734791,0.302338647678934,1
2000-10-01,160,InterestRate_L2,-1.23386087380115,0.398389248930534,1
2000-10-01,160,InterestRate_L3,1.21979654924617,0.412630273445814,1
2000-10-01,160,InterestRate_L4,-0.429570322024146,0.320221188816388,1
2001-01-01,161,Intercept,4.00882362008019,1.14259094675953,1
2001-01-01,161,GDPGrowth_L1,-0.063872757009579,0.094861637405123,1
2001-01-01,161,Inflation_L1,-0.0872858752223542,0.179842063819688,1
2001-01-01,161,Inflation_L2,0.116662135620939,0.191639111616,1
2001-01-01,161,Inflation_L3,-0.225772314500558,0.193174053114446,1
2001-01-01,161,Inflation_L4,0.00749706784090621,0.184201963001333,1
2001-01-01,161,Unemployment_L1,-3.33711033089074,1.3201894489489,1
2001-01-01,161,Unemployment_L2,4.43053370379321,2.05667578258842,1
2001-01-01,161,Unemployment_L3,0.381453655557789,1.97245703461424,1
2001-01-01,161,Unemployment_L4,-1.01803949748034,1.07819382318638,1
2001-01-01,161,InterestRate_L1,0.123272312506595,0.304203308926571,1
2001-01-01,161,InterestRate_L2,-1.24638027562473,0.400789635168518,1
2001-01-01,161,InterestRate_L3,1.20843417072871,0.415133293960434,1
2001-01-01,161,InterestRate_L4,-0.418710750405915,0.322141335819341,1
2001-04-01,162,Intercept,4.04493736308119,1.12733340241004,1
2001-04-01,162,GDPGrowth_L1,-0.0655515556686512,0.0942560785184807,1
2001-04-01,162,Inflation_L1,-0.0860288942794319,0.179174839878484,1
2001-04-01,162,Inflation_L2,0.113977580801166,0.190642628857863,1
2001-04-01,162,Inflation_L3,-0.222950075187607,0.192135952940669,1
2001-04-01,162,Inflation_L4,0.00549895205993011,0.183390488382054,1
2001-04-01,162,Unemployment_L1,-3.33088178497309,1.3156460168726,1
2001-04-01,162,Unemployment_L2,4.38750194859649,2.04095037927944,1
2001-04-01,162,Unemployment_L3,0.429587660453475,1.95421801402572,1
2001-04-01,162,Unemployment_L4,-1.03414395582138,1.07229440841149,1
2001-04-01,162,InterestRate_L1,0.117958539563222,0.302286259259258,1
2001-04-01,162,InterestRate_L2,-1.24261505708054,0.399143134612663,1
2001-04-01,162,InterestRate_L3,1.2072041323803,0.413761112340997,1
2001-04-01,162,InterestRate_L4,-0.415204074852016,0.320719493534,1
2001-07-01,163,Intercept,3.78184569071725,1.12575431042235,1
2001-07-01,163,GDPGrowth_L1,-0.0631171816629015,0.0949317546913739,1
2001-07-01,163,Inflation_L1,-0.0901748329942018,0.180462998281309,1
2001-07-01,163,Inflation_L2,0.101535852426763,0.191900605064493,1
2001-07-01,163,Inflation_L3,-0.196037002315559,0.192934814431471,1
2001-07-01,163,Inflation_L4,-0.0135881643315285,0.184409199742536,1
2001-07-01,163,Unemployment_L1,-3.13390069031924,1.32053082147538,1
2001-07-01,163,Unemployment_L2,4.03466766319415,2.04610021880076,1
2001-07-01,163,Unemployment_L3,0.815534305158987,1.95630783630608,1
2001-07-01,163,Unemployment_L4,-1.21721716455867,1.07512613114256,1
2001-07-01,163,InterestRate_L1,0.171932118939366,0.302952945859502,1
2001-07-01,163,InterestRate_L2,-1.25840310518907,0.401947572437649,1
2001-07-01,163,InterestRate_L3,1.20298913285105,0.416764129515577,1
2001-07-01,163,InterestRate_L4,-0.452053581492155,0.322380338563789,1
2001-10-01,164,Intercept,3.62422692202295,1.1083338796582,1
2001-10-01,164,GDPGrowth_L1,-0.055053944872498,0.0943302002322209,1
2001-10-01,164,Inflation_L1,-0.0784710987017024,0.179717592239655,1
2001-10-01,164,Inflation_L2,0.094004015601888,0.191482309705523,1
2001-10-01,164,Inflation_L3,-0.207322183446411,0.192248766403807,1
2001-10-01,164,Inflation_L4,-0.00663773715347844,0.184023398815974,1
2001-10-01,164,Unemployment_L1,-3.15287702629355,1.31893965570236,1
2001-10-01,164,Unemployment_L2,4.20748310338234,2.03325588921915,1
2001-10-01,164,Unemployment_L3,0.597486960220378,1.93641567484659,1
2001-10-01,164,Unemployment_L4,-1.13519493006868,1.06941317675924,1
2001-10-01,164,InterestRate_L1,0.184004491865319,0.302282065645872,1
2001-10-01,164,InterestRate_L2,-1.2549208776905,0.401501837938104,1
2001-10-01,164,InterestRate_L3,1.21687701730132,0.415986698125612,1
2001-10-01,164,InterestRate_L4,-0.480011487788806,0.320264930244498,1
2002-01-01,165,Intercept,3.65188965556761,1.10063561316506,1
2002-01-01,165,GDPGrowth_L1,-0.0541412518808779,0.0939872482763334,1
2002-01-01,165,Inflation_L1,-0.08273176442567,0.178537848624491,1
2002-01-01,165,Inflation_L2,0.0917214051828211,0.190728172332509,1
2002-01-01,165,Inflation_L3,-0.204871144101376,0.191467067586991,1
2002-01-01,165,Inflation_L4,-0.00285420662925195,0.182975867532349,1
2002-01-01,165,Unemployment_L1,-3.10541774287927,1.30421632033465,1
2002-01-01,165,Unemployment_L2,4.15609806607457,2.01893276064663,1
2002-01-01,165,Unemployment_L3,0.579213423956682,1.92943069580069,1
2002-01-01,165,Unemployment_L4,-1.11447152294761,1.06364138482426,1
2002-01-01,165,InterestRate_L1,0.181823571828913,0.301261496278727,1
2002-01-01,165,InterestRate_L2,-1.25138477856008,0.400082343141414,1
2002-01-01,165,InterestRate_L3,1.20793210029186,0.413515522147826,1
2002-01-01,165,InterestRate_L4,-0.47479816744375,0.31875774356034,1
2002-04-01,166,Intercept,3.56607769404605,1.09981658738719,1
2002-04-01,166,GDPGrowth_L1,-0.0543045577132268,0.0941182558068979,1
2002-04-01,166,Inflation_L1,-0.100793840891365,0.178143407759936,1
2002-04-01,166,Inflation_L2,0.113939851356645,0.190082203924771,1
2002-04-01,166,Inflation_L3,-0.188382159870965,0.191234331537294,1
2002-04-01,166,Inflation_L4,-0.0137659574506084,0.183002221748445,1
2002-04-01,166,Unemployment_L1,-3.0916282358298,1.30598438146071,1
2002-04-01,166,Unemployment_L2,3.89344829891264,2.00970193195437,1
2002-04-01,166,Unemployment_L3,0.85379995058005,1.91833618757887,1
2002-04-01,166,Unemployment_L4,-1.14454721261262,1.06482612148579,1
2002-04-01,166,InterestRate_L1,0.172964026064099,0.301590139097728,1
2002-04-01,166,InterestRate_L2,-1.23323021045104,0.400350745874731,1
2002-04-01,166,InterestRate_L3,1.1829270931216,0.41356049519188,1
2002-04-01,166,InterestRate_L4,-0.451582671793522,0.318607477713649,1
2002-07-01,167,Intercept,3.4596496889633,1.10036495609625,1
2002-07-01,167,GDPGrowth_L1,-0.04519300856719,0.0941649877256502,1
2002-07-01,167,Inflation_L1,-0.126088361555958,0.177724731011412,1
2002-07-01,167,Inflation_L2,0.104284842467377,0.190516449613433,1
2002-07-01,167,Inflation_L3,-0.163315356227243,0.190935377493882,1
2002-07-01,167,Inflation_L4,0.00886548645538321,0.18280733845017,1
2002-07-01,167,Unemployment_L1,-3.10802704329281,1.30979970846436,1
2002-07-01,167,Unemployment_L2,3.90503981741047,2.01563882574658,1
2002-07-01,167,Unemployment_L3,0.625890293908257,1.91688998187413,1
2002-07-01,167,Unemployment_L4,-0.920623421450165,1.05553184171235,1
2002-07-01,167,InterestRate_L1,0.163694253000989,0.302408812984868,1
2002-07-01,167,InterestRate_L2,-1.21544622995225,0.401329241415194,1
2002-07-01,167,InterestRate_L3,1.19059461856545,0.414748451565009,1
2002-07-01,167,InterestRate_L4,-0.46027627168238,0.319489112787265,1
2002-10-01,168,Intercept,3.31664772692651,1.10606249181927,1
2002-10-01,168,GDPGrowth_L1,-0.0248030090225172,0.0942295092511495,1
2002-10-01,168,Inflation_L1,-0.129458704213902,0.179083411852156,1
2002-10-01,168,Inflation_L2,0.0657854589126399,0.190819962450395,1
2002-10-01,168,Inflation_L3,-0.157204048613217,0.192376128658873,1
2002-10-01,168,Inflation_L4,0.0518930591249072,0.182698875468916,1
2002-10-01,168,Unemployment_L1,-2.94016127006777,1.31667246288879,1
2002-10-01,168,Unemployment_L2,3.61202178364598,2.02479688100586,1
2002-10-01,168,Unemployment_L3,0.582866293468701,1.93150315289184,1
2002-10-01,168,Unemployment_L4,-0.769437512487873,1.06042513744695,1
2002-10-01,168,InterestRate_L1,0.165150427284085,0.304735852110737,1
2002-10-01,168,InterestRate_L2,-1.2304543916933,0.404335195120515,1
2002-10-01,168,InterestRate_L3,1.24248880066056,0.416972415283432,1
2002-10-01,168,InterestRate_L4,-0.481311287681379,0.321742189188092,1
2003-01-01,169,Intercept,3.27128305536639,1.10379972240067,1
2003-01-01,169,GDPGrowth_L1,-0.0191543843777372,0.0939124674601156,1
2003-01-01,169,Inflation_L1,-0.13075499745563,0.178918191575659,1
2003-01-01,169,Inflation_L2,0.0714144987624226,0.190536397320959,1
2003-01-01,169,Inflation_L3,-0.176372507817325,0.190885568171397,1
2003-01-01,169,Inflation_L4,0.0646665332349669,0.181920773676004,1
2003-01-01,169,Unemployment_L1,-3.00224062731671,1.31348773561268,1
2003-01-01,169,Unemployment_L2,3.75408729592355,2.01612491870679,1
2003-01-01,169,Unemployment_L3,0.420653968069522,1.92038509055855,1
2003-01-01,169,Unemployment_L4,-0.699134158477618,1.05626996953236,1
2003-01-01,169,InterestRate_L1,0.171289016590033,0.30438052379513,1
2003-01-01,169,InterestRate_L2,-1.23842698926706,0.403868464166893,1
2003-01-01,169,InterestRate_L3,1.25455548716599,0.416362190475189,1
2003-01-01,169,InterestRate_L4,-0.477450343989416,0.321425052015272,1
2003-04-01,170,Intercept,3.24933917619839,1.10072145995527,1
2003-04-01,170,GDPGrowth_L1,-0.0160968850227602,0.0935536860015923,1
2003-04-01,170,Inflation_L1,-0.141872164216044,0.17745484493219,1
2003-04-01,170,Inflation_L2,0.0776365549617788,0.189806573915187,1
2003-04-01,170,Inflation_L3,-0.171391376377663,0.190268614527951,1
2003-04-01,170,Inflation_L4,0.0586883886583504,0.181220142869788,1
2003-04-01,170,Unemployment_L1,-2.98415324094199,1.31024351228555,1
2003-04-01,170,Unemployment_L2,3.66312356651089,2.00536585908769,1
2003-04-01,170,Unemployment_L3,0.545698622719095,1.90354293215074,1
2003-04-01,170,Unemployment_L4,-0.758748009480707,1.04874314119674,1
2003-04-01,170,InterestRate_L1,0.176714201964783,0.303568279059755,1
2003-04-01,170,InterestRate_L2,-1.23394681092284,0.402912623077612,1
2003-04-01,170,InterestRate_L3,1.25142310987275,0.415419681092407,1
2003-04-01,170,InterestRate_L4,-0.473153946489379,0.320636615799524,1
2003-07-01,171,Intercept,3.26590859890594,1.09768695993511,1
2003-07-01,171,GDPGrowth_L1,-0.0145143979960996,0.0932853956395876,1
2003-07-01,171,Inflation_L1,-0.163721347018988,0.171956214720772,1
2003-07-01,171,Inflation_L2,0.0964318673839536,0.185864075861328,1
2003-07-01,171,Inflation_L3,-0.172540763574813,0.189811474289326,1
2003-07-01,171,Inflation_L4,0.0631800668516964,0.180589555893478,1
2003-07-01,171,Unemployment_L1,-2.8979562024908,1.29657816517027,1
2003-07-01,171,Unemployment_L2,3.52380583341174,1.98257234608723,1
2003-07-01,171,Unemployment_L3,0.647980546213948,1.8888333501196,1
2003-07-01,171,Unemployment_L4,-0.800963222362083,1.04312443756023,1
2003-07-01,171,InterestRate_L1,0.192155893058835,0.301392808382921,1
2003-07-01,171,InterestRate_L2,-1.2460035542736,0.401299332509089,1
2003-07-01,171,InterestRate_L3,1.24676209944605,0.414352401809527,1
2003-07-01,171,InterestRate_L4,-0.480451410128425,0.319578513497694,1
2003-10-01,172,Intercept,3.26418315985273,1.09306785350533,1
2003-10-01,172,GDPGrowth_L1,-0.0141746197214685,0.0924668473905579,1
2003-10-01,172,Inflation_L1,-0.162851619287257,0.169547156724279,1
2003-10-01,172,Inflation_L2,0.0947048508600282,0.178382182088857,1
2003-10-01,172,Inflation_L3,-0.171287327558124,0.185688244154947,1
2003-10-01,172,Inflation_L4,0.0629078074794117,0.179844712529418,1
2003-10-01,172,Unemployment_L1,-2.89396924332406,1.28729447628338,1
2003-10-01,172,Unemployment_L2,3.52481399707548,1.97607972159723,1
2003-10-01,172,Unemployment_L3,0.640483066382711,1.87026504827925,1
2003-10-01,172,Unemployment_L4,-0.797707973448907,1.03553052780395,1
2003-10-01,172,InterestRate_L1,0.191665466165096,0.300102027259339,1
2003-10-01,172,InterestRate_L2,-1.24493020196344,0.398816727450911,1
2003-10-01,172,InterestRate_L3,1.24634342149205,0.412862244148038,1
2003-10-01,172,InterestRate_L4,-0.48121685011153,0.317792930860378,1
2004-01-01,173,Intercept,3.09588992505117,1.09519467207558,1
2004-01-01,173,GDPGrowth_L1,-0.003227488794563,0.0928013848641323,1
2004-01-01,173,Inflation_L1,-0.13264493543227,0.169641530163017,1
2004-01-01,173,Inflation_L2,0.0451829029930362,0.177077279569899,1
2004-01-01,173,Inflation_L3,-0.0949080935630407,0.181323051306394,1
2004-01-01,173,Inflation_L4,-0.00523221732193967,0.176432295446849,1
2004-01-01,173,Unemployment_L1,-2.64548393962886,1.28678154312657,1
2004-01-01,173,Unemployment_L2,3.18429515547701,1.97787920958151,1
2004-01-01,173,Unemployment_L3,0.625426162437973,1.88152570019044,1
2004-01-01,173,Unemployment_L4,-0.693485048342838,1.03997075589926,1
2004-01-01,173,InterestRate_L1,0.178251358161147,0.301809087192772,1
2004-01-01,173,InterestRate_L2,-1.2021401203353,0.400431817533361,1
2004-01-01,173,InterestRate_L3,1.18550889616485,0.413807702405643,1
2004-01-01,173,InterestRate_L4,-0.423790993958425,0.317919688587024,1
2004-04-01,174,Intercept,3.06862321947815,1.09270157304145,1
2004-04-01,174,GDPGrowth_L1,0.0015812240994452,0.092389986280365,1
2004-04-01,174,Inflation_L1,-0.145913949053884,0.168279537178928,1
2004-04-01,174,Inflation_L2,0.0531660848212874,0.176413038603898,1
2004-04-01,174,Inflation_L3,-0.115921692411106,0.178470629975454,1
2004-04-01,174,Inflation_L4,0.017530746495189,0.173055936779214,1
2004-04-01,174,Unemployment_L1,-2.65509030588311,1.28460933303319,1
2004-04-01,174,Unemployment_L2,3.27004597301191,1.9707756924682,1
2004-04-01,174,Unemployment_L3,0.495046663563822,1.86901640228469,1
2004-04-01,174,Unemployment_L4,-0.646259498373671,1.03603749139045,1
2004-04-01,174,InterestRate_L1,0.19411649019188,0.300446447475573,1
2004-04-01,174,InterestRate_L2,-1.21191140653205,0.399530464804448,1
2004-04-01,174,InterestRate_L3,1.20058574839366,0.41256013099372,1
2004-04-01,174,InterestRate_L4,-0.436020713164602,0.316910649137731,1
2004-07-01,175,Intercept,3.04542816103093,1.08877957376036,1
2004-07-01,175,GDPGrowth_L1,0.00377192815048664,0.0920329518574447,1
2004-07-01,175,Inflation_L1,-0.146558553110513,0.167856220432517,1
2004-07-01,175,Inflation_L2,0.0488835104001377,0.175719525698665,1
2004-07-01,175,Inflation_L3,-0.109558557990389,0.177468770163229,1
2004-07-01,175,Inflation_L4,0.00991032270715557,0.171798832388375,1
2004-07-01,175,Unemployment_L1,-2.64341455762379,1.28116296789833,1
2004-07-01,175,Unemployment_L2,3.24041279974096,1.96479212461479,1
2004-07-01,175,Unemployment_L3,0.5582836324347,1.85910791231779,1
2004-07-01,175,Unemployment_L4,-0.694785533159097,1.02785844883218,1
2004-07-01,175,InterestRate_L1,0.196776493328381,0.299643531231535,1
2004-07-01,175,InterestRate_L2,-1.20566131407518,0.398299095824149,1
2004-07-01,175,InterestRate_L3,1.20201675808782,0.411524995682859,1
2004-07-01,175,InterestRate_L4,-0.437870842075509,0.316098299795845,1
2004-10-01,176,Intercept,3.02673419797537,1.08497698422316,1
2004-10-01,176,GDPGrowth_L1,0.00498253103874449,0.0917459219670795,1
2004-10-01,176,Inflation_L1,-0.145276818221252,0.167391798949362,1
2004-10-01,176,Inflation_L2,0.0468937214512161,0.175195654361264,1
2004-10-01,176,Inflation_L3,-0.114593007627181,0.17657090718927,1
2004-10-01,176,Inflation_L4,0.0121863977705755,0.171261715759105,1
2004-10-01,176,Unemployment_L1,-2.6383557495676,1.27778614073094,1
2004-10-01,176,Unemployment_L2,3.23425074581545,1.95964810671929,1
2004-10-01,176,Unemployment_L3,0.561971923028827,1.85427423010392,1
2004-10-01,176,Unemployment_L4,-0.700114545493025,1.02511367948623,1
2004-10-01,176,InterestRate_L1,0.197306314592586,0.29886520171148,1
2004-10-01,176,InterestRate_L2,-1.20460919357251,0.397259801735536,1
2004-10-01,176,InterestRate_L3,1.20739175742865,0.41024461629754,1
2004-10-01,176,InterestRate_L4,-0.43863957830891,0.315274525690053,1
2005-01-01,177,Intercept,3.0284649132934,1.08159990332816,1
2005-01-01,177,GDPGrowth_L1,0.00517665437302646,0.091454373556532,1
2005-01-01,177,Inflation_L1,-0.144368756334425,0.166718884622391,1
2005-01-01,177,Inflation_L2,0.0455110090150142,0.174296845486003,1
2005-01-01,177,Inflation_L3,-0.113899937500412,0.17594467562313,1
2005-01-01,177,Inflation_L4,0.0130475106053436,0.170597224975694,1
2005-01-01,177,Unemployment_L1,-2.62697622315769,1.27049522192219,1
2005-01-01,177,Unemployment_L2,3.22084510177853,1.95062059760557,1
2005-01-01,177,Unemployment_L3,0.561702368335763,1.84866050473802,1
2005-01-01,177,Unemployment_L4,-0.6964914882919,1.02157885948162,1
2005-01-01,177,InterestRate_L1,0.197949028183442,0.297913983682543,1
2005-01-01,177,InterestRate_L2,-1.2057516546572,0.395946546045327,1
2005-01-01,177,InterestRate_L3,1.20733761156381,0.409002671982145,1
2005-01-01,177,InterestRate_L4,-0.440127620137235,0.314083250493436,1
2005-04-01,178,Intercept,2.98647754663742,1.08071698323291,1
2005-04-01,178,GDPGrowth_L1,0.00550279611164007,0.0914492091041016,1
2005-04-01,178,Inflation_L1,-0.125021780002134,0.165565388148243,1
2005-04-01,178,Inflation_L2,0.0275527725239751,0.173345057666895,1
2005-04-01,178,Inflation_L3,-0.104720094734748,0.175692250289894,1
2005-04-01,178,Inflation_L4,-0.0019712843309275,0.169915273071386,1
2005-04-01,178,Unemployment_L1,-2.61609533741695,1.27038432087959,1
2005-04-01,178,Unemployment_L2,3.13419443656792,1.94856547588374,1
2005-04-01,178,Unemployment_L3,0.659897433829484,1.84591489548329,1
2005-04-01,178,Unemployment_L4,-0.725822385224923,1.02109962043998,1
2005-04-01,178,InterestRate_L1,0.179994102348153,0.297348521689165,1
2005-04-01,178,InterestRate_L2,-1.1979103258304,0.395847802919897,1
2005-04-01,178,InterestRate_L3,1.21154468462509,0.408960221857562,1
2005-04-01,178,InterestRate_L4,-0.420807819271849,0.313462887369703,1
2005-07-01,179,Intercept,2.94937819038018,1.07535592629535,1
2005-07-01,179,GDPGrowth_L1,0.0088233898080366,0.0909671498350546,1
2005-07-01,179,Inflation_L1,-0.122280815242766,0.165075900990068,1
2005-07-01,179,Inflation_L2,0.0334418811780492,0.172494481135264,1
2005-07-01,179,Inflation_L3,-0.114820447746036,0.173989920517239,1
2005-07-01,179,Inflation_L4,-0.00182833577553653,0.169515727699981,1
2005-07-01,179,Unemployment_L1,-2.59280016872858,1.26645360279185,1
2005-07-01,179,Unemployment_L2,3.12025920590588,1.94376608387814,1
2005-07-01,179,Unemployment_L3,0.623870652882104,1.84002085282036,1
2005-07-01,179,Unemployment_L4,-0.70064544860697,1.01732573549239,1
2005-07-01,179,InterestRate_L1,0.180356941214542,0.296648810857972,1
2005-07-01,179,InterestRate_L2,-1.20505952808496,0.394631828039482,1
2005-07-01,179,InterestRate_L3,1.21494040094153,0.407936828476065,1
2005-07-01,179,InterestRate_L4,-0.412173288431176,0.312199606402369,1
2005-10-01,180,Intercept,2.92400311845886,1.07231362018207,1
2005-10-01,180,GDPGrowth_L1,0.0104898269588251,0.0907396971246137,1
2005-10-01,180,Inflation_L1,-0.133793211234953,0.163548832187092,1
2005-10-01,180,Inflation_L2,0.041442648638578,0.171597203601288,1
2005-10-01,180,Inflation_L3,-0.105941804129703,0.172967491892443,1
2005-10-01,180,Inflation_L4,-0.0111666856670526,0.168410712299757,1
2005-10-01,180,Unemployment_L1,-2.5861545448326,1.26386648648233,1
2005-10-01,180,Unemployment_L2,3.09516580776438,1.93939371611499,1
2005-10-01,180,Unemployment_L3,0.662865400058092,1.83510969248327,1
2005-10-01,180,Unemployment_L4,-0.722912968828977,1.01456510164455,1
2005-10-01,180,InterestRate_L1,0.17943444756055,0.296050685675207,1
2005-10-01,180,InterestRate_L2,-1.19519100187808,0.393475172374909,1
2005-10-01,180,InterestRate_L3,1.20030302551749,0.406339496802359,1
2005-10-01,180,InterestRate_L4,-0.400430295748348,0.310918004155321,1
2006-01-01,181,Intercept,2.9536186939071,1.06917204897728,1
2006-01-01,181,GDPGrowth_L1,0.00846406820824188,0.0905064272857461,1
2006-01-01,181,Inflation_L1,-0.139555528074634,0.162963351536157,1
2006-01-01,181,Inflation_L2,0.0580614651849546,0.169074593355003,1
2006-01-01,181,Inflation_L3,-0.112572737583638,0.172294623194992,1
2006-01-01,181,Inflation_L4,-0.0142804165211632,0.168013558817513,1
2006-01-01,181,Unemployment_L1,-2.58038350804656,1.26143647313608,1
2006-01-01,181,Unemployment_L2,3.09006704698904,1.93570155014732,1
2006-01-01,181,Unemployment_L3,0.667898854635986,1.83161453755613,1
2006-01-01,181,Unemployment_L4,-0.727491081187136,1.01261508769008,1
2006-01-01,181,InterestRate_L1,0.188967991840858,0.295073074668497,1
2006-01-01,181,InterestRate_L2,-1.20474244557796,0.392415111238343,1
2006-01-01,181,InterestRate_L3,1.19497149571344,0.405474817640875,1
2006-01-01,181,InterestRate_L4,-0.399075205040413,0.310320990026959,1
2006-04-01,182,Intercept,2.89387961787955,1.06756091715282,1
2006-04-01,182,GDPGrowth_L1,0.00601011207302726,0.0904768520482184,1
2006-04-01,182,Inflation_L1,-0.121424182356879,0.161969736187992,1
2006-04-01,182,Inflation_L2,0.059523218129197,0.169074510429164,1
2006-04-01,182,Inflation_L3,-0.141392877031917,0.169902869334753,1
2006-04-01,182,Inflation_L4,-0.00888719822868129,0.167934141095718,1
2006-04-01,182,Unemployment_L1,-2.5420836865114,1.26090787979703,1
2006-04-01,182,Unemployment_L2,3.03442645868092,1.9349818764431,1
2006-04-01,182,Unemployment_L3,0.679269895740043,1.83164639689752,1
2006-04-01,182,Unemployment_L4,-0.71619815376162,1.01258976679965,1
2006-04-01,182,InterestRate_L1,0.190536655481661,0.295079705618203,1
2006-04-01,182,InterestRate_L2,-1.22942305166895,0.391661883193011,1
2006-04-01,182,InterestRate_L3,1.21532159717698,0.404984764712784,1
2006-04-01,182,InterestRate_L4,-0.390371742487851,0.310211692664312,1
2006-07-01,183,Intercept,2.78122271188602,1.06052458925365,1
2006-07-01,183,GDPGrowth_L1,0.0130927053582231,0.0901360008435927,1
2006-07-01,183,Inflation_L1,-0.112412005570466,0.161635810313851,1
2006-07-01,183,Inflation_L2,0.0736059539721828,0.168360447926668,1
2006-07-01,183,Inflation_L3,-0.140973643072244,0.169847403734722,1
2006-07-01,183,Inflation_L4,-0.0371097821839152,0.165197186177211,1
2006-07-01,183,Unemployment_L1,-2.49901671741252,1.25967493442732,1
2006-07-01,183,Unemployment_L2,3.06381269382056,1.93410638005813,1
2006-07-01,183,Unemployment_L3,0.591220898441718,1.82867828199791,1
2006-07-01,183,Unemployment_L4,-0.691632947185482,1.01192822483545,1
2006-07-01,183,InterestRate_L1,0.187648264373644,0.294968519277734,1
2006-07-01,183,InterestRate_L2,-1.22576116205444,0.391516150560465,1
2006-07-01,183,InterestRate_L3,1.19887930710555,0.404479206393116,1
2006-07-01,183,InterestRate_L4,-0.368138343921493,0.309216085553479,1
2006-10-01,184,Intercept,2.79357197808678,1.05367468625878,1
2006-10-01,184,GDPGrowth_L1,0.0120870118815638,0.0895802053699784,1
2006-10-01,184,Inflation_L1,-0.112723171399569,0.16115301424904,1
2006-10-01,184,Inflation_L2,0.0741145142231787,0.167833590563882,1
2006-10-01,184,Inflation_L3,-0.143249371867698,0.168553478524593,1
2006-10-01,184,Inflation_L4,-0.035245390465918,0.164166003675027,1
2006-10-01,184,Unemployment_L1,-2.50468885311531,1.25536372104086,1
2006-10-01,184,Unemployment_L2,3.07423705354164,1.9270407401974,1
2006-10-01,184,Unemployment_L3,0.579196618680145,1.82131544890415,1
2006-10-01,184,Unemployment_L4,-0.685128074894802,1.00790483821903,1
2006-10-01,184,InterestRate_L1,0.189088717184311,0.293931292667697,1
2006-10-01,184,InterestRate_L2,-1.22734470499127,0.390216507153343,1
2006-10-01,184,InterestRate_L3,1.19932653921209,0.403297449665961,1
2006-10-01,184,InterestRate_L4,-0.368678135106378,0.30829782859636,1
2007-01-01,185,Intercept,2.66727123733985,1.04550517812712,1
2007-01-01,185,GDPGrowth_L1,0.0155847575468661,0.089494675260622,1
2007-01-01,185,Inflation_L1,-0.0692926537809718,0.154836254569263,1
2007-01-01,185,Inflation_L2,0.0505791318754375,0.166059488746488,1
2007-01-01,185,Inflation_L3,-0.150659197834801,0.168356262518667,1
2007-01-01,185,Inflation_L4,-0.0416830633774055,0.164008118282813,1
2007-01-01,185,Unemployment_L1,-2.40362703239082,1.25087848268322,1
2007-01-01,185,Unemployment_L2,2.99326500276077,1.92495581475657,1
2007-01-01,185,Unemployment_L3,0.523713301876057,1.82014958407482,1
2007-01-01,185,Unemployment_L4,-0.633623598794976,1.00636454185189,1
2007-01-01,185,InterestRate_L1,0.183377485928122,0.293828457176269,1
2007-01-01,185,InterestRate_L2,-1.24794201796042,0.389584141729839,1
2007-01-01,185,InterestRate_L3,1.21953516487614,0.402702497150802,1
2007-01-01,185,InterestRate_L4,-0.365860461235803,0.308237752339285,1
2007-04-01,186,Intercept,2.66341086894113,1.03929348079198,1
2007-04-01,186,GDPGrowth_L1,0.0156861999885726,0.0892091459438684,1
2007-04-01,186,Inflation_L1,-0.0701460165842224,0.15333695706793,1
2007-04-01,186,Inflation_L2,0.0529286032291189,0.158011555690684,1
2007-04-01,186,Inflation_L3,-0.151732960715748,0.166337211446687,1
2007-04-01,186,Inflation_L4,-0.0418466288078434,0.163495445099007,1
2007-04-01,186,Unemployment_L1,-2.40620126266447,1.24606635420263,1
2007-04-01,186,Unemployment_L2,2.99984521068345,1.91435539849514,1
2007-04-01,186,Unemployment_L3,0.519562531375172,1.81275628079497,1
2007-04-01,186,Unemployment_L4,-0.633109534172084,1.00338297498594,1
2007-04-01,186,InterestRate_L1,0.183812543495962,0.292831683720999,1
2007-04-01,186,InterestRate_L2,-1.24833675357802,0.388363565954684,1
2007-04-01,186,InterestRate_L3,1.21863640606915,0.40108642915943,1
2007-04-01,186,InterestRate_L4,-0.365073779689008,0.306895575885143,1
2007-07-01,187,Intercept,2.62248730855353,1.03266903812001,1
2007-07-01,187,GDPGrowth_L1,0.0176537218394404,0.0888877800009727,1
2007-07-01,187,Inflation_L1,-0.0746732614501198,0.15263083158111,1
2007-07-01,187,Inflation_L2,0.0459153719482076,0.156831411777866,1
2007-07-01,187,Inflation_L3,-0.12866896041363,0.157421444538631,1
2007-07-01,187,Inflation_L4,-0.0514211277427685,0.161650064394229,1
2007-07-01,187,Unemployment_L1,-2.36800670013792,1.24010803543313,1
2007-07-01,187,Unemployment_L2,2.90469737024644,1.89755479198882,1
2007-07-01,187,Unemployment_L3,0.622818508508014,1.79317397671688,1
2007-07-01,187,Unemployment_L4,-0.674073009854989,0.99668322243681,1
2007-07-01,187,InterestRate_L1,0.179913598791,0.292012171136184,1
2007-07-01,187,InterestRate_L2,-1.23598558361373,0.386433816508489,1
2007-07-01,187,InterestRate_L3,1.2097390766782,0.399635656705418,1
2007-07-01,187,InterestRate_L4,-0.366537490071104,0.306159938010328,1
2007-10-01,188,Intercept,2.61321320296496,1.02800961555128,1
2007-10-01,188,GDPGrowth_L1,0.0176732485666356,0.0886379525749652,1
2007-10-01,188,Inflation_L1,-0.0749280982211167,0.152193029920493,1
2007-10-01,188,Inflation_L2,0.0438366572381847,0.15580861735111,1
2007-10-01,188,Inflation_L3,-0.131598922527336,0.155824800665467,1
2007-10-01,188,Inflation_L4,-0.0444897888587617,0.154800908561693,1
2007-10-01,188,Unemployment_L1,-2.37574278099685,1.23560563850221,1
2007-10-01,188,Unemployment_L2,2.92313216506668,1.88844255702618,1
2007-10-01,188,Unemployment_L3,0.5971396374335,1.78036353247858,1
2007-10-01,188,Unemployment_L4,-0.65794729446126,0.988365137958899,1
2007-10-01,188,InterestRate_L1,0.180257680510348,0.291183189962631,1
2007-10-01,188,InterestRate_L2,-1.23786601917248,0.385155068818339,1
2007-10-01,188,InterestRate_L3,1.21377452851396,0.397652511843301,1
2007-10-01,188,InterestRate_L4,-0.370136679613844,0.304406088371467,1
2008-01-01,189,Intercept,2.50834489868418,1.02933639061391,1
2008-01-01,189,GDPGrowth_L1,0.0173508773991445,0.088956888776248,1
2008-01-01,189,Inflation_L1,-0.0986063495886613,0.151921910817523,1
2008-01-01,189,Inflation_L2,0.07095177777825,0.155319668976789,1
2008-01-01,189,Inflation_L3,-0.146176301683276,0.156083215902685,1
2008-01-01,189,Inflation_L4,-0.040281183369968,0.155332988209394,1
2008-01-01,189,Unemployment_L1,-2.34813675060814,1.23991841425914,1
2008-01-01,189,Unemployment_L2,2.83995142237517,1.89443034206511,1
2008-01-01,189,Unemployment_L3,0.737439690670547,1.78432116896125,1
2008-01-01,189,Unemployment_L4,-0.727396446679616,0.990841521364756,1
2008-01-01,189,InterestRate_L1,0.214424262421941,0.291341325115124,1
2008-01-01,189,InterestRate_L2,-1.26510313583014,0.386114656244432,1
2008-01-01,189,InterestRate_L3,1.22199518088574,0.399046816413549,1
2008-01-01,189,InterestRate_L4,-0.381539653409016,0.305407546154215,1
2008-04-01,190,Intercept,2.47132810637916,1.01593036085547,1
2008-04-01,190,GDPGrowth_L1,0.0204337640887021,0.0878643354772376,1
2008-04-01,190,Inflation_L1,-0.099599008097809,0.151465104082107,1
2008-04-01,190,Inflation_L2,0.0676060798686918,0.154330235189998,1
2008-04-01,190,Inflation_L3,-0.142638629644234,0.155026855445171,1
2008-04-01,190,Inflation_L4,-0.0421270986650482,0.154743902342678,1
2008-04-01,190,Unemployment_L1,-2.31419633466296,1.22918778441422,1
2008-04-01,190,Unemployment_L2,2.81622236766547,1.887009053291,1
2008-04-01,190,Unemployment_L3,0.726970939223137,1.77907358976914,1
2008-04-01,190,Unemployment_L4,-0.722733467063986,0.988024443408484,1
2008-04-01,190,InterestRate_L1,0.22316191840824,0.288469055998946,1
2008-04-01,190,InterestRate_L2,-1.26770080270432,0.384945761398508,1
2008-04-01,190,InterestRate_L3,1.22293973104379,0.397964884732909,1
2008-04-01,190,InterestRate_L4,-0.387271822580239,0.303734762989526,1
2008-07-01,191,Intercept,2.37001698564624,1.02170902337562,1
2008-07-01,191,GDPGrowth_L1,0.0170827866553047,0.0884707423407926,1
2008-07-01,191,Inflation_L1,-0.138077452555483,0.151139345364438,1
2008-07-01,191,Inflation_L2,0.0708855967249178,0.155417475188882,1
2008-07-01,191,Inflation_L3,-0.166949807044728,0.155583533687741,1
2008-07-01,191,Inflation_L4,-0.00755656340175791,0.154737033920634,1
2008-07-01,191,Unemployment_L1,-2.37909150353653,1.23743712165666,1
2008-07-01,191,Unemployment_L2,2.98991911652729,1.89813959196863,1
2008-07-01,191,Unemployment_L3,0.666948150029779,1.79143246364777,1
2008-07-01,191,Unemployment_L4,-0.754326071567165,0.994904402978566,1
2008-07-01,191,InterestRate_L1,0.287882551647808,0.288438522654156,1
2008-07-01,191,InterestRate_L2,-1.26625689811223,0.38768171725057,1
2008-07-01,191,InterestRate_L3,1.22774259447437,0.400785893387208,1
2008-07-01,191,InterestRate_L4,-0.443644249359952,0.304396142733342,1
2008-10-01,192,Intercept,2.23224099040392,1.05882491125691,1
2008-10-01,192,GDPGrowth_L1,0.0375095402642372,0.0915726825171636,1
2008-10-01,192,Inflation_L1,-0.196218878658961,0.155921847095909,1
2008-10-01,192,Inflation_L2,0.0570883075995913,0.16112101199683,1
2008-10-01,192,Inflation_L3,-0.150961978205447,0.161278163666477,1
2008-10-01,192,Inflation_L4,0.00219972943238374,0.160437351450265,1
2008-10-01,192,Unemployment_L1,-2.83398518350977,1.27716825342261,1
2008-10-01,192,Unemployment_L2,3.50170686771557,1.96336446852985,1
2008-10-01,192,Unemployment_L3,0.824501283587804,1.85718418527337,1
2008-10-01,192,Unemployment_L4,-0.990539426496752,1.02967771386657,1
2008-10-01,192,InterestRate_L1,0.272307776045735,0.299075235236643,1
2008-10-01,192,InterestRate_L2,-1.1361485281164,0.400444559312625,1
2008-10-01,192,InterestRate_L3,1.28915581126877,0.415268914178559,1
2008-10-01,192,InterestRate_L4,-0.564164369872286,0.313931493242493,1
2009-01-01,193,Intercept,1.94183650676844,1.05822361646284,1
2009-01-01,193,GDPGrowth_L1,0.0731057789445893,0.0906583880388267,1
2009-01-01,193,Inflation_L1,-0.020715289309005,0.13088583073606,1
2009-01-01,193,Inflation_L2,-0.0413053951287107,0.154991789684648,1
2009-01-01,193,Inflation_L3,-0.174651468980567,0.162251735031882,1
2009-01-01,193,Inflation_L4,-0.0468448681106148,0.159984706690138,1
2009-01-01,193,Unemployment_L1,-2.90332091515695,1.28779393702107,1
2009-01-01,193,Unemployment_L2,3.70188455503483,1.97790811453567,1
2009-01-01,193,Unemployment_L3,0.592086219812773,1.86974256854619,1
2009-01-01,193,Unemployment_L4,-0.899819629886146,1.03763717204304,1
2009-01-01,193,InterestRate_L1,0.228417567079537,0.300882063564892,1
2009-01-01,193,InterestRate_L2,-1.18606133371177,0.403158523726112,1
2009-01-01,193,InterestRate_L3,1.45113478012051,0.411068808979369,1
2009-01-01,193,InterestRate_L4,-0.601442109498899,0.316114382068231,1
2009-04-01,194,Intercept,2.01158712952263,1.05123041477883,1
2009-04-01,194,GDPGrowth_L1,0.068263639197481,0.090216124796005,1
2009-04-01,194,Inflation_L1,-0.0211104143349596,0.130677874756503,1
2009-04-01,194,Inflation_L2,0.0125632237564457,0.131356980404821,1
2009-04-01,194,Inflation_L3,-0.202077850678617,0.156549979413084,1
2009-04-01,194,Inflation_L4,-0.0569759566256329,0.158989547081213,1
2009-04-01,194,Unemployment_L1,-3.21036556380185,1.19823517732982,1
2009-04-01,194,Unemployment_L2,3.97058432742049,1.93216942799331,1
2009-04-01,194,Unemployment_L3,0.608104540440329,1.86663304161078,1
2009-04-01,194,Unemployment_L4,-0.908690060826264,1.03591187925816,1
2009-04-01,194,InterestRate_L1,0.19151353871671,0.295133394849724,1
2009-04-01,194,InterestRate_L2,-1.17232124350281,0.401981040000014,1
2009-04-01,194,InterestRate_L3,1.42999309192465,0.409162327269525,1
2009-04-01,194,InterestRate_L4,-0.548085569963092,0.305037231108559,1
2009-07-01,195,Intercept,2.10798304616065,1.04290992806532,1
2009-07-01,195,GDPGrowth_L1,0.0669413458578829,0.0901044150419858,1
2009-07-01,195,Inflation_L1,-0.0336784667768467,0.129553648897586,1
2009-07-01,195,Inflation_L2,0.0122954596832552,0.131216800588067,1
2009-07-01,195,Inflation_L3,-0.134958126057354,0.13094804466209,1
2009-07-01,195,Inflation_L4,-0.0866534926829416,0.154256622613216,1
2009-07-01,195,Unemployment_L1,-3.35239700209169,1.18321115496263,1
2009-07-01,195,Unemployment_L2,3.76529479033516,1.91232102684553,1
2009-07-01,195,Unemployment_L3,0.967600223845542,1.80755441093468,1
2009-07-01,195,Unemployment_L4,-0.95949343766012,1.0327848083457,1
2009-07-01,195,InterestRate_L1,0.12977939437323,0.284140603273387,1
2009-07-01,195,InterestRate_L2,-1.1302392805684,0.397960164413411,1
2009-07-01,195,InterestRate_L3,1.40295902012805,0.407274103616904,1
2009-07-01,195,InterestRate_L4,-0.497381625985379,0.297790512771047,1
2009-10-01,196,Intercept,2.22416710795157,1.02938753854925,1
2009-10-01,196,GDPGrowth_L1,0.0693687317866322,0.0899276539927251,1
2009-10-01,196,Inflation_L1,-0.0550705782244633,0.126038255547119,1
2009-10-01,196,Inflation_L2,0.00160357250895667,0.13023062384806,1
2009-10-01,196,Inflation_L3,-0.135536677678374,0.130777741699521,1
2009-10-01,196,Inflation_L4,-0.0253626308910054,0.129272974102674,1
2009-10-01,196,Unemployment_L1,-3.40549656492586,1.17946159620144,1
2009-10-01,196,Unemployment_L2,3.64388022438574,1.90264058096325,1
2009-10-01,196,Unemployment_L3,0.87382084300606,1.8006772467415,1
2009-10-01,196,Unemployment_L4,-0.731028924709077,0.983023029232913,1
2009-10-01,196,InterestRate_L1,0.101427987556328,0.281116200444182,1
2009-10-01,196,InterestRate_L2,-1.13922576511681,0.397259905166008,1
2009-10-01,196,InterestRate_L3,1.41182886915466,0.406571035897671,1
2009-10-01,196,InterestRate_L4,-0.471380788795316,0.295276315571752,1
2010-01-01,197,Intercept,2.40387263815177,1.01659621510282,1
2010-01-01,197,GDPGrowth_L1,0.0614279025290833,0.0896772519301792,1
2010-01-01,197,Inflation_L1,-0.0582562974083495,0.12606844322474,1
2010-01-01,197,Inflation_L2,-0.00858256246825777,0.129960505423952,1
2010-01-01,197,Inflation_L3,-0.147536347387665,0.130379180351087,1
2010-01-01,197,Inflation_L4,0.0062291693145589,0.126041143336731,1
2010-01-01,197,Unemployment_L1,-3.60669421299616,1.16549930718942,1
2010-01-01,197,Unemployment_L2,3.91228351800816,1.88757499855306,1
2010-01-01,197,Unemployment_L3,0.530727435856711,1.77381330604178,1
2010-01-01,197,Unemployment_L4,-0.50050929971204,0.960457837079175,1
2010-01-01,197,InterestRate_L1,0.081076510804492,0.280637296794007,1
2010-01-01,197,InterestRate_L2,-1.1325474136622,0.397414744708345,1
2010-01-01,197,InterestRate_L3,1.39635554079512,0.406529559599145,1
2010-01-01,197,InterestRate_L4,-0.429477350642881,0.292908258972315,1
2010-04-01,198,Intercept,2.47653713584686,1.00861162379398,1
2010-04-01,198,GDPGrowth_L1,0.0650802737663589,0.0893516972131367,1
2010-04-01,198,Inflation_L1,-0.0526148618153914,0.125557833921834,1
2010-04-01,198,Inflation_L2,-0.0121523842977526,0.129632189983588,1
2010-04-01,198,Inflation_L3,-0.152065159826342,0.129977868135086,1
2010-04-01,198,Inflation_L4,0.00441694755883078,0.125806952647976,1
2010-04-01,198,Unemployment_L1,-3.57304564468613,1.16244259824914,1
2010-04-01,198,Unemployment_L2,3.81482387935456,1.87839882831319,1
2010-04-01,198,Unemployment_L3,0.568655344470484,1.76997561406911,1
2010-04-01,198,Unemployment_L4,-0.500020934914055,0.958915048348829,1
2010-04-01,198,InterestRate_L1,0.0781277035387149,0.280148819101674,1
2010-04-01,198,InterestRate_L2,-1.13663745438097,0.396725180180308,1
2010-04-01,198,InterestRate_L3,1.40036105794563,0.405828559836118,1
2010-04-01,198,InterestRate_L4,-0.414071811636108,0.291448370566706,1
2010-07-01,199,Intercept,2.58209988738877,1.00305713510458,1
2010-07-01,199,GDPGrowth_L1,0.0668298635413022,0.0893340943474011,1
2010-07-01,199,Inflation_L1,-0.0417624768563884,0.125086473077235,1
2010-07-01,199,Inflation_L2,-0.00850604895090223,0.129580164310437,1
2010-07-01,199,Inflation_L3,-0.160228782428756,0.129720135852482,1
2010-07-01,199,Inflation_L4,-0.00777477162754966,0.12521311803355,1
2010-07-01,199,Unemployment_L1,-3.57955266643653,1.16241861947921,1
2010-07-01,199,Unemployment_L2,3.86007025807567,1.87784354962813,1
2010-07-01,199,Unemployment_L3,0.441273037153631,1.76536880448369,1
2010-07-01,199,Unemployment_L4,-0.445967198577419,0.95738282868921,1
2010-07-01,199,InterestRate_L1,0.0767225377070324,0.280143906949339,1
2010-07-01,199,InterestRate_L2,-1.1393555171049,0.396713895374233,1
2010-07-01,199,InterestRate_L3,1.38978718590118,0.40568853241941,1
2010-07-01,199,InterestRate_L4,-0.382111204556756,0.289685997370475,1
2010-10-01,200,Intercept,2.71602991752556,0.997906400100904,1
2010-10-01,200,GDPGrowth_L1,0.0713539226723347,0.0893558095295299,1
2010-10-01,200,Inflation_L1,-0.0436916860219976,0.125219111525212,1
2010-10-01,200,Inflation_L2,-0.000401322475310845,0.129550294232396,1
2010-10-01,200,Inflation_L3,-0.156702977480537,0.129834871720195,1
2010-10-01,200,Inflation_L4,-0.0231158075675591,0.124694704717266,1
2010-10-01,200,Unemployment_L1,-3.60180371351863,1.16359875041695,1
2010-10-01,200,Unemployment_L2,3.87247457046487,1.87996282953527,1
2010-10-01,200,Unemployment_L3,0.481030150867349,1.76707381712137,1
2010-10-01,200,Unemployment_L4,-0.518836914631355,0.956528721597325,1
2010-10-01,200,InterestRate_L1,0.0774593607404869,0.280463680546919,1
2010-10-01,200,InterestRate_L2,-1.13392067265226,0.39714155134289,1
2010-10-01,200,InterestRate_L3,1.38051221485132,0.406078141567715,1
2010-10-01,200,InterestRate_L4,-0.360217178049608,0.289435830971086,1
2011-01-01,201,Intercept,2.95590331994305,0.995786317245724,1
2011-01-01,201,GDPGrowth_L1,0.0770052564584272,0.0898777558091871,1
2011-01-01,201,Inflation_L1,-0.067737066300122,0.125341776056896,1
2011-01-01,201,Inflation_L2,0.00488944746153295,0.130351589239578,1
2011-01-01,201,Inflation_L3,-0.148502488814342,0.130593469101475,1
2011-01-01,201,Inflation_L4,-0.0176024975115615,0.125460687971265,1
2011-01-01,201,Unemployment_L1,-3.76189501370443,1.16782998705814,1
2011-01-01,201,Unemployment_L2,4.00201897221136,1.89073653051592,1
2011-01-01,201,Unemployment_L3,0.629817462602452,1.77659003979887,1
2011-01-01,201,Unemployment_L4,-0.705896396103599,0.957271470750516,1
2011-01-01,201,InterestRate_L1,0.0713117004506614,0.282247514536261,1
2011-01-01,201,InterestRate_L2,-1.10637592566552,0.399413850114344,1
2011-01-01,201,InterestRate_L3,1.37779651410085,0.408687011913871,1
2011-01-01,201,InterestRate_L4,-0.354136762045712,0.291278401034798,1
2011-04-01,202,Intercept,2.98004565914598,0.995052005195072,1
2011-04-01,202,GDPGrowth_L1,0.095661200003683,0.0875423645897593,1
2011-04-01,202,Inflation_L1,-0.0841535350810259,0.1240253872077,1
2011-04-01,202,Inflation_L2,0.00439568803084753,0.130299303927965,1
2011-04-01,202,Inflation_L3,-0.14803138003299,0.130541188965189,1
2011-04-01,202,Inflation_L4,-0.00929652336541982,0.125088569443147,1
2011-04-01,202,Unemployment_L1,-3.55311701008029,1.14527668861135,1
2011-04-01,202,Unemployment_L2,3.64564478304347,1.85018811047937,1
2011-04-01,202,Unemployment_L3,0.85215848329813,1.75950046744245,1
2011-04-01,202,Unemployment_L4,-0.804379870205799,0.950935985428999,1
2011-04-01,202,InterestRate_L1,0.0902719400910798,0.281388848186131,1
2011-04-01,202,InterestRate_L2,-1.11892765599277,0.399025646828405,1
2011-04-01,202,InterestRate_L3,1.40093801750851,0.407757444685228,1
2011-04-01,202,InterestRate_L4,-0.370598570889054,0.290617978942808,1
2011-07-01,203,Intercept,3.09850273593352,0.991170086678313,1
2011-07-01,203,GDPGrowth_L1,0.0951816089424832,0.0876385215177957,1
2011-07-01,203,Inflation_L1,-0.0918230007025244,0.123995570651385,1
2011-07-01,203,Inflation_L2,-0.00354180088296355,0.130273178164949,1
2011-07-01,203,Inflation_L3,-0.156199588709907,0.130505596376475,1
2011-07-01,203,Inflation_L4,-0.000206397533267826,0.124994125853032,1
2011-07-01,203,Unemployment_L1,-3.72002904290417,1.13793613390951,1
2011-07-01,203,Unemployment_L2,4.01541518225775,1.82599330597428,1
2011-07-01,203,Unemployment_L3,0.580313495576126,1.74657772018668,1
2011-07-01,203,Unemployment_L4,-0.766953550444266,0.951470974699443,1
2011-07-01,203,InterestRate_L1,0.096642697625937,0.281650036312085,1
2011-07-01,203,InterestRate_L2,-1.09861020017935,0.399103177787763,1
2011-07-01,203,InterestRate_L3,1.39503448270052,0.408179500704408,1
2011-07-01,203,InterestRate_L4,-0.371788747504004,0.290938552055822,1
2011-10-01,204,Intercept,3.06709185305788,0.986446212738514,1
2011-10-01,204,GDPGrowth_L1,0.092174870071937,0.0871810757263158,1
2011-10-01,204,Inflation_L1,-0.0916182476520495,0.123730267937461,1
2011-10-01,204,Inflation_L2,-0.0014780042335359,0.129909726461899,1
2011-10-01,204,Inflation_L3,-0.153406409314093,0.130070649295708,1
2011-10-01,204,Inflation_L4,0.00126645978940848,0.124682121819143,1
2011-10-01,204,Unemployment_L1,-3.73295764649375,1.13512478851205,1
2011-10-01,204,Unemployment_L2,4.0774231585683,1.81657676996593,1
2011-10-01,204,Unemployment_L3,0.465130109212669,1.72284605485469,1
2011-10-01,204,Unemployment_L4,-0.689328432213546,0.932710062547821,1
2011-10-01,204,InterestRate_L1,0.0945276324723598,0.281007827919267,1
2011-10-01,204,InterestRate_L2,-1.09894371130106,0.398251370913336,1
2011-10-01,204,InterestRate_L3,1.38348975781146,0.406453084425601,1
2011-10-01,204,InterestRate_L4,-0.366005515426909,0.290016930791949,1
2012-01-01,205,Intercept,3.09012864798617,0.983855691213624,1
2012-01-01,205,GDPGrowth_L1,0.0929774351074568,0.0870145515294393,1
2012-01-01,205,Inflation_L1,-0.0888263975316518,0.123412310968952,1
2012-01-01,205,Inflation_L2,-0.000596066083872926,0.129669389600483,1
2012-01-01,205,Inflation_L3,-0.158909217499715,0.129477124990654,1
2012-01-01,205,Inflation_L4,-0.00475146895062302,0.12400828198742,1
2012-01-01,205,Unemployment_L1,-3.68935521285793,1.13050089560876,1
2012-01-01,205,Unemployment_L2,4.01657136754042,1.8101763433911,1
2012-01-01,205,Unemployment_L3,0.477519358435369,1.71964368292849,1
2012-01-01,205,Unemployment_L4,-0.693941703314007,0.931015859654876,1
2012-01-01,205,InterestRate_L1,0.10253653292654,0.280153215524599,1
2012-01-01,205,InterestRate_L2,-1.10636466562433,0.397328211928082,1
2012-01-01,205,InterestRate_L3,1.38518257890083,0.405719285652804,1
2012-01-01,205,InterestRate_L4,-0.358898879963542,0.289230472868179,1
2012-04-01,206,Intercept,3.1082640243728,0.983944154188182,1
2012-04-01,206,GDPGrowth_L1,0.0978050999623956,0.0869133787642187,1
2012-04-01,206,Inflation_L1,-0.0867540644663847,0.123426668686271,1
2012-04-01,206,Inflation_L2,0.00101100044775429,0.129692084280603,1
2012-04-01,206,Inflation_L3,-0.158706869282301,0.129508732004175,1
2012-04-01,206,Inflation_L4,-0.0211088064369032,0.123048546254528,1
2012-04-01,206,Unemployment_L1,-3.63402703128175,1.12953976514536,1
2012-04-01,206,Unemployment_L2,4.0256591912832,1.81059939726183,1
2012-04-01,206,Unemployment_L3,0.384507144099368,1.71776437164331,1
2012-04-01,206,Unemployment_L4,-0.679868468988757,0.931146932618433,1
2012-04-01,206,InterestRate_L1,0.115354510033407,0.279953729351475,1
2012-04-01,206,InterestRate_L2,-1.10449176397197,0.39742161310555,1
2012-04-01,206,InterestRate_L3,1.37371399023567,0.405670575271657,1
2012-04-01,206,InterestRate_L4,-0.346816240792009,0.289070597959526,1
2012-07-01,207,Intercept,3.15120158038225,0.982832689734751,1
2012-07-01,207,GDPGrowth_L1,0.0999737600551538,0.0868738188132616,1
2012-07-01,207,Inflation_L1,-0.080869697366192,0.123263294663217,1
2012-07-01,207,Inflation_L2,-0.00372872281405767,0.129584401100531,1
2012-07-01,207,Inflation_L3,-0.157529470762666,0.129486563229709,1
2012-07-01,207,Inflation_L4,-0.028419787541304,0.122804194324174,1
2012-07-01,207,Unemployment_L1,-3.69832499955397,1.12746917460639,1
2012-07-01,207,Unemployment_L2,4.14632006138694,1.80613478594869,1
2012-07-01,207,Unemployment_L3,0.371058116887918,1.71748961973395,1
2012-07-01,207,Unemployment_L4,-0.740614972972377,0.928941700941105,1
2012-07-01,207,InterestRate_L1,0.111331750013099,0.279887577224673,1
2012-07-01,207,InterestRate_L2,-1.09057087498019,0.397114355453903,1
2012-07-01,207,InterestRate_L3,1.37520607370959,0.405615880272139,1
2012-07-01,207,InterestRate_L4,-0.347128846140448,0.28903350234094,1
2012-10-01,208,Intercept,3.16782596319379,0.982859808161582,1
2012-10-01,208,GDPGrowth_L1,0.107751903112771,0.0865596523904402,1
2012-10-01,208,Inflation_L1,-0.0872331467541855,0.123128636972791,1
2012-10-01,208,Inflation_L2,0.00544580649190092,0.129299464594961,1
2012-10-01,208,Inflation_L3,-0.163734273071884,0.129367609031037,1
2012-10-01,208,Inflation_L4,-0.0289225334971175,0.122823145676541,1
2012-10-01,208,Unemployment_L1,-3.64428021219012,1.12643259367691,1
2012-10-01,208,Unemployment_L2,4.00384700483088,1.80113253968135,1
2012-10-01,208,Unemployment_L3,0.561538611591333,1.7078003937513,1
2012-10-01,208,Unemployment_L4,-0.858899360831905,0.921979210896947,1
2012-10-01,208,InterestRate_L1,0.118972283324798,0.279834831233957,1
2012-10-01,208,InterestRate_L2,-1.09971474256686,0.397079702946053,1
2012-10-01,208,InterestRate_L3,1.39375394527606,0.405282448552068,1
2012-10-01,208,InterestRate_L4,-0.354017712087631,0.289003128765593,1
2013-01-01,209,Intercept,3.16690771725207,0.980165719679394,1
2013-01-01,209,GDPGrowth_L1,0.108226879103841,0.0857991585542414,1
2013-01-01,209,Inflation_L1,-0.0874551852770251,0.122730738716177,1
2013-01-01,209,Inflation_L2,0.00544449983658762,0.128968303024666,1
2013-01-01,209,Inflation_L3,-0.163450019423121,0.128907496601742,1
2013-01-01,209,Inflation_L4,-0.0292009644041282,0.122378428879426,1
2013-01-01,209,Unemployment_L1,-3.64038395746979,1.12076680397137,1
2013-01-01,209,Unemployment_L2,3.99988162950816,1.79471947871451,1
2013-01-01,209,Unemployment_L3,0.561323226299638,1.70342081614933,1
2013-01-01,209,Unemployment_L4,-0.85910184011373,0.919608694723449,1
2013-01-01,209,InterestRate_L1,0.119294090717581,0.279041847993493,1
2013-01-01,209,InterestRate_L2,-1.09954417847014,0.396047612454378,1
2013-01-01,209,InterestRate_L3,1.39355987898574,0.404225297220256,1
2013-01-01,209,InterestRate_L4,-0.353864950741093,0.288246299544577,1
2013-04-01,210,Intercept,3.2016862465605,0.97869992919745,1
2013-04-01,210,GDPGrowth_L1,0.105875935244348,0.0857001143768534,1
2013-04-01,210,Inflation_L1,-0.085848760848849,0.12263677530148,1
2013-04-01,210,Inflation_L2,0.000522888604364429,0.12875835552168,1
2013-04-01,210,Inflation_L3,-0.165252042575002,0.128806720718205,1
2013-04-01,210,Inflation_L4,-0.0269949715819605,0.122272124667463,1
2013-04-01,210,Unemployment_L1,-3.70588784394328,1.11746688046927,1
2013-04-01,210,Unemployment_L2,4.09893881106874,1.78988099881251,1
2013-04-01,210,Unemployment_L3,0.537102357908049,1.70208140945804,1
2013-04-01,210,Unemployment_L4,-0.88022002276518,0.918684989558956,1
2013-04-01,210,InterestRate_L1,0.118524655224789,0.278858853968718,1
2013-04-01,210,InterestRate_L2,-1.09320348305921,0.39572181557257,1
2013-04-01,210,InterestRate_L3,1.39480765258486,0.403959686685359,1
2013-04-01,210,InterestRate_L4,-0.352925592601119,0.288056686049132,1
2013-07-01,211,Intercept,3.19975337743566,0.976153612971489,1
2013-07-01,211,GDPGrowth_L1,0.106684272837279,0.0852773063529117,1
2013-07-01,211,Inflation_L1,-0.0847548960622246,0.122063395753301,1
2013-07-01,211,Inflation_L2,0.000391865943015715,0.128433460228397,1
2013-07-01,211,Inflation_L3,-0.166040521285846,0.128353147190599,1
2013-07-01,211,Inflation_L4,-0.027441842969204,0.121922341587566,1
2013-07-01,211,Unemployment_L1,-3.69822691736686,1.11324006160575,1
2013-07-01,211,Unemployment_L2,4.08554234975107,1.78266819343942,1
2013-07-01,211,Unemployment_L3,0.548070572278345,1.69589869337767,1
2013-07-01,211,Unemployment_L4,-0.88670520564392,0.915138719393374,1
2013-07-01,211,InterestRate_L1,0.118794447379681,0.278155970132695,1
2013-07-01,211,InterestRate_L2,-1.0940517108051,0.394684731201282,1
2013-07-01,211,InterestRate_L3,1.3965472613531,0.402746680999901,1
2013-07-01,211,InterestRate_L4,-0.352981371980693,0.28733770455925,1
2013-10-01,212,Intercept,3.1939510061504,0.973760425564473,1
2013-10-01,212,GDPGrowth_L1,0.107826638823657,0.0850068849640867,1
2013-10-01,212,Inflation_L1,-0.086827774923413,0.121609900564041,1
2013-10-01,212,Inflation_L2,0.0042570126289185,0.127559554200905,1
2013-10-01,212,Inflation_L3,-0.167128000757667,0.128015120486234,1
2013-10-01,212,Inflation_L4,-0.0295896702154347,0.12145599921617,1
2013-10-01,212,Unemployment_L1,-3.67926496166634,1.10909442867399,1
2013-10-01,212,Unemployment_L2,4.06590288070801,1.77753215611563,1
2013-10-01,212,Unemployment_L3,0.549062749141999,1.69203703380096,1
2013-10-01,212,Unemployment_L4,-0.888934563595704,0.91302936146426,1
2013-10-01,212,InterestRate_L1,0.123303936384987,0.277158068858912,1
2013-10-01,212,InterestRate_L2,-1.09693303819324,0.393681723114825,1
2013-10-01,212,InterestRate_L3,1.39532070366895,0.401811653491953,1
2013-10-01,212,InterestRate_L4,-0.350659837811562,0.286590312304633,1
2014-01-01,213,Intercept,3.15074309130971,0.981219390394449,1
2014-01-01,213,GDPGrowth_L1,0.114071014459748,0.0856226938595534,1
2014-01-01,213,Inflation_L1,-0.0832587628475615,0.12255776246151,1
2014-01-01,213,Inflation_L2,-0.0132701438756886,0.128274761497925,1
2014-01-01,213,Inflation_L3,-0.143994633566137,0.128518383975046,1
2014-01-01,213,Inflation_L4,-0.0452802638981092,0.122169312073596,1
2014-01-01,213,Unemployment_L1,-3.61352587042374,1.11738228631365,1
2014-01-01,213,Unemployment_L2,4.05850993248555,1.79156866657828,1
2014-01-01,213,Unemployment_L3,0.496737717059735,1.70520575422825,1
2014-01-01,213,Unemployment_L4,-0.905141326479233,0.920206246715734,1
2014-01-01,213,InterestRate_L1,0.130884033827733,0.279322125773988,1
2014-01-01,213,InterestRate_L2,-1.07491239385983,0.396641925616769,1
2014-01-01,213,InterestRate_L3,1.37581451094068,0.404870615904059,1
2014-01-01,213,InterestRate_L4,-0.345774256143273,0.28884391154707,1
2014-04-01,214,Intercept,3.18993030888296,0.977553288557677,1
2014-04-01,214,GDPGrowth_L1,0.105426359781667,0.0842995678661535,1
2014-04-01,214,Inflation_L1,-0.0770981978249614,0.121945063475629,1
2014-04-01,214,Inflation_L2,-0.0164348119194513,0.127966769052713,1
2014-04-01,214,Inflation_L3,-0.138654721177144,0.128015325881104,1
2014-04-01,214,Inflation_L4,-0.0517531371266157,0.121512074562082,1
2014-04-01,214,Unemployment_L1,-3.67341212828918,1.1112721243149,1
2014-04-01,214,Unemployment_L2,4.11248986949157,1.78654182824218,1
2014-04-01,214,Unemployment_L3,0.480968017915285,1.70231786546458,1
2014-04-01,214,Unemployment_L4,-0.881819656050474,0.91795489657505,1
2014-04-01,214,InterestRate_L1,0.121274615784348,0.278434142797164,1
2014-04-01,214,InterestRate_L2,-1.06969812688451,0.395923373535591,1
2014-04-01,214,InterestRate_L3,1.36234530822595,0.403625595048991,1
2014-04-01,214,InterestRate_L4,-0.331825719960026,0.287476181413913,1
2014-07-01,215,Intercept,3.18993811530096,0.974379031453974,1
2014-07-01,215,GDPGrowth_L1,0.105426107506046,0.0840806531836047,1
2014-07-01,215,Inflation_L1,-0.0770980207035565,0.121638288661066,1
2014-07-01,215,Inflation_L2,-0.0164339708395433,0.127582477715617,1
2014-07-01,215,Inflation_L3,-0.138655182948339,0.127676729614898,1
2014-07-01,215,Inflation_L4,-0.0517517773371934,0.12102885363259,1
2014-07-01,215,Unemployment_L1,-3.67342913211186,1.10541481366085,1
2014-07-01,215,Unemployment_L2,4.11251092092771,1.7791482756461,1
2014-07-01,215,Unemployment_L3,0.480955810475749,1.69703959449047,1
2014-07-01,215,Unemployment_L4,-0.881811578803826,0.914825407967571,1
2014-07-01,215,InterestRate_L1,0.121271431617593,0.277308523672598,1
2014-07-01,215,InterestRate_L2,-1.06969752631624,0.394926458879906,1
2014-07-01,215,InterestRate_L3,1.36234538481151,0.402620127079608,1
2014-07-01,215,InterestRate_L4,-0.331825244598678,0.286750853876875,1
2014-10-01,216,Intercept,3.18153813392557,0.97236595495038,1
2014-10-01,216,GDPGrowth_L1,0.103600934447527,0.0838347895796048,1
2014-10-01,216,Inflation_L1,-0.0747100350418589,0.121305174471346,1
2014-10-01,216,Inflation_L2,-0.0182722473945724,0.127282134570887,1
2014-10-01,216,Inflation_L3,-0.141596068663729,0.127286994146787,1
2014-10-01,216,Inflation_L4,-0.0523771705358105,0.120791261522765,1
2014-10-01,216,Unemployment_L1,-3.71136227671272,1.10049217365932,1
2014-10-01,216,Unemployment_L2,4.20483621193064,1.76537523711611,1
2014-10-01,216,Unemployment_L3,0.425296240059929,1.68985676568237,1
2014-10-01,216,Unemployment_L4,-0.881411888585754,0.913081918185617,1
2014-10-01,216,InterestRate_L1,0.123955763233887,0.276723985245236,1
2014-10-01,216,InterestRate_L2,-1.06661890505745,0.394122102299612,1
2014-10-01,216,InterestRate_L3,1.36207269969556,0.401852573808577,1
2014-10-01,216,InterestRate_L4,-0.332842533191282,0.286196678970607,1
2015-01-01,217,Intercept,3.16709065669331,0.967025569935703,1
2015-01-01,217,GDPGrowth_L1,0.104750347034295,0.0834131722034518,1
2015-01-01,217,Inflation_L1,-0.0730081823249718,0.120679953135933,1
2015-01-01,217,Inflation_L2,-0.0183051472807009,0.126979257196573,1
2015-01-01,217,Inflation_L3,-0.142124951821349,0.126953276616201,1
2015-01-01,217,Inflation_L4,-0.0542514103446836,0.12009373571964,1
2015-01-01,217,Unemployment_L1,-3.6904857843543,1.09228357089078,1
2015-01-01,217,Unemployment_L2,4.17142779639263,1.75225069701649,1
2015-01-01,217,Unemployment_L3,0.453466631365964,1.67921140098664,1
2015-01-01,217,Unemployment_L4,-0.896469584875301,0.907406609130233,1
2015-01-01,217,InterestRate_L1,0.125483666749173,0.275946940670875,1
2015-01-01,217,InterestRate_L2,-1.06835618867293,0.393076780239484,1
2015-01-01,217,InterestRate_L3,1.36464452483851,0.400664872281168,1
2015-01-01,217,InterestRate_L4,-0.333799002817188,0.285470906393578,1
2015-04-01,218,Intercept,3.13055721485601,0.962797689396152,1
2015-04-01,218,GDPGrowth_L1,0.104849263852127,0.0832646103136884,1
2015-04-01,218,Inflation_L1,-0.0645487482857893,0.119384321796937,1
2015-04-01,218,Inflation_L2,-0.0175892789908821,0.126746102177846,1
2015-04-01,218,Inflation_L3,-0.143326202637723,0.126706862861679,1
2015-04-01,218,Inflation_L4,-0.0605732063497584,0.119274690810207,1
2015-04-01,218,Unemployment_L1,-3.70119607631638,1.09015035779673,1
2015-04-01,218,Unemployment_L2,4.23376132418361,1.74510555855403,1
2015-04-01,218,Unemployment_L3,0.379156676997024,1.67024647227527,1
2015-04-01,218,Unemployment_L4,-0.872116545057664,0.904605896019331,1
2015-04-01,218,InterestRate_L1,0.124188360788418,0.275445138839729,1
2015-04-01,218,InterestRate_L2,-1.06717900259507,0.392371301402906,1
2015-04-01,218,InterestRate_L3,1.3602797536712,0.399865995217571,1
2015-04-01,218,InterestRate_L4,-0.326972703842745,0.284666812291555,1
2015-07-01,219,Intercept,3.0947126571091,0.95982028466403,1
2015-07-01,219,GDPGrowth_L1,0.106906866263947,0.0830847604407306,1
2015-07-01,219,Inflation_L1,-0.0758430912050676,0.117923634957935,1
2015-07-01,219,Inflation_L2,-0.00467419207429485,0.124974602336052,1
2015-07-01,219,Inflation_L3,-0.141956545410604,0.126508367565001,1
2015-07-01,219,Inflation_L4,-0.0624411010280074,0.119069438843859,1
2015-07-01,219,Unemployment_L1,-3.69406392597739,1.08853952830448,1
2015-07-01,219,Unemployment_L2,4.19799291131329,1.74173585596659,1
2015-07-01,219,Unemployment_L3,0.466793286178643,1.66233198639114,1
2015-07-01,219,Unemployment_L4,-0.930817355651603,0.898728701151685,1
2015-07-01,219,InterestRate_L1,0.130669198754157,0.274869077464799,1
2015-07-01,219,InterestRate_L2,-1.06934333576414,0.391797358127568,1
2015-07-01,219,InterestRate_L3,1.36070927130106,0.399295149085914,1
2015-07-01,219,InterestRate_L4,-0.328943273358271,0.284244432830665,1
2015-10-01,220,Intercept,2.94973489317716,0.955866647365629,1
2015-10-01,220,GDPGrowth_L1,0.119207184047388,0.0827628106832089,1
2015-10-01,220,Inflation_L1,-0.0777539654123479,0.118159193689771,1
2015-10-01,220,Inflation_L2,-0.0248745869452871,0.124347187899837,1
2015-10-01,220,Inflation_L3,-0.116460256614533,0.125373054014869,1
2015-10-01,220,Inflation_L4,-0.0625440384480553,0.119315715907316,1
2015-10-01,220,Unemployment_L1,-3.53327871249502,1.08435109348679,1
2015-10-01,220,Unemployment_L2,3.98805103359142,1.73848332843892,1
2015-10-01,220,Unemployment_L3,0.526913204866944,1.66518262911785,1
2015-10-01,220,Unemployment_L4,-0.932265692339598,0.900587135617871,1
2015-10-01,220,InterestRate_L1,0.135044702385311,0.275418825479338,1
2015-10-01,220,InterestRate_L2,-1.05772241885928,0.392514606843638,1
2015-10-01,220,InterestRate_L3,1.35742152039766,0.400113791870131,1
2015-10-01,220,InterestRate_L4,-0.338049782331649,0.284753514381604,1
2016-01-01,221,Intercept,2.92557991713165,0.949457573429838,1
2016-01-01,221,GDPGrowth_L1,0.120754834465055,0.082375083425907,1
2016-01-01,221,Inflation_L1,-0.0771151930116322,0.117869853633366,1
2016-01-01,221,Inflation_L2,-0.0252561299324605,0.124059863263981,1
2016-01-01,221,Inflation_L3,-0.12071410320407,0.124081741429304,1
2016-01-01,221,Inflation_L4,-0.0577411776538745,0.117692909469509,1
2016-01-01,221,Unemployment_L1,-3.53705015946312,1.08182525387317,1
2016-01-01,221,Unemployment_L2,4.01827390995842,1.73091513430589,1
2016-01-01,221,Unemployment_L3,0.489626005096426,1.65561568558467,1
2016-01-01,221,Unemployment_L4,-0.920069215879501,0.897413514872711,1
2016-01-01,221,InterestRate_L1,0.136259173920622,0.274763174492327,1
2016-01-01,221,InterestRate_L2,-1.05877394047789,0.391613759571495,1
2016-01-01,221,InterestRate_L3,1.36223217387107,0.398812257355638,1
2016-01-01,221,InterestRate_L4,-0.342152584380188,0.283701991796094,1
2016-04-01,222,Intercept,2.86876827338182,0.94458976310937,1
2016-04-01,222,GDPGrowth_L1,0.122376945220612,0.0822350783710908,1
2016-04-01,222,Inflation_L1,-0.073696979266133,0.117612255669226,1
2016-04-01,222,Inflation_L2,-0.0222359272517281,0.123821765333442,1
2016-04-01,222,Inflation_L3,-0.121490556921043,0.123917199881655,1
2016-04-01,222,Inflation_L4,-0.0646250127794756,0.117109662395539,1
2016-04-01,222,Unemployment_L1,-3.51240073737111,1.07983423438424,1
2016-04-01,222,Unemployment_L2,3.96508841015362,1.72694088184328,1
2016-04-01,222,Unemployment_L3,0.562384311969996,1.65006084105177,1
2016-04-01,222,Unemployment_L4,-0.960331142356358,0.894324008379799,1
2016-04-01,222,InterestRate_L1,0.136137977355137,0.274410286807781,1
2016-04-01,222,InterestRate_L2,-1.05895570680063,0.39111078795424,1
2016-04-01,222,InterestRate_L3,1.36587580195566,0.398264470124814,1
2016-04-01,222,InterestRate_L4,-0.341083989021485,0.283333371033789,1
2016-07-01,223,Intercept,2.87604013938482,0.938426914689285,1
2016-07-01,223,GDPGrowth_L1,0.122037866399246,0.0819418485892625,1
2016-07-01,223,Inflation_L1,-0.0727837059551716,0.116836407901647,1
2016-07-01,223,Inflation_L2,-0.0230089654444465,0.123189904336926,1
2016-07-01,223,Inflation_L3,-0.121752931099108,0.123583724086006,1
2016-07-01,223,Inflation_L4,-0.0644257908057227,0.116807502959388,1
2016-07-01,223,Unemployment_L1,-3.51241940337892,1.0772662802165,1
2016-07-01,223,Unemployment_L2,3.96324846061497,1.72269721109989,1
2016-07-01,223,Unemployment_L3,0.563772221691985,1.64605536031224,1
2016-07-01,223,Unemployment_L4,-0.960346535126117,0.892197216304872,1
2016-07-01,223,InterestRate_L1,0.135560367559541,0.273672821464679,1
2016-07-01,223,InterestRate_L2,-1.05885872749931,0.390179016570845,1
2016-07-01,223,InterestRate_L3,1.36589461676539,0.397317303503001,1
2016-07-01,223,InterestRate_L4,-0.341093344511776,0.282659560189524,1
2016-10-01,224,Intercept,2.84703580266961,0.933933172849923,1
2016-10-01,224,GDPGrowth_L1,0.12213815343946,0.0817793698081027,1
2016-10-01,224,Inflation_L1,-0.0723752574462602,0.116601057739006,1
2016-10-01,224,Inflation_L2,-0.0277446090777339,0.122410232778481,1
2016-10-01,224,Inflation_L3,-0.118021033297285,0.123007727601836,1
2016-10-01,224,Inflation_L4,-0.0639263329924007,0.116570130847713,1
2016-10-01,224,Unemployment_L1,-3.51084513247473,1.07512819969699,1
2016-10-01,224,Unemployment_L2,3.94812030015799,1.7188986289315,1
2016-10-01,224,Unemployment_L3,0.586607504133767,1.64186786000255,1
2016-10-01,224,Unemployment_L4,-0.967605083709954,0.890258555852397,1
2016-10-01,224,InterestRate_L1,0.134281355740103,0.273113812333613,1
2016-10-01,224,InterestRate_L2,-1.05474598477742,0.389279697024923,1
2016-10-01,224,InterestRate_L3,1.36454413149828,0.396517744615001,1
2016-10-01,224,InterestRate_L4,-0.34040963146329,0.282095472865053,1
2017-01-01,225,Intercept,2.8032668414863,0.927518690319157,1
2017-01-01,225,GDPGrowth_L1,0.123925919770578,0.0815388149902788,1
2017-01-01,225,Inflation_L1,-0.0753475504791093,0.116212354655014,1
2017-01-01,225,Inflation_L2,-0.0255458180114625,0.122093493004649,1
2017-01-01,225,Inflation_L3,-0.123926881779632,0.122132232803443,1
2017-01-01,225,Inflation_L4,-0.0589501978824102,0.115869297880963,1
2017-01-01,225,Unemployment_L1,-3.48501527699502,1.07172220149079,1
2017-01-01,225,Unemployment_L2,3.91971153846309,1.71464488921006,1
2017-01-01,225,Unemployment_L3,0.583096309643078,1.63880962162092,1
2017-01-01,225,Unemployment_L4,-0.957609620250665,0.888353891856823,1
2017-01-01,225,InterestRate_L1,0.140352297899385,0.27230034586824,1
2017-01-01,225,InterestRate_L2,-1.06075085605564,0.388347586909068,1
2017-01-01,225,InterestRate_L3,1.37101905576994,0.39554236169557,1
2017-01-01,225,InterestRate_L4,-0.34405309422364,0.281465743448259,1
2017-04-01,226,Intercept,2.76307657603498,0.919158775664904,1
2017-04-01,226,GDPGrowth_L1,0.12584778510314,0.0812045122378642,1
2017-04-01,226,Inflation_L1,-0.0755176034852962,0.115974072250092,1
2017-04-01,226,Inflation_L2,-0.0267196789229353,0.121802357503323,1
2017-04-01,226,Inflation_L3,-0.122285037039864,0.121801094966329,1
2017-04-01,226,Inflation_L4,-0.0621730427964773,0.115300515737334,1
2017-04-01,226,Unemployment_L1,-3.45677238224459,1.06677609113411,1
2017-04-01,226,Unemployment_L2,3.8996140168366,1.710271023195,1
2017-04-01,226,Unemployment_L3,0.568074908474232,1.63495290664842,1
2017-04-01,226,Unemployment_L4,-0.946605761135559,0.88603502727092,1
2017-04-01,226,InterestRate_L1,0.142730580433489,0.271667316701163,1
2017-04-01,226,InterestRate_L2,-1.05883659027375,0.387519482236374,1
2017-04-01,226,InterestRate_L3,1.36916626518367,0.394702363138642,1
2017-04-01,226,InterestRate_L4,-0.343491747970845,0.2808867124716,1
2017-07-01,227,Intercept,2.76183025227327,0.911164331276962,1
2017-07-01,227,GDPGrowth_L1,0.125892123806265,0.0809303337177524,1
2017-07-01,227,Inflation_L1,-0.075407749919756,0.115342882073188,1
2017-07-01,227,Inflation_L2,-0.0268065213127074,0.121302865185115,1
2017-07-01,227,Inflation_L3,-0.122315204134598,0.121489165350764,1
2017-07-01,227,Inflation_L4,-0.0622092347776393,0.114990474159859,1
2017-07-01,227,Unemployment_L1,-3.45620325896841,1.0632238816938,1
2017-07-01,227,Unemployment_L2,3.89946086790222,1.70620496463339,1
2017-07-01,227,Unemployment_L3,0.567450730508584,1.6302907278033,1
2017-07-01,227,Unemployment_L4,-0.946273286238395,0.883523524710188,1
2017-07-01,227,InterestRate_L1,0.142749650775451,0.271024335189272,1
2017-07-01,227,InterestRate_L2,-1.05884991063371,0.386607298277887,1
2017-07-01,227,InterestRate_L3,1.36926070275557,0.393697105540602,1
2017-07-01,227,InterestRate_L4,-0.343520918508976,0.280216248024722,1
2017-10-01,228,Intercept,2.81087708650126,0.906795869563065,1
2017-10-01,228,GDPGrowth_L1,0.126454428764006,0.0808161785135081,1
2017-10-01,228,Inflation_L1,-0.0746528750550563,0.115180931025929,1
2017-10-01,228,Inflation_L2,-0.0323289814672714,0.12084027356617,1
2017-10-01,228,Inflation_L3,-0.117660657998478,0.12111315541387,1
2017-10-01,228,Inflation_L4,-0.0597855033056911,0.114774275989528,1
2017-10-01,228,Unemployment_L1,-3.4429010647356,1.0615876940915,1
2017-10-01,228,Unemployment_L2,3.86810923615771,1.70321283939609,1
2017-10-01,228,Unemployment_L3,0.574195559171854,1.62805136762103,1
2017-10-01,228,Unemployment_L4,-0.939831294615041,0.882272162678916,1
2017-10-01,228,InterestRate_L1,0.140138455454939,0.270627730013584,1
2017-10-01,228,InterestRate_L2,-1.05669085461352,0.386069806434497,1
2017-10-01,228,InterestRate_L3,1.36850842579175,0.393162609802996,1
2017-10-01,228,InterestRate_L4,-0.346497031301811,0.279799554688357,1
2018-01-01,229,Intercept,2.80376137048029,0.901101871446257,1
2018-01-01,229,GDPGrowth_L1,0.126350178309944,0.0806208243693267,1
2018-01-01,229,Inflation_L1,-0.075036878043946,0.114832453563933,1
2018-01-01,229,Inflation_L2,-0.032335741703443,0.120561082126239,1
2018-01-01,229,Inflation_L3,-0.116971251561898,0.120580651796972,1
2018-01-01,229,Inflation_L4,-0.0605323226851721,0.114196095068384,1
2018-01-01,229,Unemployment_L1,-3.43919503833893,1.05830260228246,1
2018-01-01,229,Unemployment_L2,3.86039990617174,1.69703182403795,1
2018-01-01,229,Unemployment_L3,0.581821073943079,1.62199100196877,1
2018-01-01,229,Unemployment_L4,-0.942608102822182,0.879671543482344,1
2018-01-01,229,InterestRate_L1,0.1408413482675,0.269885058202217,1
2018-01-01,229,InterestRate_L2,-1.05680570008125,0.385175704177317,1
2018-01-01,229,InterestRate_L3,1.36793977771745,0.392201408292561,1
2018-01-01,229,InterestRate_L4,-0.345957765107243,0.279086290093996,1
2018-04-01,230,Intercept,2.76209887208653,0.894572181097764,1
2018-04-01,230,GDPGrowth_L1,0.126999876615781,0.0804579414650952,1
2018-04-01,230,Inflation_L1,-0.0767553150374286,0.114554527359086,1
2018-04-01,230,Inflation_L2,-0.0342304217692468,0.12026230464706,1
2018-04-01,230,Inflation_L3,-0.117222785438712,0.120355406948447,1
2018-04-01,230,Inflation_L4,-0.0583084263796241,0.113875083020646,1
2018-04-01,230,Unemployment_L1,-3.42988167975653,1.0561311791807,1
2018-04-01,230,Unemployment_L2,3.86785066367321,1.69379808312322,1
2018-04-01,230,Unemployment_L3,0.554671652984687,1.61783588309047,1
2018-04-01,230,Unemployment_L4,-0.927393799920036,0.877376087738843,1
2018-04-01,230,InterestRate_L1,0.14290864728074,0.269344047807226,1
2018-04-01,230,InterestRate_L2,-1.05408612751737,0.384412127723855,1
2018-04-01,230,InterestRate_L3,1.36627033454731,0.391455199229858,1
2018-04-01,230,InterestRate_L4,-0.346902473913295,0.278559969526116,1
2018-07-01,231,Intercept,2.75700914900911,0.887056534535601,1
2018-07-01,231,GDPGrowth_L1,0.127141271899748,0.08022613341579,1
2018-07-01,231,Inflation_L1,-0.0766135303591395,0.114257998161419,1
2018-07-01,231,Inflation_L2,-0.0344557890611041,0.119906244057484,1
2018-07-01,231,Inflation_L3,-0.117420757391194,0.12001730895633,1
2018-07-01,231,Inflation_L4,-0.0582846250099914,0.113612158616419,1
2018-07-01,231,Unemployment_L1,-3.4283577978501,1.0532881606699,1
2018-07-01,231,Unemployment_L2,3.86714759955979,1.68984637068348,1
2018-07-01,231,Unemployment_L3,0.554437055750538,1.6141073748187,1
2018-07-01,231,Unemployment_L4,-0.927397362686057,0.87535752661525,1
2018-07-01,231,InterestRate_L1,0.143049430117032,0.26871054833989,1
2018-07-01,231,InterestRate_L2,-1.05411624032237,0.38352727663846,1
2018-07-01,231,InterestRate_L3,1.36685529697094,0.390390317525525,1
2018-07-01,231,InterestRate_L4,-0.347310543236873,0.277806754341836,1
2018-10-01,232,Intercept,2.66682919938565,0.879799819111488,1
2018-10-01,232,GDPGrowth_L1,0.129413657552913,0.0801232667833369,1
2018-10-01,232,Inflation_L1,-0.0728503792940547,0.114088219354342,1
2018-10-01,232,Inflation_L2,-0.0334954077774955,0.119816309603556,1
2018-10-01,232,Inflation_L3,-0.12103027365787,0.119854574938289,1
2018-10-01,232,Inflation_L4,-0.0631805363657014,0.113380035475999,1
2018-10-01,232,Unemployment_L1,-3.375524697598,1.05063509060173,1
2018-10-01,232,Unemployment_L2,3.81389455145982,1.68744708976541,1
2018-10-01,232,Unemployment_L3,0.555493466541751,1.61297086298743,1
2018-10-01,232,Unemployment_L4,-0.917274277830432,0.874657068168046,1
2018-10-01,232,InterestRate_L1,0.148203903715066,0.268450157552516,1
2018-10-01,232,InterestRate_L2,-1.0610163545031,0.383167865831797,1
2018-10-01,232,InterestRate_L3,1.37075384706122,0.390087499054602,1
2018-10-01,232,InterestRate_L4,-0.345098973984129,0.277598543686829,1
2019-01-01,233,Intercept,2.67836582976887,0.87146699401148,1
2019-01-01,233,GDPGrowth_L1,0.129001667919851,0.0798537229086174,1
2019-01-01,233,Inflation_L1,-0.0733643879334643,0.113733727472519,1
2019-01-01,233,Inflation_L2,-0.0335832129694826,0.119543026323444,1
2019-01-01,233,Inflation_L3,-0.121249652215961,0.119567110219939,1
2019-01-01,233,Inflation_L4,-0.0622982844527468,0.112836670796394,1
2019-01-01,233,Unemployment_L1,-3.37499022441771,1.04825096655584,1
2019-01-01,233,Unemployment_L2,3.80693753699148,1.6824368846859,1
2019-01-01,233,Unemployment_L3,0.563986246193046,1.6074579958158,1
2019-01-01,233,Unemployment_L4,-0.920551044358546,0.872168491597572,1
2019-01-01,233,InterestRate_L1,0.148852231607667,0.267778436193367,1
2019-01-01,233,InterestRate_L2,-1.06210040141618,0.382174306641252,1
2019-01-01,233,InterestRate_L3,1.37155646521183,0.389137493191071,1
2019-01-01,233,InterestRate_L4,-0.345840724131919,0.276888760727636,1
2019-04-01,234,Intercept,2.69951464246093,0.865357001094069,1
2019-04-01,234,GDPGrowth_L1,0.12898210487186,0.0796829843166915,1
2019-04-01,234,Inflation_L1,-0.0744505450835724,0.113404946549992,1
2019-04-01,234,Inflation_L2,-0.0335885149666653,0.119287483653829,1
2019-04-01,234,Inflation_L3,-0.121634457717994,0.119301294510969,1
2019-04-01,234,Inflation_L4,-0.0614099453976878,0.112537718980175,1
2019-04-01,234,Unemployment_L1,-3.37653129133029,1.04599147441926,1
2019-04-01,234,Unemployment_L2,3.81877905615087,1.67815229201826,1
2019-04-01,234,Unemployment_L3,0.545165807217799,1.6022017978771,1
2019-04-01,234,Unemployment_L4,-0.914282588643743,0.869932120233506,1
2019-04-01,234,InterestRate_L1,0.15008164623041,0.267159422368428,1
2019-04-01,234,InterestRate_L2,-1.06156943602996,0.381351263543126,1
2019-04-01,234,InterestRate_L3,1.37016299647238,0.388264461699222,1
2019-04-01,234,InterestRate_L4,-0.346667620727129,0.276276484859965,1
2019-07-01,235,Intercept,2.72907792298335,0.856010753685115,1
2019-07-01,235,GDPGrowth_L1,0.128091298831889,0.0794408201120964,1
2019-07-01,235,Inflation_L1,-0.0730805520630971,0.113042662239796,1
2019-07-01,235,Inflation_L2,-0.0352773313956289,0.118858163789965,1
2019-07-01,235,Inflation_L3,-0.121423529887547,0.119046522092863,1
2019-07-01,235,Inflation_L4,-0.0613757456029184,0.112299920727782,1
2019-07-01,235,Unemployment_L1,-3.40433717293979,1.03828902385116,1
2019-07-01,235,Unemployment_L2,3.85628367232578,1.66838354442628,1
2019-07-01,235,Unemployment_L3,0.541223359134031,1.59874545430003,1
2019-07-01,235,Unemployment_L4,-0.923667330022067,0.867343810459188,1
2019-07-01,235,InterestRate_L1,0.146730479627695,0.266283344696733,1
2019-07-01,235,InterestRate_L2,-1.05762194745631,0.380242735699323,1
2019-07-01,235,InterestRate_L3,1.37080545158301,0.38743642466634,1
2019-07-01,235,InterestRate_L4,-0.348255085074961,0.275625273627021,1
2019-10-01,236,Intercept,2.70364778485771,0.849259900511938,1
2019-10-01,236,GDPGrowth_L1,0.127294584065339,0.0792229366328252,1
2019-10-01,236,Inflation_L1,-0.0711842403005172,0.112598426911911,1
2019-10-01,236,Inflation_L2,-0.0378025401515797,0.118258298606369,1
2019-10-01,236,Inflation_L3,-0.119891847621087,0.118669264196901,1
2019-10-01,236,Inflation_L4,-0.0623250277571343,0.112013372358315,1
2019-10-01,236,Unemployment_L1,-3.41150275539868,1.0358019544852,1
2019-10-01,236,Unemployment_L2,3.89058917496945,1.66027684187818,1
2019-10-01,236,Unemployment_L3,0.497886965204854,1.5876945364819,1
2019-10-01,236,Unemployment_L4,-0.903857474894111,0.862565477657765,1
2019-10-01,236,InterestRate_L1,0.147884952631128,0.265695850716302,1
2019-10-01,236,InterestRate_L2,-1.05593483279316,0.379401597367951,1
2019-10-01,236,InterestRate_L3,1.36674174229171,0.386349822030478,1
2019-10-01,236,InterestRate_L4,-0.346441166033195,0.274972858384386,1
2020-01-01,237,Intercept,2.44336675407328,0.857282700676162,1
2020-01-01,237,GDPGrowth_L1,0.129640903152522,0.0804435621448993,1
2020-01-01,237,Inflation_L1,-0.09616590996488,0.113985065406819,1
2020-01-01,237,Inflation_L2,-0.0153712344410878,0.119814944363023,1
2020-01-01,237,Inflation_L3,-0.145154230353268,0.12016035591325,1
2020-01-01,237,Inflation_L4,-0.0450173340016527,0.11357456809052,1
2020-01-01,237,Unemployment_L1,-3.33507210081805,1.05145883016062,1
2020-01-01,237,Unemployment_L2,3.77622743664748,1.685447362594,1
2020-01-01,237,Unemployment_L3,0.707084018830112,1.61048449360483,1
2020-01-01,237,Unemployment_L4,-1.03985219094219,0.874533326821548,1
2020-01-01,237,InterestRate_L1,0.21281411634606,0.268789177054429,1
2020-01-01,237,InterestRate_L2,-1.10405526854619,0.384878490764506,1
2020-01-01,237,InterestRate_L3,1.40519900541584,0.392079586515841,1
2020-01-01,237,InterestRate_L4,-0.39204499833083,0.278741447853797,1
2020-04-01,238,Intercept,0.673497866981762,1.06392318138462,1
2020-04-01,238,GDPGrowth_L1,0.304134790156266,0.0996623806026618,1
2020-04-01,238,Inflation_L1,-0.0707086411255004,0.143748980982198,1
2020-04-01,238,Inflation_L2,-0.0900912751091645,0.150908944842905,1
2020-04-01,238,Inflation_L3,-0.0482489873475319,0.151195154007655,1
2020-04-01,238,Inflation_L4,-0.111644467619846,0.143073159326346,1
2020-04-01,238,Unemployment_L1,-2.52933635271647,1.32334246753433,1
2020-04-01,238,Unemployment_L2,3.71183131916049,2.12593927739479,1
2020-04-01,238,Unemployment_L3,-0.13324684046868,2.02932174924432,1
2020-04-01,238,Unemployment_L4,-0.764716294258237,1.1026894328937,1
2020-04-01,238,InterestRate_L1,0.261569518626,0.338997306370106,1
2020-04-01,238,InterestRate_L2,-0.945352444592029,0.485159688517499,1
2020-04-01,238,InterestRate_L3,1.41731982157275,0.49455057831755,1
2020-04-01,238,InterestRate_L4,-0.584872037438468,0.350961223170528,1
2020-07-01,239,Intercept,-0.490875944113412,1.11028446724561,1
2020-07-01,239,GDPGrowth_L1,0.45104864416185,0.102284257964064,1
2020-07-01,239,Inflation_L1,-0.154558029380617,0.15216203676452,1
2020-07-01,239,Inflation_L2,-0.0546902778726585,0.160484425960862,1
2020-07-01,239,Inflation_L3,-0.0425350411002122,0.160928384102719,1
2020-07-01,239,Inflation_L4,-0.193924627693289,0.151470223489248,1
2020-07-01,239,Unemployment_L1,4.12884306168449,0.599448299498686,1
2020-07-01,239,Unemployment_L2,-5.55646738580027,1.40436898237976,1
2020-07-01,239,Unemployment_L3,2.19954247642527,2.11333849732488,1
2020-07-01,239,Unemployment_L4,-0.259453267779497,1.16970990671126,1
2020-07-01,239,InterestRate_L1,0.873209649801825,0.341301418029738,1
2020-07-01,239,InterestRate_L2,-1.57047066742853,0.502345894347443,1
2020-07-01,239,InterestRate_L3,1.42178138532331,0.526398876728309,1
2020-07-01,239,InterestRate_L4,-0.600389597631346,0.373551267085744,1
2020-10-01,240,Intercept,-0.713172170042384,1.10559363398842,1
2020-10-01,240,GDPGrowth_L1,0.481033611970139,0.100936355159378,1
2020-10-01,240,Inflation_L1,-0.127029553404333,0.151736578990767,1
2020-10-01,240,Inflation_L2,-0.0953381957812768,0.1590538888899,1
2020-10-01,240,Inflation_L3,-0.0367127201199352,0.161456930831643,1
2020-10-01,240,Inflation_L4,-0.212026653989189,0.151588116562383,1
2020-10-01,240,Unemployment_L1,4.06577265607438,0.60028718567381,1
2020-10-01,240,Unemployment_L2,-3.59895972261879,0.709119465573023,1
2020-10-01,240,Unemployment_L3,-0.612975876638363,1.19817955195999,1
2020-10-01,240,Unemployment_L4,0.70728049344164,1.00803032108377,1
2020-10-01,240,InterestRate_L1,0.940587148953828,0.339933366076995,1
2020-10-01,240,InterestRate_L2,-1.48894852807266,0.501564430285266,1
2020-10-01,240,InterestRate_L3,1.29783750955048,0.522601553051811,1
2020-10-01,240,InterestRate_L4,-0.633938133781564,0.374290877968574,1
2021-01-01,241,Intercept,-0.515587774680883,1.09928917408296,1
2021-01-01,241,GDPGrowth_L1,0.474902019193794,0.101070792827879,1
2021-01-01,241,Inflation_L1,-0.154714735397127,0.15082006967535,1
2021-01-01,241,Inflation_L2,-0.0793364945225551,0.159011704266255,1
2021-01-01,241,Inflation_L3,-0.0591952309211252,0.161041755266817,1
2021-01-01,241,Inflation_L4,-0.208672453231557,0.151910360941271,1
2021-01-01,241,Unemployment_L1,3.88462439761779,0.587927774554795,1
2021-01-01,241,Unemployment_L2,-3.66999090044461,0.708946868227339,1
2021-01-01,241,Unemployment_L3,0.928041363924982,0.511849997680754,1
2021-01-01,241,Unemployment_L4,-0.588231041665044,0.432036680779201,1
2021-01-01,241,InterestRate_L1,0.975173940030544,0.339823713892774,1
2021-01-01,241,InterestRate_L2,-1.4724445386105,0.502556883246528,1
2021-01-01,241,InterestRate_L3,1.42376950413055,0.516197928058346,1
2021-01-01,241,InterestRate_L4,-0.810721106789688,0.353826910533451,1
2021-04-01,242,Intercept,-0.606890397320688,1.0964706231592,1
2021-04-01,242,GDPGrowth_L1,0.472576626803408,0.101086447961822,1
2021-04-01,242,Inflation_L1,-0.126366353174718,0.148589048443414,1
2021-04-01,242,Inflation_L2,-0.0835954849028007,0.159023586382331,1
2021-04-01,242,Inflation_L3,-0.0349283943580645,0.159536881549502,1
2021-04-01,242,Inflation_L4,-0.239099613515678,0.149348015462988,1
2021-04-01,242,Unemployment_L1,3.83673192619422,0.586486338942945,1
2021-04-01,242,Unemployment_L2,-3.73289213064802,0.70683396755862,1
2021-04-01,242,Unemployment_L3,0.856504727208836,0.507765562249438,1
2021-04-01,242,Unemployment_L4,-0.386538990690369,0.390010025061715,1
2021-04-01,242,InterestRate_L1,0.918043343835186,0.335834390732812,1
2021-04-01,242,InterestRate_L2,-1.45905786767627,0.502596119362872,1
2021-04-01,242,InterestRate_L3,1.38432388520699,0.515108026260775,1
2021-04-01,242,InterestRate_L4,-0.73995407911117,0.347876686976049,1
2021-07-01,243,Intercept,-0.614836901894304,1.09398859984018,1
2021-07-01,243,GDPGrowth_L1,0.47432498674735,0.100723879944938,1
2021-07-01,243,Inflation_L1,-0.120186771141823,0.146910613697285,1
2021-07-01,243,Inflation_L2,-0.0828882419620605,0.158691527718851,1
2021-07-01,243,Inflation_L3,-0.0379984749902845,0.158903694687229,1
2021-07-01,243,Inflation_L4,-0.234440385217299,0.148270877938667,1
2021-07-01,243,Unemployment_L1,3.8407815781992,0.585173977292709,1
2021-07-01,243,Unemployment_L2,-3.74964571071766,0.703301376198337,1
2021-07-01,243,Unemployment_L3,0.843932811271348,0.50508801887628,1
2021-07-01,243,Unemployment_L4,-0.360170102023597,0.37956117978853,1
2021-07-01,243,InterestRate_L1,0.908936919824756,0.333842630587509,1
2021-07-01,243,InterestRate_L2,-1.4624840386416,0.501474729520651,1
2021-07-01,243,InterestRate_L3,1.38793548864017,0.513951295997608,1
2021-07-01,243,InterestRate_L4,-0.737015339668517,0.347054079405149,1
2021-10-01,244,Intercept,-0.497759193197501,1.0995149943124,1
2021-10-01,244,GDPGrowth_L1,0.460108757210232,0.101125107243195,1
2021-10-01,244,Inflation_L1,-0.10424728788421,0.14764684458611,1
2021-10-01,244,Inflation_L2,-0.0463306447323126,0.158658325123963,1
2021-10-01,244,Inflation_L3,-0.0414046529752152,0.159926514443107,1
2021-10-01,244,Inflation_L4,-0.23671992251289,0.149229422296703,1
2021-10-01,244,Unemployment_L1,3.71162444648482,0.585374406737707,1
2021-10-01,244,Unemployment_L2,-3.63962993087119,0.705699022634168,1
2021-10-01,244,Unemployment_L3,0.792631246548161,0.507711905434351,1
2021-10-01,244,Unemployment_L4,-0.29801291109411,0.380742591390629,1
2021-10-01,244,InterestRate_L1,0.871376922626859,0.335478347981986,1
2021-10-01,244,InterestRate_L2,-1.47561907240456,0.504688279134571,1
2021-10-01,244,InterestRate_L3,1.35797926174609,0.517069320757572,1
2021-10-01,244,InterestRate_L4,-0.689804427612086,0.348498550661266,1
2022-01-01,245,Intercept,-0.511310621245453,1.09604177325029,1
2022-01-01,245,GDPGrowth_L1,0.459283406952551,0.100870225867174,1
2022-01-01,245,Inflation_L1,-0.109416810987436,0.145988314789619,1
2022-01-01,245,Inflation_L2,-0.0455161575685269,0.158306222166982,1
2022-01-01,245,Inflation_L3,-0.0467666176685736,0.158252879977962,1
2022-01-01,245,Inflation_L4,-0.235662284779351,0.148871588659926,1
2022-01-01,245,Unemployment_L1,3.71769306004013,0.583719980587022,1
2022-01-01,245,Unemployment_L2,-3.63220960381176,0.703688224077477,1
2022-01-01,245,Unemployment_L3,0.783930210416981,0.505568775575749,1
2022-01-01,245,Unemployment_L4,-0.300079994398165,0.379888737636737,1
2022-01-01,245,InterestRate_L1,0.88202307800067,0.332263597091839,1
2022-01-01,245,InterestRate_L2,-1.47928757771587,0.503468258852039,1
2022-01-01,245,InterestRate_L3,1.36144305751313,0.51585016847932,1
2022-01-01,245,InterestRate_L4,-0.694659862319933,0.347287532169015,1
2022-04-01,246,Intercept,-0.42688101728614,1.09077394653245,1
2022-04-01,246,GDPGrowth_L1,0.451561896796557,0.100390698702698,1
2022-04-01,246,Inflation_L1,-0.099882857919545,0.145458636529645,1
2022-04-01,246,Inflation_L2,-0.0354331813321084,0.157755092655682,1
2022-04-01,246,Inflation_L3,-0.0498081164614982,0.15811298768527,1
2022-04-01,246,Inflation_L4,-0.222933151271056,0.148011212708741,1
2022-04-01,246,Unemployment_L1,3.66460927465958,0.579950507247091,1
2022-04-01,246,Unemployment_L2,-3.61271777701096,0.702869182092634,1
2022-04-01,246,Unemployment_L3,0.768522066702951,0.504922844531264,1
2022-04-01,246,Unemployment_L4,-0.261964598107124,0.376952412335704,1
2022-04-01,246,InterestRate_L1,0.863133079167958,0.331300037215039,1
2022-04-01,246,InterestRate_L2,-1.49149738472967,0.50294571867252,1
2022-04-01,246,InterestRate_L3,1.35474624822198,0.515467048130843,1
2022-04-01,246,InterestRate_L4,-0.675418605401822,0.346320195185927,1
2022-07-01,247,Intercept,-0.325370802842119,1.0869888759918,1
2022-07-01,247,GDPGrowth_L1,0.446045786880966,0.100290001557123,1
2022-07-01,247,Inflation_L1,-0.0872907089876606,0.145028157266551,1
2022-07-01,247,Inflation_L2,-0.0272374063938965,0.157618905782364,1
2022-07-01,247,Inflation_L3,-0.0381461707783731,0.157787117112839,1
2022-07-01,247,Inflation_L4,-0.220480737105299,0.148040066271486,1
2022-07-01,247,Unemployment_L1,3.62630327051638,0.579028367130206,1
2022-07-01,247,Unemployment_L2,-3.59338950306411,0.702858499038073,1
2022-07-01,247,Unemployment_L3,0.744463225842815,0.504581468797301,1
2022-07-01,247,Unemployment_L4,-0.233961688874233,0.376162567249235,1
2022-07-01,247,InterestRate_L1,0.852635532954388,0.331259179597074,1
2022-07-01,247,InterestRate_L2,-1.50903504237394,0.502837182130541,1
2022-07-01,247,InterestRate_L3,1.33678703975712,0.515356267825272,1
2022-07-01,247,InterestRate_L4,-0.651489375862541,0.34570724271663,1
2022-10-01,248,Intercept,-0.281995991733133,1.0825630258352,1
2022-10-01,248,GDPGrowth_L1,0.448240939138502,0.100063352397507,1
2022-10-01,248,Inflation_L1,-0.0976853355168096,0.143597786684727,1
2022-10-01,248,Inflation_L2,-0.0151890104425991,0.155881911637538,1
2022-10-01,248,Inflation_L3,-0.0346441673093584,0.157427062268612,1
2022-10-01,248,Inflation_L4,-0.209741616593287,0.146549594669208,1
2022-10-01,248,Unemployment_L1,3.62704859966862,0.57816912265327,1
2022-10-01,248,Unemployment_L2,-3.59798089260997,0.70176865780362,1
2022-10-01,248,Unemployment_L3,0.739768975495379,0.503763097835342,1
2022-10-01,248,Unemployment_L4,-0.232926949278175,0.375600751927594,1
2022-10-01,248,InterestRate_L1,0.864221895534845,0.330109420356157,1
2022-10-01,248,InterestRate_L2,-1.52285263560079,0.501475071395083,1
2022-10-01,248,InterestRate_L3,1.32940717908268,0.514421168349745,1
2022-10-01,248,InterestRate_L4,-0.652974525755474,0.345184797712768,1
2023-01-01,249,Intercept,-0.250195299442826,1.07829963227085,1
2023-01-01,249,GDPGrowth_L1,0.44993280426871,0.0998180139339245,1
2023-01-01,249,Inflation_L1,-0.104338291845792,0.142556313140503,1
2023-01-01,249,Inflation_L2,-0.0174236928216592,0.155531958147999,1
2023-01-01,249,Inflation_L3,-0.0257204693482361,0.155850370045053,1
2023-01-01,249,Inflation_L4,-0.201722837657207,0.14516513226632,1
2023-01-01,249,Unemployment_L1,3.63176240784288,0.577077983939549,1
2023-01-01,249,Unemployment_L2,-3.60561930910619,0.700350370919693,1
2023-01-01,249,Unemployment_L3,0.745202729712867,0.502747741797809,1
2023-01-01,249,Unemployment_L4,-0.24002759711863,0.374610697465361,1
2023-01-01,249,InterestRate_L1,0.871823450713535,0.329092328347879,1
2023-01-01,249,InterestRate_L2,-1.51901936913765,0.500539045266732,1
2023-01-01,249,InterestRate_L3,1.32158498478184,0.513232268532687,1
2023-01-01,249,InterestRate_L4,-0.663065900435447,0.343832713370946,1
2023-04-01,250,Intercept,-0.226310092796507,1.07411287045357,1
2023-04-01,250,GDPGrowth_L1,0.451214927231496,0.0995642930718745,1
2023-04-01,250,Inflation_L1,-0.109544910704559,0.141506633341952,1
2023-04-01,250,Inflation_L2,-0.018071690669023,0.155231065375194,1
2023-04-01,250,Inflation_L3,-0.0273348953782319,0.155491206671098,1
2023-04-01,250,Inflation_L4,-0.190977679404087,0.1415865597475,1
2023-04-01,250,Unemployment_L1,3.6353991783159,0.575908510289539,1
2023-04-01,250,Unemployment_L2,-3.60960783428526,0.698952054042378,1
2023-04-01,250,Unemployment_L3,0.745988162418395,0.501805962600309,1
2023-04-01,250,Unemployment_L4,-0.243508350278346,0.373779705960463,1
2023-04-01,250,InterestRate_L1,0.87729657622386,0.328104673618982,1
2023-04-01,250,InterestRate_L2,-1.51820094434126,0.499600924429703,1
2023-04-01,250,InterestRate_L3,1.32887830566855,0.511849669488998,1
2023-04-01,250,InterestRate_L4,-0.679885416775199,0.33979218324555,1
2023-07-01,251,Intercept,-0.177436126996292,1.06970951753894,1
2023-07-01,251,GDPGrowth_L1,0.452460574961905,0.0994116292655069,1
2023-07-01,251,Inflation_L1,-0.115190774978327,0.141017407361669,1
2023-07-01,251,Inflation_L2,-0.0190935289147739,0.155016574584197,1
2023-07-01,251,Inflation_L3,-0.0276565610079768,0.155284486482332,1
2023-07-01,251,Inflation_L4,-0.183983980559864,0.140935869846547,1
2023-07-01,251,Unemployment_L1,3.63874554685765,0.575120126142924,1
2023-07-01,251,Unemployment_L2,-3.61377334765075,0.697993588744182,1
2023-07-01,251,Unemployment_L3,0.751195692674029,0.501069346094541,1
2023-07-01,251,Unemployment_L4,-0.253932783546649,0.372895478152966,1
2023-07-01,251,InterestRate_L1,0.884590349937008,0.327453197962408,1
2023-07-01,251,InterestRate_L2,-1.51934206048784,0.498936095265643,1
2023-07-01,251,InterestRate_L3,1.34486774243247,0.510502947229526,1
2023-07-01,251,InterestRate_L4,-0.703453290925864,0.33714674401374,1
2023-10-01,252,Intercept,-0.177467555517046,1.06496389111167,1
2023-10-01,252,GDPGrowth_L1,0.452457841759672,0.0989994657483422,1
2023-10-01,252,Inflation_L1,-0.115189938665161,0.14070744881713,1
2023-10-01,252,Inflation_L2,-0.0190916529884433,0.154629262711345,1
2023-10-01,252,Inflation_L3,-0.0276567105609758,0.154957526354619,1
2023-10-01,252,Inflation_L4,-0.183986263609546,0.140539586511621,1
2023-10-01,252,Unemployment_L1,3.63873375065889,0.573257002961364,1
2023-10-01,252,Unemployment_L2,-3.61375735566584,0.695535725804915,1
2023-10-01,252,Unemployment_L3,0.751190964424636,0.499895094299908,1
2023-10-01,252,Unemployment_L4,-0.253927033187134,0.371871767059284,1
2023-10-01,252,InterestRate_L1,0.884588983109326,0.326749142900968,1
2023-10-01,252,InterestRate_L2,-1.51934193369718,0.49788672003973,1
2023-10-01,252,InterestRate_L3,1.34485897132843,0.509022296655044,1
2023-10-01,252,InterestRate_L4,-0.703443126928671,0.335609393545754,1
2024-01-01,253,Intercept,-0.223721530429314,1.05988527669663,1
2024-01-01,253,GDPGrowth_L1,0.4507689508085,0.0988018569374806,1
2024-01-01,253,Inflation_L1,-0.113049204180855,0.140441133387639,1
2024-01-01,253,Inflation_L2,-0.0202907314466964,0.154382568386653,1
2024-01-01,253,Inflation_L3,-0.0254377405173269,0.154671341894819,1
2024-01-01,253,Inflation_L4,-0.185613186710802,0.140297356585174,1
2024-01-01,253,Unemployment_L1,3.63191712923772,0.57226160622122,1
2024-01-01,253,Unemployment_L2,-3.60539897882443,0.694324366090387,1
2024-01-01,253,Unemployment_L3,0.752500498399018,0.49914376358752,1
2024-01-01,253,Unemployment_L4,-0.249769632108282,0.371236643055247,1
2024-01-01,253,InterestRate_L1,0.882870572895663,0.326246258608072,1
2024-01-01,253,InterestRate_L2,-1.51868194280961,0.497142817286257,1
2024-01-01,253,InterestRate_L3,1.33980997354549,0.508176422866213,1
2024-01-01,253,InterestRate_L4,-0.698229548265315,0.334968448045492,1
2024-04-01,254,Intercept,-0.158384596160515,1.05219957252148,1
2024-04-01,254,GDPGrowth_L1,0.447652501891532,0.0985120548604743,1
2024-04-01,254,Inflation_L1,-0.111335094494236,0.140211570610462,1
2024-04-01,254,Inflation_L2,-0.0232432990229859,0.154078864076073,1
2024-04-01,254,Inflation_L3,-0.0243408674224506,0.154441929800623,1
2024-04-01,254,Inflation_L4,-0.188112853740926,0.140031764275291,1
2024-04-01,254,Unemployment_L1,3.61639586955753,0.570810939485423,1
2024-04-01,254,Unemployment_L2,-3.58947959275781,0.692788063666537,1
2024-04-01,254,Unemployment_L3,0.749635158222972,0.498416695629618,1
2024-04-01,254,Unemployment_L4,-0.255266246446022,0.370589812137897,1
2024-04-01,254,InterestRate_L1,0.882926209916874,0.325787512922894,1
2024-04-01,254,InterestRate_L2,-1.5169862458811,0.496434919759313,1
2024-04-01,254,InterestRate_L3,1.33789874279536,0.507450857408167,1
2024-04-01,254,InterestRate_L4,-0.696100979863177,0.334476707267898,1
2024-07-01,255,Intercept,-0.150467294174103,1.04659304733953,1
2024-07-01,255,GDPGrowth_L1,0.447926797938147,0.0982651915550862,1
2024-07-01,255,Inflation_L1,-0.111754494338668,0.139850552045439,1
2024-07-01,255,Inflation_L2,-0.0228391246339444,0.153700502557653,1
2024-07-01,255,Inflation_L3,-0.0246820665111595,0.154080492939725,1
2024-07-01,255,Inflation_L4,-0.187999266813596,0.139738147630019,1
2024-07-01,255,Unemployment_L1,3.61717375133894,0.56957460551227,1
2024-07-01,255,Unemployment_L2,-3.59085652674172,0.691203921300153,1
2024-07-01,255,Unemployment_L3,0.749814970255158,0.497386789439793,1
2024-07-01,255,Unemployment_L4,-0.256098732911219,0.369718992465391,1
2024-07-01,255,InterestRate_L1,0.883072774919257,0.325112963204635,1
2024-07-01,255,InterestRate_L2,-1.5172952633722,0.495401743857383,1
2024-07-01,255,InterestRate_L3,1.33826217680413,0.506391084641844,1
2024-07-01,255,InterestRate_L4,-0.696094532478549,0.333788062024552,1
2024-10-01,256,Intercept,-0.179862459547036,1.04136781487978,1
2024-10-01,256,GDPGrowth_L1,0.447039693152173,0.0980549245115143,1
2024-10-01,256,Inflation_L1,-0.108985842513711,0.139376349425586,1
2024-10-01,256,Inflation_L2,-0.0229346420206421,0.153421815960751,1
2024-10-01,256,Inflation_L3,-0.0262513413730116,0.153736997158117,1
2024-10-01,256,Inflation_L4,-0.187358751757944,0.139473174074791,1
2024-10-01,256,Unemployment_L1,3.6151451949256,0.56851366252961,1
2024-10-01,256,Unemployment_L2,-3.58724161774871,0.689875601544495,1
2024-10-01,256,Unemployment_L3,0.749519947719125,0.496485006767484,1
2024-10-01,256,Unemployment_L4,-0.253056163008104,0.368948381546414,1
2024-10-01,256,InterestRate_L1,0.883120886676649,0.324523951888728,1
2024-10-01,256,InterestRate_L2,-1.51962030104644,0.494460328442787,1
2024-10-01,256,InterestRate_L3,1.34046861403823,0.505434987310483,1
2024-10-01,256,InterestRate_L4,-0.69713865046768,0.333170213823384,1
2025-01-01,257,Intercept,-0.226628099258388,1.03425362595749,1
2025-01-01,257,GDPGrowth_L1,0.448784284829433,0.0978129287628668,1
2025-01-01,257,Inflation_L1,-0.11120682078283,0.139054726156536,1
2025-01-01,257,Inflation_L2,-0.0178366997032352,0.152733422468113,1
2025-01-01,257,Inflation_L3,-0.0267528797766522,0.153477975510006,1
2025-01-01,257,Inflation_L4,-0.188025550415031,0.139233825403225,1
2025-01-01,257,Unemployment_L1,3.62709937839466,0.566927720342583,1
2025-01-01,257,Unemployment_L2,-3.59548300139272,0.688480084975879,1
2025-01-01,257,Unemployment_L3,0.749335962558603,0.495661857645862,1
2025-01-01,257,Unemployment_L4,-0.25070764246466,0.368298556019353,1
2025-01-01,257,InterestRate_L1,0.890807536431995,0.323519798659792,1
2025-01-01,257,InterestRate_L2,-1.52881848238921,0.493202666049131,1
2025-01-01,257,InterestRate_L3,1.34346189430598,0.504551814190468,1
2025-01-01,257,InterestRate_L4,-0.69986750700576,0.332560751591757,1
2025-04-01,258,Intercept,-0.137010118659858,1.02657263232966,1
2025-04-01,258,GDPGrowth_L1,0.441920132880054,0.0973075606176926,1
2025-04-01,258,Inflation_L1,-0.107110626011358,0.138828326021077,1
2025-04-01,258,Inflation_L2,-0.0167802481847971,0.152593742197058,1
2025-04-01,258,Inflation_L3,-0.035232570138698,0.152935856922608,1
2025-04-01,258,Inflation_L4,-0.188171718983625,0.139112153232459,1
2025-04-01,258,Unemployment_L1,3.59314883645723,0.564661230643839,1
2025-04-01,258,Unemployment_L2,-3.56566263691021,0.686754464841097,1
2025-04-01,258,Unemployment_L3,0.741633308390279,0.495125038000084,1
2025-04-01,258,Unemployment_L4,-0.248854509276576,0.367968952089609,1
2025-04-01,258,InterestRate_L1,0.890060942810929,0.323235895861634,1
2025-04-01,258,InterestRate_L2,-1.54161312317449,0.492483288251439,1
2025-04-01,258,InterestRate_L3,1.35207242494751,0.503983526270334,1
2025-04-01,258,InterestRate_L4,-0.69214362569964,0.332114347680342,1
2025-07-01,259,Intercept,-0.111172546963833,1.02098750403542,1
2025-07-01,259,GDPGrowth_L1,0.442391005704381,0.097113530244423,1
2025-07-01,259,Inflation_L1,-0.108835881028844,0.138448879695704,1
2025-07-01,259,Inflation_L2,-0.0143854457275193,0.152097533649793,1
2025-07-01,259,Inflation_L3,-0.03433288587832,0.152621251472955,1
2025-07-01,259,Inflation_L4,-0.190745385249416,0.138584370461643,1
2025-07-01,259,Unemployment_L1,3.59240288322475,0.563604310710568,1
2025-07-01,259,Unemployment_L2,-3.56678008565603,0.685465518858754,1
2025-07-01,259,Unemployment_L3,0.739891466301586,0.494168590536816,1
2025-07-01,259,Unemployment_L4,-0.249136342752949,0.367282600351095,1
2025-07-01,259,InterestRate_L1,0.889871132855196,0.322633422923381,1
2025-07-01,259,InterestRate_L2,-1.54199374437844,0.491564657264368,1
2025-07-01,259,InterestRate_L3,1.34664498796607,0.502715434373258,1
2025-07-01,259,InterestRate_L4,-0.685360211899574,0.330713742386255,1
2025-10-01,260,Intercept,-0.16025393256909,1.01737399677778,1
2025-10-01,260,GDPGrowth_L1,0.440006638854461,0.0969465118807744,1
2025-10-01,260,Inflation_L1,-0.111226815972276,0.138255639640239,1
2025-10-01,260,Inflation_L2,-0.00803674977783275,0.151651406419954,1
2025-10-01,260,Inflation_L3,-0.0394189726414565,0.152276284744708,1
2025-10-01,260,Inflation_L4,-0.189295118004776,0.138418761244622,1
2025-10-01,260,Unemployment_L1,3.58310609089291,0.562833332751596,1
2025-10-01,260,Unemployment_L2,-3.54854632198137,0.684210208356169,1
2025-10-01,260,Unemployment_L3,0.733654461197339,0.493551890067538,1
2025-10-01,260,Unemployment_L4,-0.244114895683551,0.366813455461447,1
2025-10-01,260,InterestRate_L1,0.896153554462903,0.322155326362338,1
2025-10-01,260,InterestRate_L2,-1.55041916557224,0.490880884842502,1
2025-10-01,260,InterestRate_L3,1.35444645217255,0.502044468420433,1
2025-10-01,260,InterestRate_L4,-0.69114338622557,0.330249488929811,1
2026-01-01,261,Intercept,-0.141965821711804,1.01123712280535,1
2026-01-01,261,GDPGrowth_L1,0.439060847315605,0.0966413357060983,1
2026-01-01,261,Inflation_L1,-0.111315421012155,0.13798585915499,1
2026-01-01,261,Inflation_L2,-0.00751875702971896,0.151333944110594,1
2026-01-01,261,Inflation_L3,-0.0413499330514901,0.151670633146936,1
2026-01-01,261,Inflation_L4,-0.188269358403847,0.138053423755984,1
2026-01-01,261,Unemployment_L1,3.57841515004191,0.561244405169584,1
2026-01-01,261,Unemployment_L2,-3.54356310205806,0.682420500185631,1
2026-01-01,261,Unemployment_L3,0.730734535463196,0.492373334103772,1
2026-01-01,261,Unemployment_L4,-0.243475032926224,0.366085502381913,1
2026-01-01,261,InterestRate_L1,0.895125175066747,0.321486941037587,1
2026-01-01,261,InterestRate_L2,-1.54982620082358,0.489916526369657,1
2026-01-01,261,InterestRate_L3,1.35408545671174,0.501064147354085,1
2026-01-01,261,InterestRate_L4,-0.690173000430491,0.32957079649592,1
2026-04-01,262,Intercept,-0.151386760528384,1.0051588418858,1
2026-04-01,262,GDPGrowth_L1,0.439427385963317,0.0963842152264175,1
2026-04-01,262,Inflation_L1,-0.111699758428586,0.137660970756373,1
2026-04-01,262,Inflation_L2,-0.00733262269688347,0.1510212640067,1
2026-04-01,262,Inflation_L3,-0.041730720128611,0.151323713168643,1
2026-04-01,262,Inflation_L4,-0.187461119115367,0.13755922786465,1
2026-04-01,262,Unemployment_L1,3.58089082894553,0.559619668301647,1
2026-04-01,262,Unemployment_L2,-3.54580371888536,0.680718496380838,1
2026-04-01,262,Unemployment_L3,0.730817424537644,0.491389751918783,1
2026-04-01,262,Unemployment_L4,-0.242680376206791,0.365275043836141,1
2026-04-01,262,InterestRate_L1,0.89584523688269,0.320770693418323,1
2026-04-01,262,InterestRate_L2,-1.54987812327831,0.488938238882123,1
2026-04-01,262,InterestRate_L3,1.35424884939886,0.500061400133529,1
2026-04-01,262,InterestRate_L4,-0.691114518796252,0.328788684259008,1
