TargetQuarter,OriginRule,ForecastOrigin,Feature,SourceSeries,Value,RequiredObservationCount,AvailableObservationCount,IsComplete,RequiredObservationDates,SelectedObservationDates,SelectedRealtimeStarts,SelectedValues,LatestSelectedVintageStart,LatestRequiredAvailabilityDate,IncompleteReason
2000-01-01,primary-early-quarter,2000-02-14,GDPGrowth_L1,GDPC1,5.6361272724344,2,2,1,1999-07-01|1999-10-01,1999-07-01|1999-10-01,1999-12-22|2000-01-28,8900.6000000000004|9026.8999999999996,2000-01-28,2000-01-28,
2000-01-01,primary-early-quarter,2000-02-14,Inflation_L1,CPIAUCSL,2.8594244087088,6,6,1,1999-07-01|1999-08-01|1999-09-01|1999-10-01|1999-11-01|1999-12-01,1999-07-01|1999-08-01|1999-09-01|1999-10-01|1999-11-01|1999-12-01,1999-08-17|1999-09-15|1999-10-19|1999-11-17|1999-12-14|2000-01-14,166.69999999999999|167.19999999999999|167.90000000000001|168.19999999999999|168.40000000000001|168.80000000000001,2000-01-14,2000-01-14,
2000-01-01,primary-early-quarter,2000-02-14,Unemployment_L1,UNRATE,4.1,3,3,1,1999-10-01|1999-11-01|1999-12-01,1999-10-01|1999-11-01|1999-12-01,1999-11-05|1999-12-03|2000-01-07,4.0999999999999996|4.0999999999999996|4.0999999999999996,2000-01-07,2000-01-07,
2000-01-01,primary-early-quarter,2000-02-14,InterestRate_L1,FEDFUNDS,5.30666666666667,3,3,1,1999-10-01|1999-11-01|1999-12-01,1999-10-01|1999-11-01|1999-12-01,1999-11-02|1999-12-07|2000-01-04,5.2000000000000002|5.4199999999999999|5.2999999999999998,2000-01-04,2000-01-04,
2000-01-01,strict-quarter-start,1999-12-31,GDPGrowth_L1,GDPC1,NaN,2,1,0,1999-07-01|1999-10-01,1999-07-01,1999-12-22,8900.6000000000004,1999-12-22,2000-01-28,Required observation not released by forecast origin
2000-01-01,strict-quarter-start,1999-12-31,Inflation_L1,CPIAUCSL,NaN,6,5,0,1999-07-01|1999-08-01|1999-09-01|1999-10-01|1999-11-01|1999-12-01,1999-07-01|1999-08-01|1999-09-01|1999-10-01|1999-11-01,1999-08-17|1999-09-15|1999-10-19|1999-11-17|1999-12-14,166.69999999999999|167.19999999999999|167.90000000000001|168.19999999999999|168.40000000000001,1999-12-14,2000-01-14,Required observation not released by forecast origin
2000-01-01,strict-quarter-start,1999-12-31,Unemployment_L1,UNRATE,NaN,3,2,0,1999-10-01|1999-11-01|1999-12-01,1999-10-01|1999-11-01,1999-11-05|1999-12-03,4.0999999999999996|4.0999999999999996,1999-12-03,2000-01-07,Required observation not released by forecast origin
2000-01-01,strict-quarter-start,1999-12-31,InterestRate_L1,FEDFUNDS,NaN,3,2,0,1999-10-01|1999-11-01|1999-12-01,1999-10-01|1999-11-01,1999-11-02|1999-12-07,5.2000000000000002|5.4199999999999999,1999-12-07,2000-01-04,Required observation not released by forecast origin
2000-04-01,primary-early-quarter,2000-05-15,GDPGrowth_L1,GDPC1,5.25021553183104,2,2,1,1999-10-01|2000-01-01,1999-10-01|2000-01-01,2000-03-30|2000-04-27,9037.2000000000007|9156.6000000000004,2000-04-27,2000-04-27,
2000-04-01,primary-early-quarter,2000-05-15,Inflation_L1,CPIAUCSL,3.93859030882512,6,6,1,1999-10-01|1999-11-01|1999-12-01|2000-01-01|2000-02-01|2000-03-01,1999-10-01|1999-11-01|1999-12-01|2000-01-01|2000-02-01|2000-03-01,2000-02-18|1999-12-14|2000-01-14|2000-02-18|2000-03-17|2000-04-14,168.09999999999999|168.40000000000001|168.80000000000001|169.09999999999999|170|171.19999999999999,2000-04-14,2000-04-14,
2000-04-01,primary-early-quarter,2000-05-15,Unemployment_L1,UNRATE,4.06666666666667,3,3,1,2000-01-01|2000-02-01|2000-03-01,2000-01-01|2000-02-01|2000-03-01,2000-02-04|2000-03-03|2000-04-07,4|4.0999999999999996|4.0999999999999996,2000-04-07,2000-04-07,
2000-04-01,primary-early-quarter,2000-05-15,InterestRate_L1,FEDFUNDS,5.67666666666667,3,3,1,2000-01-01|2000-02-01|2000-03-01,2000-01-01|2000-02-01|2000-03-01,2000-02-08|2000-03-07|2000-04-04,5.4500000000000002|5.7300000000000004|5.8499999999999996,2000-04-04,2000-04-04,
2000-04-01,strict-quarter-start,2000-03-31,GDPGrowth_L1,GDPC1,NaN,2,1,0,1999-10-01|2000-01-01,1999-10-01,2000-03-30,9037.2000000000007,2000-03-30,2000-04-27,Required observation not released by forecast origin
2000-04-01,strict-quarter-start,2000-03-31,Inflation_L1,CPIAUCSL,NaN,6,5,0,1999-10-01|1999-11-01|1999-12-01|2000-01-01|2000-02-01|2000-03-01,1999-10-01|1999-11-01|1999-12-01|2000-01-01|2000-02-01,2000-02-18|1999-12-14|2000-01-14|2000-02-18|2000-03-17,168.09999999999999|168.40000000000001|168.80000000000001|169.09999999999999|170,2000-03-17,2000-04-14,Required observation not released by forecast origin
2000-04-01,strict-quarter-start,2000-03-31,Unemployment_L1,UNRATE,NaN,3,2,0,2000-01-01|2000-02-01|2000-03-01,2000-01-01|2000-02-01,2000-02-04|2000-03-03,4|4.0999999999999996,2000-03-03,2000-04-07,Required observation not released by forecast origin
2000-04-01,strict-quarter-start,2000-03-31,InterestRate_L1,FEDFUNDS,NaN,3,2,0,2000-01-01|2000-02-01|2000-03-01,2000-01-01|2000-02-01,2000-02-08|2000-03-07,5.4500000000000002|5.7300000000000004,2000-03-07,2000-04-04,Required observation not released by forecast origin
2000-07-01,primary-early-quarter,2000-08-14,GDPGrowth_L1,GDPC1,5.05936282379176,2,2,1,2000-01-01|2000-04-01,2000-01-01|2000-04-01,2000-07-28|2000-07-28,9191.7999999999993|9308.7999999999993,2000-07-28,2000-07-28,
2000-07-01,primary-early-quarter,2000-08-14,Inflation_L1,CPIAUCSL,3.51187506081831,6,6,1,2000-01-01|2000-02-01|2000-03-01|2000-04-01|2000-05-01|2000-06-01,2000-01-01|2000-02-01|2000-03-01|2000-04-01|2000-05-01|2000-06-01,2000-02-18|2000-03-17|2000-04-14|2000-05-16|2000-06-14|2000-07-18,169.09999999999999|170|171.19999999999999|171.19999999999999|171.30000000000001|172.30000000000001,2000-07-18,2000-07-18,
2000-07-01,primary-early-quarter,2000-08-14,Unemployment_L1,UNRATE,4,3,3,1,2000-04-01|2000-05-01|2000-06-01,2000-04-01|2000-05-01|2000-06-01,2000-05-05|2000-06-02|2000-07-07,3.8999999999999999|4.0999999999999996|4,2000-07-07,2000-07-07,
2000-07-01,primary-early-quarter,2000-08-14,InterestRate_L1,FEDFUNDS,6.27333333333333,3,3,1,2000-04-01|2000-05-01|2000-06-01,2000-04-01|2000-05-01|2000-06-01,2000-05-02|2000-06-06|2000-07-05,6.0199999999999996|6.2699999999999996|6.5300000000000002,2000-07-05,2000-07-05,
2000-07-01,strict-quarter-start,2000-06-30,GDPGrowth_L1,GDPC1,NaN,2,1,0,2000-01-01|2000-04-01,2000-01-01,2000-06-29,9158.2000000000007,2000-06-29,2000-07-28,Required observation not released by forecast origin
2000-07-01,strict-quarter-start,2000-06-30,Inflation_L1,CPIAUCSL,NaN,6,5,0,2000-01-01|2000-02-01|2000-03-01|2000-04-01|2000-05-01|2000-06-01,2000-01-01|2000-02-01|2000-03-01|2000-04-01|2000-05-01,2000-02-18|2000-03-17|2000-04-14|2000-05-16|2000-06-14,169.09999999999999|170|171.19999999999999|171.19999999999999|171.30000000000001,2000-06-14,2000-07-18,Required observation not released by forecast origin
2000-07-01,strict-quarter-start,2000-06-30,Unemployment_L1,UNRATE,NaN,3,2,0,2000-04-01|2000-05-01|2000-06-01,2000-04-01|2000-05-01,2000-05-05|2000-06-02,3.8999999999999999|4.0999999999999996,2000-06-02,2000-07-07,Required observation not released by forecast origin
2000-07-01,strict-quarter-start,2000-06-30,InterestRate_L1,FEDFUNDS,NaN,3,2,0,2000-04-01|2000-05-01|2000-06-01,2000-04-01|2000-05-01,2000-05-02|2000-06-06,6.0199999999999996|6.2699999999999996,2000-06-06,2000-07-05,Required observation not released by forecast origin
2000-10-01,primary-early-quarter,2000-11-14,GDPGrowth_L1,GDPC1,2.70787244581711,2,2,1,2000-04-01|2000-07-01,2000-04-01|2000-07-01,2000-09-28|2000-10-27,9318.8999999999996|9382.2000000000007,2000-10-27,2000-10-27,
2000-10-01,primary-early-quarter,2000-11-14,Inflation_L1,CPIAUCSL,3.01654721721572,6,6,1,2000-04-01|2000-05-01|2000-06-01|2000-07-01|2000-08-01|2000-09-01,2000-04-01|2000-05-01|2000-06-01|2000-07-01|2000-08-01|2000-09-01,2000-09-28|2000-09-28|2000-09-28|2000-09-28|2000-09-28|2000-10-18,171.30000000000001|171.5|172.40000000000001|172.80000000000001|172.69999999999999|173.59999999999999,2000-10-18,2000-10-18,
2000-10-01,primary-early-quarter,2000-11-14,Unemployment_L1,UNRATE,4,3,3,1,2000-07-01|2000-08-01|2000-09-01,2000-07-01|2000-08-01|2000-09-01,2000-08-04|2000-09-01|2000-10-06,4|4.0999999999999996|3.8999999999999999,2000-10-06,2000-10-06,
2000-10-01,primary-early-quarter,2000-11-14,InterestRate_L1,FEDFUNDS,6.52,3,3,1,2000-07-01|2000-08-01|2000-09-01,2000-07-01|2000-08-01|2000-09-01,2000-08-08|2000-09-05|2000-10-03,6.54|6.5|6.5199999999999996,2000-10-03,2000-10-03,
2000-10-01,strict-quarter-start,2000-09-30,GDPGrowth_L1,GDPC1,NaN,2,1,0,2000-04-01|2000-07-01,2000-04-01,2000-09-28,9318.8999999999996,2000-09-28,2000-10-27,Required observation not released by forecast origin
2000-10-01,strict-quarter-start,2000-09-30,Inflation_L1,CPIAUCSL,NaN,6,5,0,2000-04-01|2000-05-01|2000-06-01|2000-07-01|2000-08-01|2000-09-01,2000-04-01|2000-05-01|2000-06-01|2000-07-01|2000-08-01,2000-09-28|2000-09-28|2000-09-28|2000-09-28|2000-09-28,171.30000000000001|171.5|172.40000000000001|172.80000000000001|172.69999999999999,2000-09-28,2000-10-18,Required observation not released by forecast origin
2000-10-01,strict-quarter-start,2000-09-30,Unemployment_L1,UNRATE,NaN,3,2,0,2000-07-01|2000-08-01|2000-09-01,2000-07-01|2000-08-01,2000-08-04|2000-09-01,4|4.0999999999999996,2000-09-01,2000-10-06,Required observation not released by forecast origin
2000-10-01,strict-quarter-start,2000-09-30,InterestRate_L1,FEDFUNDS,NaN,3,2,0,2000-07-01|2000-08-01|2000-09-01,2000-07-01|2000-08-01,2000-08-08|2000-09-05,6.54|6.5,2000-09-05,2000-10-03,Required observation not released by forecast origin
2001-01-01,primary-early-quarter,2001-02-14,GDPGrowth_L1,GDPC1,1.36380719192347,2,2,1,2000-07-01|2000-10-01,2000-07-01|2000-10-01,2000-12-21|2001-01-31,9369.5|9401.5,2001-01-31,2001-01-31,
2001-01-01,primary-early-quarter,2001-02-14,Inflation_L1,CPIAUCSL,2.68792410133158,6,6,1,2000-07-01|2000-08-01|2000-09-01|2000-10-01|2000-11-01|2000-12-01,2000-07-01|2000-08-01|2000-09-01|2000-10-01|2000-11-01|2000-12-01,2000-09-28|2000-09-28|2000-10-18|2000-11-16|2000-12-15|2001-01-17,172.80000000000001|172.69999999999999|173.59999999999999|173.90000000000001|174.19999999999999|174.5,2001-01-17,2001-01-17,
2001-01-01,primary-early-quarter,2001-02-14,Unemployment_L1,UNRATE,3.96666666666667,3,3,1,2000-10-01|2000-11-01|2000-12-01,2000-10-01|2000-11-01|2000-12-01,2000-11-03|2000-12-08|2001-01-05,3.8999999999999999|4|4,2001-01-05,2001-01-05,
2001-01-01,primary-early-quarter,2001-02-14,InterestRate_L1,FEDFUNDS,6.47333333333333,3,3,1,2000-10-01|2000-11-01|2000-12-01,2000-10-01|2000-11-01|2000-12-01,2000-11-07|2000-12-05|2001-01-02,6.5099999999999998|6.5099999999999998|6.4000000000000004,2001-01-02,2001-01-02,
2001-01-01,strict-quarter-start,2000-12-31,GDPGrowth_L1,GDPC1,NaN,2,1,0,2000-07-01|2000-10-01,2000-07-01,2000-12-21,9369.5,2000-12-21,2001-01-31,Required observation not released by forecast origin
2001-01-01,strict-quarter-start,2000-12-31,Inflation_L1,CPIAUCSL,NaN,6,5,0,2000-07-01|2000-08-01|2000-09-01|2000-10-01|2000-11-01|2000-12-01,2000-07-01|2000-08-01|2000-09-01|2000-10-01|2000-11-01,2000-09-28|2000-09-28|2000-10-18|2000-11-16|2000-12-15,172.80000000000001|172.69999999999999|173.59999999999999|173.90000000000001|174.19999999999999,2000-12-15,2001-01-17,Required observation not released by forecast origin
2001-01-01,strict-quarter-start,2000-12-31,Unemployment_L1,UNRATE,NaN,3,2,0,2000-10-01|2000-11-01|2000-12-01,2000-10-01|2000-11-01,2000-11-03|2000-12-08,3.8999999999999999|4,2000-12-08,2001-01-05,Required observation not released by forecast origin
2001-01-01,strict-quarter-start,2000-12-31,InterestRate_L1,FEDFUNDS,NaN,3,2,0,2000-10-01|2000-11-01|2000-12-01,2000-10-01|2000-11-01,2000-11-07|2000-12-05,6.5099999999999998|6.5099999999999998,2000-12-05,2001-01-02,Required observation not released by forecast origin
2001-04-01,primary-early-quarter,2001-05-15,GDPGrowth_L1,GDPC1,1.96245402557485,2,2,1,2000-10-01|2001-01-01,2000-10-01|2001-01-01,2001-03-29|2001-04-27,9393.7000000000007|9439.8999999999996,2001-04-27,2001-04-27,
2001-04-01,primary-early-quarter,2001-05-15,Inflation_L1,CPIAUCSL,4.110407245186,6,6,1,2000-10-01|2000-11-01|2000-12-01|2001-01-01|2001-02-01|2001-03-01,2000-10-01|2000-11-01|2000-12-01|2001-01-01|2001-02-01|2001-03-01,2000-11-16|2001-02-21|2001-02-21|2001-02-21|2001-03-21|2001-04-17,173.90000000000001|174.30000000000001|174.59999999999999|175.69999999999999|176.19999999999999|176.30000000000001,2001-04-17,2001-04-17,
2001-04-01,primary-early-quarter,2001-05-15,Unemployment_L1,UNRATE,4.23333333333333,3,3,1,2001-01-01|2001-02-01|2001-03-01,2001-01-01|2001-02-01|2001-03-01,2001-02-02|2001-03-09|2001-04-06,4.2000000000000002|4.2000000000000002|4.2999999999999998,2001-04-06,2001-04-06,
2001-04-01,primary-early-quarter,2001-05-15,InterestRate_L1,FEDFUNDS,5.59333333333333,3,3,1,2001-01-01|2001-02-01|2001-03-01,2001-01-01|2001-02-01|2001-03-01,2001-02-06|2001-03-06|2001-04-03,5.9800000000000004|5.4900000000000002|5.3099999999999996,2001-04-03,2001-04-03,
2001-04-01,strict-quarter-start,2001-03-31,GDPGrowth_L1,GDPC1,NaN,2,1,0,2000-10-01|2001-01-01,2000-10-01,2001-03-29,9393.7000000000007,2001-03-29,2001-04-27,Required observation not released by forecast origin
2001-04-01,strict-quarter-start,2001-03-31,Inflation_L1,CPIAUCSL,NaN,6,5,0,2000-10-01|2000-11-01|2000-12-01|2001-01-01|2001-02-01|2001-03-01,2000-10-01|2000-11-01|2000-12-01|2001-01-01|2001-02-01,2000-11-16|2001-02-21|2001-02-21|2001-02-21|2001-03-21,173.90000000000001|174.30000000000001|174.59999999999999|175.69999999999999|176.19999999999999,2001-03-21,2001-04-17,Required observation not released by forecast origin
2001-04-01,strict-quarter-start,2001-03-31,Unemployment_L1,UNRATE,NaN,3,2,0,2001-01-01|2001-02-01|2001-03-01,2001-01-01|2001-02-01,2001-02-02|2001-03-09,4.2000000000000002|4.2000000000000002,2001-03-09,2001-04-06,Required observation not released by forecast origin
2001-04-01,strict-quarter-start,2001-03-31,InterestRate_L1,FEDFUNDS,NaN,3,2,0,2001-01-01|2001-02-01|2001-03-01,2001-01-01|2001-02-01,2001-02-06|2001-03-06,5.9800000000000004|5.4900000000000002,2001-03-06,2001-04-03,Required observation not released by forecast origin
2001-07-01,primary-early-quarter,2001-08-14,GDPGrowth_L1,GDPC1,0.732095184053365,2,2,1,2001-01-01|2001-04-01,2001-01-01|2001-04-01,2001-07-27|2001-07-27,9334.5|9351.6000000000004,2001-07-27,2001-07-27,
2001-07-01,primary-early-quarter,2001-08-14,Inflation_L1,CPIAUCSL,3.01774347222271,6,6,1,2001-01-01|2001-02-01|2001-03-01|2001-04-01|2001-05-01|2001-06-01,2001-01-01|2001-02-01|2001-03-01|2001-04-01|2001-05-01|2001-06-01,2001-02-21|2001-03-21|2001-04-17|2001-05-16|2001-06-15|2001-07-18,175.69999999999999|176.19999999999999|176.30000000000001|176.80000000000001|177.5|177.90000000000001,2001-07-18,2001-07-18,
2001-07-01,primary-early-quarter,2001-08-14,Unemployment_L1,UNRATE,4.46666666666667,3,3,1,2001-04-01|2001-05-01|2001-06-01,2001-04-01|2001-05-01|2001-06-01,2001-05-04|2001-06-01|2001-07-06,4.5|4.4000000000000004|4.5,2001-07-06,2001-07-06,
2001-07-01,primary-early-quarter,2001-08-14,InterestRate_L1,FEDFUNDS,4.32666666666667,3,3,1,2001-04-01|2001-05-01|2001-06-01,2001-04-01|2001-05-01|2001-06-01,2001-05-08|2001-06-05|2001-07-03,4.7999999999999998|4.21|3.9700000000000002,2001-07-03,2001-07-03,
2001-07-01,strict-quarter-start,2001-06-30,GDPGrowth_L1,GDPC1,NaN,2,1,0,2001-01-01|2001-04-01,2001-01-01,2001-06-29,9422.7999999999993,2001-06-29,2001-07-27,Required observation not released by forecast origin
2001-07-01,strict-quarter-start,2001-06-30,Inflation_L1,CPIAUCSL,NaN,6,5,0,2001-01-01|2001-02-01|2001-03-01|2001-04-01|2001-05-01|2001-06-01,2001-01-01|2001-02-01|2001-03-01|2001-04-01|2001-05-01,2001-02-21|2001-03-21|2001-04-17|2001-05-16|2001-06-15,175.69999999999999|176.19999999999999|176.30000000000001|176.80000000000001|177.5,2001-06-15,2001-07-18,Required observation not released by forecast origin
2001-07-01,strict-quarter-start,2001-06-30,Unemployment_L1,UNRATE,NaN,3,2,0,2001-04-01|2001-05-01|2001-06-01,2001-04-01|2001-05-01,2001-05-04|2001-06-01,4.5|4.4000000000000004,2001-06-01,2001-07-06,Required observation not released by forecast origin
2001-07-01,strict-quarter-start,2001-06-30,InterestRate_L1,FEDFUNDS,NaN,3,2,0,2001-04-01|2001-05-01|2001-06-01,2001-04-01|2001-05-01,2001-05-08|2001-06-05,4.7999999999999998|4.21,2001-06-05,2001-07-03,Required observation not released by forecast origin
2001-10-01,primary-early-quarter,2001-11-14,GDPGrowth_L1,GDPC1,-0.355553675064528,2,2,1,2001-04-01|2001-07-01,2001-04-01|2001-07-01,2001-09-28|2001-10-31,9341.7000000000007|9333.3999999999996,2001-10-31,2001-10-31,
2001-10-01,primary-early-quarter,2001-11-14,Inflation_L1,CPIAUCSL,0.675866114050492,6,6,1,2001-04-01|2001-05-01|2001-06-01|2001-07-01|2001-08-01|2001-09-01,2001-04-01|2001-05-01|2001-06-01|2001-07-01|2001-08-01|2001-09-01,2001-05-16|2001-06-15|2001-07-18|2001-08-16|2001-09-18|2001-10-19,176.80000000000001|177.5|177.90000000000001|177.40000000000001|177.5|178.19999999999999,2001-10-19,2001-10-19,
2001-10-01,primary-early-quarter,2001-11-14,Unemployment_L1,UNRATE,4.76666666666667,3,3,1,2001-07-01|2001-08-01|2001-09-01,2001-07-01|2001-08-01|2001-09-01,2001-08-03|2001-09-07|2001-10-05,4.5|4.9000000000000004|4.9000000000000004,2001-10-05,2001-10-05,
2001-10-01,primary-early-quarter,2001-11-14,InterestRate_L1,FEDFUNDS,3.49666666666667,3,3,1,2001-07-01|2001-08-01|2001-09-01,2001-07-01|2001-08-01|2001-09-01,2001-08-07|2001-09-04|2001-10-02,3.77|3.6499999999999999|3.0699999999999998,2001-10-02,2001-10-02,
2001-10-01,strict-quarter-start,2001-09-30,GDPGrowth_L1,GDPC1,NaN,2,1,0,2001-04-01|2001-07-01,2001-04-01,2001-09-28,9341.7000000000007,2001-09-28,2001-10-31,Required observation not released by forecast origin
2001-10-01,strict-quarter-start,2001-09-30,Inflation_L1,CPIAUCSL,NaN,6,5,0,2001-04-01|2001-05-01|2001-06-01|2001-07-01|2001-08-01|2001-09-01,2001-04-01|2001-05-01|2001-06-01|2001-07-01|2001-08-01,2001-05-16|2001-06-15|2001-07-18|2001-08-16|2001-09-18,176.80000000000001|177.5|177.90000000000001|177.40000000000001|177.5,2001-09-18,2001-10-19,Required observation not released by forecast origin
2001-10-01,strict-quarter-start,2001-09-30,Unemployment_L1,UNRATE,NaN,3,2,0,2001-07-01|2001-08-01|2001-09-01,2001-07-01|2001-08-01,2001-08-03|2001-09-07,4.5|4.9000000000000004,2001-09-07,2001-10-05,Required observation not released by forecast origin
2001-10-01,strict-quarter-start,2001-09-30,InterestRate_L1,FEDFUNDS,NaN,3,2,0,2001-07-01|2001-08-01|2001-09-01,2001-07-01|2001-08-01,2001-08-07|2001-09-04,3.77|3.6499999999999999,2001-09-04,2001-10-02,Required observation not released by forecast origin
2002-01-01,primary-early-quarter,2002-02-14,GDPGrowth_L1,GDPC1,0.223343718891807,2,2,1,2001-07-01|2001-10-01,2001-07-01|2001-10-01,2001-12-21|2002-01-30,9310.3999999999996|9315.6000000000004,2002-01-30,2002-01-30,
2002-01-01,primary-early-quarter,2002-02-14,Inflation_L1,CPIAUCSL,-0.450450498053965,6,6,1,2001-07-01|2001-08-01|2001-09-01|2001-10-01|2001-11-01|2001-12-01,2001-07-01|2001-08-01|2001-09-01|2001-10-01|2001-11-01|2001-12-01,2001-08-16|2001-09-18|2001-10-19|2001-11-16|2001-12-14|2002-01-16,177.40000000000001|177.5|178.19999999999999|177.59999999999999|177.59999999999999|177.30000000000001,2002-01-16,2002-01-16,
2002-01-01,primary-early-quarter,2002-02-14,Unemployment_L1,UNRATE,5.6,3,3,1,2001-10-01|2001-11-01|2001-12-01,2001-10-01|2001-11-01|2001-12-01,2001-11-02|2002-01-04|2002-01-04,5.4000000000000004|5.5999999999999996|5.7999999999999998,2002-01-04,2002-01-04,
2002-01-01,primary-early-quarter,2002-02-14,InterestRate_L1,FEDFUNDS,2.13333333333333,3,3,1,2001-10-01|2001-11-01|2001-12-01,2001-10-01|2001-11-01|2001-12-01,2001-11-06|2001-12-04|2002-01-08,2.4900000000000002|2.0899999999999999|1.8200000000000001,2002-01-08,2002-01-08,
2002-01-01,strict-quarter-start,2001-12-31,GDPGrowth_L1,GDPC1,NaN,2,1,0,2001-07-01|2001-10-01,2001-07-01,2001-12-21,9310.3999999999996,2001-12-21,2002-01-30,Required observation not released by forecast origin
2002-01-01,strict-quarter-start,2001-12-31,Inflation_L1,CPIAUCSL,NaN,6,5,0,2001-07-01|2001-08-01|2001-09-01|2001-10-01|2001-11-01|2001-12-01,2001-07-01|2001-08-01|2001-09-01|2001-10-01|2001-11-01,2001-08-16|2001-09-18|2001-10-19|2001-11-16|2001-12-14,177.40000000000001|177.5|178.19999999999999|177.59999999999999|177.59999999999999,2001-12-14,2002-01-16,Required observation not released by forecast origin
2002-01-01,strict-quarter-start,2001-12-31,Unemployment_L1,UNRATE,NaN,3,2,0,2001-10-01|2001-11-01|2001-12-01,2001-10-01|2001-11-01,2001-11-02|2001-12-07,5.4000000000000004|5.7000000000000002,2001-12-07,2002-01-04,Required observation not released by forecast origin
2002-01-01,strict-quarter-start,2001-12-31,InterestRate_L1,FEDFUNDS,NaN,3,2,0,2001-10-01|2001-11-01|2001-12-01,2001-10-01|2001-11-01,2001-11-06|2001-12-04,2.4900000000000002|2.0899999999999999,2001-12-04,2002-01-08,Required observation not released by forecast origin
2002-04-01,primary-early-quarter,2002-05-15,GDPGrowth_L1,GDPC1,5.67168450133493,2,2,1,2001-10-01|2002-01-01,2001-10-01|2002-01-01,2002-03-28|2002-04-26,9348.6000000000004|9482.1000000000004,2002-04-26,2002-04-26,
2002-04-01,primary-early-quarter,2002-05-15,Inflation_L1,CPIAUCSL,1.35008566196155,6,6,1,2001-10-01|2001-11-01|2001-12-01|2002-01-01|2002-02-01|2002-03-01,2001-10-01|2001-11-01|2001-12-01|2002-01-01|2002-02-01|2002-03-01,2001-11-16|2002-02-20|2002-01-16|2002-02-20|2002-03-21|2002-04-16,177.59999999999999|177.5|177.30000000000001|177.59999999999999|178|178.59999999999999,2002-04-16,2002-04-16,
2002-04-01,primary-early-quarter,2002-05-15,Unemployment_L1,UNRATE,5.6,3,3,1,2002-01-01|2002-02-01|2002-03-01,2002-01-01|2002-02-01|2002-03-01,2002-02-01|2002-03-08|2002-04-05,5.5999999999999996|5.5|5.7000000000000002,2002-04-05,2002-04-05,
2002-04-01,primary-early-quarter,2002-05-15,InterestRate_L1,FEDFUNDS,1.73333333333333,3,3,1,2002-01-01|2002-02-01|2002-03-01,2002-01-01|2002-02-01|2002-03-01,2002-02-04|2002-03-04|2002-04-01,1.73|1.74|1.73,2002-04-01,2002-04-01,
2002-04-01,strict-quarter-start,2002-03-31,GDPGrowth_L1,GDPC1,NaN,2,1,0,2001-10-01|2002-01-01,2001-10-01,2002-03-28,9348.6000000000004,2002-03-28,2002-04-26,Required observation not released by forecast origin
2002-04-01,strict-quarter-start,2002-03-31,Inflation_L1,CPIAUCSL,NaN,6,5,0,2001-10-01|2001-11-01|2001-12-01|2002-01-01|2002-02-01|2002-03-01,2001-10-01|2001-11-01|2001-12-01|2002-01-01|2002-02-01,2001-11-16|2002-02-20|2002-01-16|2002-02-20|2002-03-21,177.59999999999999|177.5|177.30000000000001|177.59999999999999|178,2002-03-21,2002-04-16,Required observation not released by forecast origin
2002-04-01,strict-quarter-start,2002-03-31,Unemployment_L1,UNRATE,NaN,3,2,0,2002-01-01|2002-02-01|2002-03-01,2002-01-01|2002-02-01,2002-02-01|2002-03-08,5.5999999999999996|5.5,2002-03-08,2002-04-05,Required observation not released by forecast origin
2002-04-01,strict-quarter-start,2002-03-31,InterestRate_L1,FEDFUNDS,NaN,3,2,0,2002-01-01|2002-02-01|2002-03-01,2002-01-01|2002-02-01,2002-02-04|2002-03-04,1.73|1.74,2002-03-04,2002-04-01,Required observation not released by forecast origin
2002-07-01,primary-early-quarter,2002-08-14,GDPGrowth_L1,GDPC1,1.05380545295768,2,2,1,2002-01-01|2002-04-01,2002-01-01|2002-04-01,2002-07-31|2002-07-31,9363.2000000000007|9387.8999999999996,2002-07-31,2002-07-31,
2002-07-01,primary-early-quarter,2002-08-14,Inflation_L1,CPIAUCSL,3.35541160425107,6,6,1,2002-01-01|2002-02-01|2002-03-01|2002-04-01|2002-05-01|2002-06-01,2002-01-01|2002-02-01|2002-03-01|2002-04-01|2002-05-01|2002-06-01,2002-02-20|2002-03-21|2002-04-16|2002-05-15|2002-06-18|2002-07-19,177.59999999999999|178|178.59999999999999|179.5|179.5|179.69999999999999,2002-07-19,2002-07-19,
2002-07-01,primary-early-quarter,2002-08-14,Unemployment_L1,UNRATE,5.9,3,3,1,2002-04-01|2002-05-01|2002-06-01,2002-04-01|2002-05-01|2002-06-01,2002-05-03|2002-06-07|2002-07-05,6|5.7999999999999998|5.9000000000000004,2002-07-05,2002-07-05,
2002-07-01,primary-early-quarter,2002-08-14,InterestRate_L1,FEDFUNDS,1.75,3,3,1,2002-04-01|2002-05-01|2002-06-01,2002-04-01|2002-05-01|2002-06-01,2002-05-06|2002-06-03|2002-07-01,1.75|1.75|1.75,2002-07-01,2002-07-01,
2002-07-01,strict-quarter-start,2002-06-30,GDPGrowth_L1,GDPC1,NaN,2,1,0,2002-01-01|2002-04-01,2002-01-01,2002-06-27,9488.6000000000004,2002-06-27,2002-07-31,Required observation not released by forecast origin
2002-07-01,strict-quarter-start,2002-06-30,Inflation_L1,CPIAUCSL,NaN,6,5,0,2002-01-01|2002-02-01|2002-03-01|2002-04-01|2002-05-01|2002-06-01,2002-01-01|2002-02-01|2002-03-01|2002-04-01|2002-05-01,2002-02-20|2002-03-21|2002-04-16|2002-05-15|2002-06-18,177.59999999999999|178|178.59999999999999|179.5|179.5,2002-06-18,2002-07-19,Required observation not released by forecast origin
2002-07-01,strict-quarter-start,2002-06-30,Unemployment_L1,UNRATE,NaN,3,2,0,2002-04-01|2002-05-01|2002-06-01,2002-04-01|2002-05-01,2002-05-03|2002-06-07,6|5.7999999999999998,2002-06-07,2002-07-05,Required observation not released by forecast origin
2002-07-01,strict-quarter-start,2002-06-30,InterestRate_L1,FEDFUNDS,NaN,3,2,0,2002-04-01|2002-05-01|2002-06-01,2002-04-01|2002-05-01,2002-05-06|2002-06-03,1.75|1.75,2002-06-03,2002-07-01,Required observation not released by forecast origin
2002-10-01,primary-early-quarter,2002-11-14,GDPGrowth_L1,GDPC1,3.08842532084142,2,2,1,2002-04-01|2002-07-01,2002-04-01|2002-07-01,2002-09-27|2002-10-31,9392.3999999999996|9465.2000000000007,2002-10-31,2002-10-31,
2002-10-01,primary-early-quarter,2002-11-14,Inflation_L1,CPIAUCSL,1.85202664405791,6,6,1,2002-04-01|2002-05-01|2002-06-01|2002-07-01|2002-08-01|2002-09-01,2002-04-01|2002-05-01|2002-06-01|2002-07-01|2002-08-01|2002-09-01,2002-05-15|2002-06-18|2002-07-19|2002-08-16|2002-09-18|2002-10-18,179.5|179.5|179.69999999999999|179.90000000000001|180.5|180.80000000000001,2002-10-18,2002-10-18,
2002-10-01,primary-early-quarter,2002-11-14,Unemployment_L1,UNRATE,5.73333333333333,3,3,1,2002-07-01|2002-08-01|2002-09-01,2002-07-01|2002-08-01|2002-09-01,2002-08-02|2002-09-06|2002-10-04,5.9000000000000004|5.7000000000000002|5.5999999999999996,2002-10-04,2002-10-04,
2002-10-01,primary-early-quarter,2002-11-14,InterestRate_L1,FEDFUNDS,1.74,3,3,1,2002-07-01|2002-08-01|2002-09-01,2002-07-01|2002-08-01|2002-09-01,2002-08-05|2002-09-03|2002-10-07,1.73|1.74|1.75,2002-10-07,2002-10-07,
2002-10-01,strict-quarter-start,2002-09-30,GDPGrowth_L1,GDPC1,NaN,2,1,0,2002-04-01|2002-07-01,2002-04-01,2002-09-27,9392.3999999999996,2002-09-27,2002-10-31,Required observation not released by forecast origin
2002-10-01,strict-quarter-start,2002-09-30,Inflation_L1,CPIAUCSL,NaN,6,5,0,2002-04-01|2002-05-01|2002-06-01|2002-07-01|2002-08-01|2002-09-01,2002-04-01|2002-05-01|2002-06-01|2002-07-01|2002-08-01,2002-05-15|2002-06-18|2002-07-19|2002-08-16|2002-09-18,179.5|179.5|179.69999999999999|179.90000000000001|180.5,2002-09-18,2002-10-18,Required observation not released by forecast origin
2002-10-01,strict-quarter-start,2002-09-30,Unemployment_L1,UNRATE,NaN,3,2,0,2002-07-01|2002-08-01|2002-09-01,2002-07-01|2002-08-01,2002-08-02|2002-09-06,5.9000000000000004|5.7000000000000002,2002-09-06,2002-10-04,Required observation not released by forecast origin
2002-10-01,strict-quarter-start,2002-09-30,InterestRate_L1,FEDFUNDS,NaN,3,2,0,2002-07-01|2002-08-01|2002-09-01,2002-07-01|2002-08-01,2002-08-05|2002-09-03,1.73|1.74,2002-09-03,2002-10-07,Required observation not released by forecast origin
2003-01-01,primary-early-quarter,2003-02-14,GDPGrowth_L1,GDPC1,0.741489932587696,2,2,1,2002-07-01|2002-10-01,2002-07-01|2002-10-01,2002-12-20|2003-01-30,9485.6000000000004|9503.2000000000007,2003-01-30,2003-01-30,
2003-01-01,primary-early-quarter,2003-02-14,Inflation_L1,CPIAUCSL,2.35814979227119,6,6,1,2002-07-01|2002-08-01|2002-09-01|2002-10-01|2002-11-01|2002-12-01,2002-07-01|2002-08-01|2002-09-01|2002-10-01|2002-11-01|2002-12-01,2002-08-16|2002-09-18|2002-10-18|2002-11-19|2002-12-17|2003-01-16,179.90000000000001|180.5|180.80000000000001|181.30000000000001|181.5|181.59999999999999,2003-01-16,2003-01-16,
2003-01-01,primary-early-quarter,2003-02-14,Unemployment_L1,UNRATE,5.9,3,3,1,2002-10-01|2002-11-01|2002-12-01,2002-10-01|2002-11-01|2002-12-01,2003-02-07|2003-02-07|2003-01-10,5.7999999999999998|5.9000000000000004|6,2003-02-07,2003-01-10,
2003-01-01,primary-early-quarter,2003-02-14,InterestRate_L1,FEDFUNDS,1.44333333333333,3,3,1,2002-10-01|2002-11-01|2002-12-01,2002-10-01|2002-11-01|2002-12-01,2002-11-04|2002-12-02|2003-01-06,1.75|1.3400000000000001|1.24,2003-01-06,2003-01-06,
2003-01-01,strict-quarter-start,2002-12-31,GDPGrowth_L1,GDPC1,NaN,2,1,0,2002-07-01|2002-10-01,2002-07-01,2002-12-20,9485.6000000000004,2002-12-20,2003-01-30,Required observation not released by forecast origin
2003-01-01,strict-quarter-start,2002-12-31,Inflation_L1,CPIAUCSL,NaN,6,5,0,2002-07-01|2002-08-01|2002-09-01|2002-10-01|2002-11-01|2002-12-01,2002-07-01|2002-08-01|2002-09-01|2002-10-01|2002-11-01,2002-08-16|2002-09-18|2002-10-18|2002-11-19|2002-12-17,179.90000000000001|180.5|180.80000000000001|181.30000000000001|181.5,2002-12-17,2003-01-16,Required observation not released by forecast origin
2003-01-01,strict-quarter-start,2002-12-31,Unemployment_L1,UNRATE,NaN,3,2,0,2002-10-01|2002-11-01|2002-12-01,2002-10-01|2002-11-01,2002-11-01|2002-12-06,5.7000000000000002|6,2002-12-06,2003-01-10,Required observation not released by forecast origin
2003-01-01,strict-quarter-start,2002-12-31,InterestRate_L1,FEDFUNDS,NaN,3,2,0,2002-10-01|2002-11-01|2002-12-01,2002-10-01|2002-11-01,2002-11-04|2002-12-02,1.75|1.3400000000000001,2002-12-02,2003-01-06,Required observation not released by forecast origin
2003-04-01,primary-early-quarter,2003-05-15,GDPGrowth_L1,GDPC1,1.58538966703662,2,2,1,2002-10-01|2003-01-01,2002-10-01|2003-01-01,2003-03-27|2003-04-25,9518.2000000000007|9556,2003-04-25,2003-04-25,
2003-04-01,primary-early-quarter,2003-05-15,Inflation_L1,CPIAUCSL,3.803978924811,6,6,1,2002-10-01|2002-11-01|2002-12-01|2003-01-01|2003-02-01|2003-03-01,2002-10-01|2002-11-01|2002-12-01|2003-01-01|2003-02-01|2003-03-01,2003-02-21|2003-02-21|2003-01-16|2003-02-21|2003-03-21|2003-04-16,181.19999999999999|181.40000000000001|181.59999999999999|182.19999999999999|183.30000000000001|183.90000000000001,2003-04-16,2003-04-16,
2003-04-01,primary-early-quarter,2003-05-15,Unemployment_L1,UNRATE,5.76666666666667,3,3,1,2003-01-01|2003-02-01|2003-03-01,2003-01-01|2003-02-01|2003-03-01,2003-02-07|2003-03-07|2003-04-04,5.7000000000000002|5.7999999999999998|5.7999999999999998,2003-04-04,2003-04-04,
2003-04-01,primary-early-quarter,2003-05-15,InterestRate_L1,FEDFUNDS,1.25,3,3,1,2003-01-01|2003-02-01|2003-03-01,2003-01-01|2003-02-01|2003-03-01,2003-02-03|2003-03-03|2003-04-07,1.24|1.26|1.25,2003-04-07,2003-04-07,
2003-04-01,strict-quarter-start,2003-03-31,GDPGrowth_L1,GDPC1,NaN,2,1,0,2002-10-01|2003-01-01,2002-10-01,2003-03-27,9518.2000000000007,2003-03-27,2003-04-25,Required observation not released by forecast origin
2003-04-01,strict-quarter-start,2003-03-31,Inflation_L1,CPIAUCSL,NaN,6,5,0,2002-10-01|2002-11-01|2002-12-01|2003-01-01|2003-02-01|2003-03-01,2002-10-01|2002-11-01|2002-12-01|2003-01-01|2003-02-01,2003-02-21|2003-02-21|2003-01-16|2003-02-21|2003-03-21,181.19999999999999|181.40000000000001|181.59999999999999|182.19999999999999|183.30000000000001,2003-03-21,2003-04-16,Required observation not released by forecast origin
2003-04-01,strict-quarter-start,2003-03-31,Unemployment_L1,UNRATE,NaN,3,2,0,2003-01-01|2003-02-01|2003-03-01,2003-01-01|2003-02-01,2003-02-07|2003-03-07,5.7000000000000002|5.7999999999999998,2003-03-07,2003-04-04,Required observation not released by forecast origin
2003-04-01,strict-quarter-start,2003-03-31,InterestRate_L1,FEDFUNDS,NaN,3,2,0,2003-01-01|2003-02-01|2003-03-01,2003-01-01|2003-02-01,2003-02-03|2003-03-03,1.24|1.26,2003-03-03,2003-04-07,Required observation not released by forecast origin
2003-07-01,primary-early-quarter,2003-08-14,GDPGrowth_L1,GDPC1,2.34237442664492,2,2,1,2003-01-01|2003-04-01,2003-01-01|2003-04-01,2003-06-26|2003-07-31,9552|9608.1000000000004,2003-07-31,2003-07-31,
2003-07-01,primary-early-quarter,2003-08-14,Inflation_L1,CPIAUCSL,0.582029931720331,6,6,1,2003-01-01|2003-02-01|2003-03-01|2003-04-01|2003-05-01|2003-06-01,2003-01-01|2003-02-01|2003-03-01|2003-04-01|2003-05-01|2003-06-01,2003-02-21|2003-03-21|2003-04-16|2003-05-16|2003-06-17|2003-07-16,182.19999999999999|183.30000000000001|183.90000000000001|183.30000000000001|183.30000000000001|183.59999999999999,2003-07-16,2003-07-16,
2003-07-01,primary-early-quarter,2003-08-14,Unemployment_L1,UNRATE,6.16666666666667,3,3,1,2003-04-01|2003-05-01|2003-06-01,2003-04-01|2003-05-01|2003-06-01,2003-05-02|2003-06-06|2003-07-03,6|6.0999999999999996|6.4000000000000004,2003-07-03,2003-07-03,
2003-07-01,primary-early-quarter,2003-08-14,InterestRate_L1,FEDFUNDS,1.24666666666667,3,3,1,2003-04-01|2003-05-01|2003-06-01,2003-04-01|2003-05-01|2003-06-01,2003-05-05|2003-06-02|2003-07-07,1.26|1.26|1.22,2003-07-07,2003-07-07,
2003-07-01,strict-quarter-start,2003-06-30,GDPGrowth_L1,GDPC1,NaN,2,1,0,2003-01-01|2003-04-01,2003-01-01,2003-06-26,9552,2003-06-26,2003-07-31,Required observation not released by forecast origin
2003-07-01,strict-quarter-start,2003-06-30,Inflation_L1,CPIAUCSL,NaN,6,5,0,2003-01-01|2003-02-01|2003-03-01|2003-04-01|2003-05-01|2003-06-01,2003-01-01|2003-02-01|2003-03-01|2003-04-01|2003-05-01,2003-02-21|2003-03-21|2003-04-16|2003-05-16|2003-06-17,182.19999999999999|183.30000000000001|183.90000000000001|183.30000000000001|183.30000000000001,2003-06-17,2003-07-16,Required observation not released by forecast origin
2003-07-01,strict-quarter-start,2003-06-30,Unemployment_L1,UNRATE,NaN,3,2,0,2003-04-01|2003-05-01|2003-06-01,2003-04-01|2003-05-01,2003-05-02|2003-06-06,6|6.0999999999999996,2003-06-06,2003-07-03,Required observation not released by forecast origin
2003-07-01,strict-quarter-start,2003-06-30,InterestRate_L1,FEDFUNDS,NaN,3,2,0,2003-04-01|2003-05-01|2003-06-01,2003-04-01|2003-05-01,2003-05-05|2003-06-02,1.26|1.26,2003-06-02,2003-07-07,Required observation not released by forecast origin
2003-10-01,primary-early-quarter,2003-11-14,GDPGrowth_L1,GDPC1,6.91028479747231,2,2,1,2003-04-01|2003-07-01,2003-04-01|2003-07-01,2003-09-26|2003-10-30,9629.3999999999996|9797.2000000000007,2003-10-30,2003-10-30,
2003-10-01,primary-early-quarter,2003-11-14,Inflation_L1,CPIAUCSL,2.31968754494052,6,6,1,2003-04-01|2003-05-01|2003-06-01|2003-07-01|2003-08-01|2003-09-01,2003-04-01|2003-05-01|2003-06-01|2003-07-01|2003-08-01|2003-09-01,2003-05-16|2003-06-17|2003-07-16|2003-08-15|2003-09-16|2003-10-16,183.30000000000001|183.30000000000001|183.59999999999999|183.90000000000001|184.5|185,2003-10-16,2003-10-16,
2003-10-01,primary-early-quarter,2003-11-14,Unemployment_L1,UNRATE,6.13333333333333,3,3,1,2003-07-01|2003-08-01|2003-09-01,2003-07-01|2003-08-01|2003-09-01,2003-08-01|2003-09-05|2003-10-03,6.2000000000000002|6.0999999999999996|6.0999999999999996,2003-10-03,2003-10-03,
2003-10-01,primary-early-quarter,2003-11-14,InterestRate_L1,FEDFUNDS,1.01666666666667,3,3,1,2003-07-01|2003-08-01|2003-09-01,2003-07-01|2003-08-01|2003-09-01,2003-08-04|2003-09-02|2003-10-06,1.01|1.03|1.01,2003-10-06,2003-10-06,
2003-10-01,strict-quarter-start,2003-09-30,GDPGrowth_L1,GDPC1,NaN,2,1,0,2003-04-01|2003-07-01,2003-04-01,2003-09-26,9629.3999999999996,2003-09-26,2003-10-30,Required observation not released by forecast origin
2003-10-01,strict-quarter-start,2003-09-30,Inflation_L1,CPIAUCSL,NaN,6,5,0,2003-04-01|2003-05-01|2003-06-01|2003-07-01|2003-08-01|2003-09-01,2003-04-01|2003-05-01|2003-06-01|2003-07-01|2003-08-01,2003-05-16|2003-06-17|2003-07-16|2003-08-15|2003-09-16,183.30000000000001|183.30000000000001|183.59999999999999|183.90000000000001|184.5,2003-09-16,2003-10-16,Required observation not released by forecast origin
2003-10-01,strict-quarter-start,2003-09-30,Unemployment_L1,UNRATE,NaN,3,2,0,2003-07-01|2003-08-01|2003-09-01,2003-07-01|2003-08-01,2003-08-01|2003-09-05,6.2000000000000002|6.0999999999999996,2003-09-05,2003-10-03,Required observation not released by forecast origin
2003-10-01,strict-quarter-start,2003-09-30,InterestRate_L1,FEDFUNDS,NaN,3,2,0,2003-07-01|2003-08-01|2003-09-01,2003-07-01|2003-08-01,2003-08-04|2003-09-02,1.01|1.03,2003-09-02,2003-10-06,Required observation not released by forecast origin
2004-01-01,primary-early-quarter,2004-02-14,GDPGrowth_L1,GDPC1,3.94499219514217,2,2,1,2003-07-01|2003-10-01,2003-07-01|2003-10-01,2003-12-23|2004-01-30,10493.1|10597.1,2004-01-30,2004-01-30,
2004-01-01,primary-early-quarter,2004-02-14,Inflation_L1,CPIAUCSL,0.86642633154083,6,6,1,2003-07-01|2003-08-01|2003-09-01|2003-10-01|2003-11-01|2003-12-01,2003-07-01|2003-08-01|2003-09-01|2003-10-01|2003-11-01|2003-12-01,2003-08-15|2003-09-16|2003-10-16|2003-11-18|2003-12-16|2004-01-15,183.90000000000001|184.5|185|185|184.59999999999999|185,2004-01-15,2004-01-15,
2004-01-01,primary-early-quarter,2004-02-14,Unemployment_L1,UNRATE,5.86666666666667,3,3,1,2003-10-01|2003-11-01|2003-12-01,2003-10-01|2003-11-01|2003-12-01,2003-11-07|2003-12-05|2004-01-09,6|5.9000000000000004|5.7000000000000002,2004-01-09,2004-01-09,
2004-01-01,primary-early-quarter,2004-02-14,InterestRate_L1,FEDFUNDS,0.996666666666667,3,3,1,2003-10-01|2003-11-01|2003-12-01,2003-10-01|2003-11-01|2003-12-01,2003-11-03|2003-12-01|2004-01-05,1.01|1|0.97999999999999998,2004-01-05,2004-01-05,
2004-01-01,strict-quarter-start,2003-12-31,GDPGrowth_L1,GDPC1,NaN,2,1,0,2003-07-01|2003-10-01,2003-07-01,2003-12-23,10493.1,2003-12-23,2004-01-30,Required observation not released by forecast origin
2004-01-01,strict-quarter-start,2003-12-31,Inflation_L1,CPIAUCSL,NaN,6,5,0,2003-07-01|2003-08-01|2003-09-01|2003-10-01|2003-11-01|2003-12-01,2003-07-01|2003-08-01|2003-09-01|2003-10-01|2003-11-01,2003-08-15|2003-09-16|2003-10-16|2003-11-18|2003-12-16,183.90000000000001|184.5|185|185|184.59999999999999,2003-12-16,2004-01-15,Required observation not released by forecast origin
2004-01-01,strict-quarter-start,2003-12-31,Unemployment_L1,UNRATE,NaN,3,2,0,2003-10-01|2003-11-01|2003-12-01,2003-10-01|2003-11-01,2003-11-07|2003-12-05,6|5.9000000000000004,2003-12-05,2004-01-09,Required observation not released by forecast origin
2004-01-01,strict-quarter-start,2003-12-31,InterestRate_L1,FEDFUNDS,NaN,3,2,0,2003-10-01|2003-11-01|2003-12-01,2003-10-01|2003-11-01,2003-11-03|2003-12-01,1.01|1,2003-12-01,2004-01-05,Required observation not released by forecast origin
2004-04-01,primary-early-quarter,2004-05-15,GDPGrowth_L1,GDPC1,4.07348877006237,2,2,1,2003-10-01|2004-01-01,2003-10-01|2004-01-01,2004-03-25|2004-04-29,10600.1|10708.6,2004-04-29,2004-04-29,
2004-04-01,primary-early-quarter,2004-05-15,Inflation_L1,CPIAUCSL,3.51982158073954,6,6,1,2003-10-01|2003-11-01|2003-12-01|2004-01-01|2004-02-01|2004-03-01,2003-10-01|2003-11-01|2003-12-01|2004-01-01|2004-02-01|2004-03-01,2004-02-20|2003-12-16|2004-02-20|2004-02-20|2004-03-17|2004-04-14,184.90000000000001|184.59999999999999|184.90000000000001|185.80000000000001|186.30000000000001|187.19999999999999,2004-04-14,2004-04-14,
2004-04-01,primary-early-quarter,2004-05-15,Unemployment_L1,UNRATE,5.63333333333333,3,3,1,2004-01-01|2004-02-01|2004-03-01,2004-01-01|2004-02-01|2004-03-01,2004-02-06|2004-03-05|2004-04-02,5.5999999999999996|5.5999999999999996|5.7000000000000002,2004-04-02,2004-04-02,
2004-04-01,primary-early-quarter,2004-05-15,InterestRate_L1,FEDFUNDS,1.00333333333333,3,3,1,2004-01-01|2004-02-01|2004-03-01,2004-01-01|2004-02-01|2004-03-01,2004-02-02|2004-03-01|2004-04-05,1|1.01|1,2004-04-05,2004-04-05,
2004-04-01,strict-quarter-start,2004-03-31,GDPGrowth_L1,GDPC1,NaN,2,1,0,2003-10-01|2004-01-01,2003-10-01,2004-03-25,10600.1,2004-03-25,2004-04-29,Required observation not released by forecast origin
2004-04-01,strict-quarter-start,2004-03-31,Inflation_L1,CPIAUCSL,NaN,6,5,0,2003-10-01|2003-11-01|2003-12-01|2004-01-01|2004-02-01|2004-03-01,2003-10-01|2003-11-01|2003-12-01|2004-01-01|2004-02-01,2004-02-20|2003-12-16|2004-02-20|2004-02-20|2004-03-17,184.90000000000001|184.59999999999999|184.90000000000001|185.80000000000001|186.30000000000001,2004-03-17,2004-04-14,Required observation not released by forecast origin
2004-04-01,strict-quarter-start,2004-03-31,Unemployment_L1,UNRATE,NaN,3,2,0,2004-01-01|2004-02-01|2004-03-01,2004-01-01|2004-02-01,2004-02-06|2004-03-05,5.5999999999999996|5.5999999999999996,2004-03-05,2004-04-02,Required observation not released by forecast origin
2004-04-01,strict-quarter-start,2004-03-31,InterestRate_L1,FEDFUNDS,NaN,3,2,0,2004-01-01|2004-02-01|2004-03-01,2004-01-01|2004-02-01,2004-02-02|2004-03-01,1|1.01,2004-03-01,2004-04-05,Required observation not released by forecast origin
2004-07-01,primary-early-quarter,2004-08-14,GDPGrowth_L1,GDPC1,2.99878008098801,2,2,1,2004-01-01|2004-04-01,2004-01-01|2004-04-01,2004-07-30|2004-07-30,10697.5|10778,2004-07-30,2004-07-30,
2004-07-01,primary-early-quarter,2004-08-14,Inflation_L1,CPIAUCSL,4.62186281596986,6,6,1,2004-01-01|2004-02-01|2004-03-01|2004-04-01|2004-05-01|2004-06-01,2004-01-01|2004-02-01|2004-03-01|2004-04-01|2004-05-01|2004-06-01,2004-02-20|2004-03-17|2004-04-14|2004-05-14|2004-06-15|2004-07-16,185.80000000000001|186.30000000000001|187.19999999999999|187.59999999999999|188.80000000000001|189.40000000000001,2004-07-16,2004-07-16,
2004-07-01,primary-early-quarter,2004-08-14,Unemployment_L1,UNRATE,5.6,3,3,1,2004-04-01|2004-05-01|2004-06-01,2004-04-01|2004-05-01|2004-06-01,2004-05-07|2004-06-04|2004-07-02,5.5999999999999996|5.5999999999999996|5.5999999999999996,2004-07-02,2004-07-02,
2004-07-01,primary-early-quarter,2004-08-14,InterestRate_L1,FEDFUNDS,1.01,3,3,1,2004-04-01|2004-05-01|2004-06-01,2004-04-01|2004-05-01|2004-06-01,2004-05-03|2004-06-07|2004-07-06,1|1|1.03,2004-07-06,2004-07-06,
2004-07-01,strict-quarter-start,2004-06-30,GDPGrowth_L1,GDPC1,NaN,2,1,0,2004-01-01|2004-04-01,2004-01-01,2004-06-25,10702.1,2004-06-25,2004-07-30,Required observation not released by forecast origin
2004-07-01,strict-quarter-start,2004-06-30,Inflation_L1,CPIAUCSL,NaN,6,5,0,2004-01-01|2004-02-01|2004-03-01|2004-04-01|2004-05-01|2004-06-01,2004-01-01|2004-02-01|2004-03-01|2004-04-01|2004-05-01,2004-02-20|2004-03-17|2004-04-14|2004-05-14|2004-06-15,185.80000000000001|186.30000000000001|187.19999999999999|187.59999999999999|188.80000000000001,2004-06-15,2004-07-16,Required observation not released by forecast origin
2004-07-01,strict-quarter-start,2004-06-30,Unemployment_L1,UNRATE,NaN,3,2,0,2004-04-01|2004-05-01|2004-06-01,2004-04-01|2004-05-01,2004-05-07|2004-06-04,5.5999999999999996|5.5999999999999996,2004-06-04,2004-07-02,Required observation not released by forecast origin
2004-07-01,strict-quarter-start,2004-06-30,InterestRate_L1,FEDFUNDS,NaN,3,2,0,2004-04-01|2004-05-01|2004-06-01,2004-04-01|2004-05-01,2004-05-03|2004-06-07,1|1,2004-06-07,2004-07-06,Required observation not released by forecast origin
2004-10-01,primary-early-quarter,2004-11-14,GDPGrowth_L1,GDPC1,3.6440918269153,2,2,1,2004-04-01|2004-07-01,2004-04-01|2004-07-01,2004-09-29|2004-10-29,10784.700000000001|10883.4,2004-10-29,2004-10-29,
2004-10-01,primary-early-quarter,2004-11-14,Inflation_L1,CPIAUCSL,1.83389494219155,6,6,1,2004-04-01|2004-05-01|2004-06-01|2004-07-01|2004-08-01|2004-09-01,2004-04-01|2004-05-01|2004-06-01|2004-07-01|2004-08-01|2004-09-01,2004-05-14|2004-06-15|2004-07-16|2004-08-17|2004-09-16|2004-10-19,187.59999999999999|188.80000000000001|189.40000000000001|189.30000000000001|189.40000000000001|189.69999999999999,2004-10-19,2004-10-19,
2004-10-01,primary-early-quarter,2004-11-14,Unemployment_L1,UNRATE,5.43333333333333,3,3,1,2004-07-01|2004-08-01|2004-09-01,2004-07-01|2004-08-01|2004-09-01,2004-08-06|2004-09-03|2004-10-08,5.5|5.4000000000000004|5.4000000000000004,2004-10-08,2004-10-08,
2004-10-01,primary-early-quarter,2004-11-14,InterestRate_L1,FEDFUNDS,1.43333333333333,3,3,1,2004-07-01|2004-08-01|2004-09-01,2004-07-01|2004-08-01|2004-09-01,2004-08-02|2004-09-07|2004-10-04,1.26|1.4299999999999999|1.6100000000000001,2004-10-04,2004-10-04,
2004-10-01,strict-quarter-start,2004-09-30,GDPGrowth_L1,GDPC1,NaN,2,1,0,2004-04-01|2004-07-01,2004-04-01,2004-09-29,10784.700000000001,2004-09-29,2004-10-29,Required observation not released by forecast origin
2004-10-01,strict-quarter-start,2004-09-30,Inflation_L1,CPIAUCSL,NaN,6,5,0,2004-04-01|2004-05-01|2004-06-01|2004-07-01|2004-08-01|2004-09-01,2004-04-01|2004-05-01|2004-06-01|2004-07-01|2004-08-01,2004-05-14|2004-06-15|2004-07-16|2004-08-17|2004-09-16,187.59999999999999|188.80000000000001|189.40000000000001|189.30000000000001|189.40000000000001,2004-09-16,2004-10-19,Required observation not released by forecast origin
2004-10-01,strict-quarter-start,2004-09-30,Unemployment_L1,UNRATE,NaN,3,2,0,2004-07-01|2004-08-01|2004-09-01,2004-07-01|2004-08-01,2004-08-06|2004-09-03,5.5|5.4000000000000004,2004-09-03,2004-10-08,Required observation not released by forecast origin
2004-10-01,strict-quarter-start,2004-09-30,InterestRate_L1,FEDFUNDS,NaN,3,2,0,2004-07-01|2004-08-01|2004-09-01,2004-07-01|2004-08-01,2004-08-02|2004-09-07,1.26|1.4299999999999999,2004-09-07,2004-10-04,Required observation not released by forecast origin
2005-01-01,primary-early-quarter,2005-02-14,GDPGrowth_L1,GDPC1,3.09879126197134,2,2,1,2004-07-01|2004-10-01,2004-07-01|2004-10-01,2004-12-22|2005-01-28,10891|10975.700000000001,2005-01-28,2005-01-28,
2005-01-01,primary-early-quarter,2005-02-14,Inflation_L1,CPIAUCSL,3.36371989242844,6,6,1,2004-07-01|2004-08-01|2004-09-01|2004-10-01|2004-11-01|2004-12-01,2004-07-01|2004-08-01|2004-09-01|2004-10-01|2004-11-01|2004-12-01,2004-08-17|2004-09-16|2004-10-19|2004-11-17|2004-12-17|2005-01-19,189.30000000000001|189.40000000000001|189.69999999999999|190.90000000000001|191.19999999999999|191.09999999999999,2005-01-19,2005-01-19,
2005-01-01,primary-early-quarter,2005-02-14,Unemployment_L1,UNRATE,5.43333333333333,3,3,1,2004-10-01|2004-11-01|2004-12-01,2004-10-01|2004-11-01|2004-12-01,2004-11-05|2004-12-03|2005-01-07,5.5|5.4000000000000004|5.4000000000000004,2005-01-07,2005-01-07,
2005-01-01,primary-early-quarter,2005-02-14,InterestRate_L1,FEDFUNDS,1.95,3,3,1,2004-10-01|2004-11-01|2004-12-01,2004-10-01|2004-11-01|2004-12-01,2004-11-01|2004-12-06|2005-01-03,1.76|1.9299999999999999|2.1600000000000001,2005-01-03,2005-01-03,
2005-01-01,strict-quarter-start,2004-12-31,GDPGrowth_L1,GDPC1,NaN,2,1,0,2004-07-01|2004-10-01,2004-07-01,2004-12-22,10891,2004-12-22,2005-01-28,Required observation not released by forecast origin
2005-01-01,strict-quarter-start,2004-12-31,Inflation_L1,CPIAUCSL,NaN,6,5,0,2004-07-01|2004-08-01|2004-09-01|2004-10-01|2004-11-01|2004-12-01,2004-07-01|2004-08-01|2004-09-01|2004-10-01|2004-11-01,2004-08-17|2004-09-16|2004-10-19|2004-11-17|2004-12-17,189.30000000000001|189.40000000000001|189.69999999999999|190.90000000000001|191.19999999999999,2004-12-17,2005-01-19,Required observation not released by forecast origin
2005-01-01,strict-quarter-start,2004-12-31,Unemployment_L1,UNRATE,NaN,3,2,0,2004-10-01|2004-11-01|2004-12-01,2004-10-01|2004-11-01,2004-11-05|2004-12-03,5.5|5.4000000000000004,2004-12-03,2005-01-07,Required observation not released by forecast origin
2005-01-01,strict-quarter-start,2004-12-31,InterestRate_L1,FEDFUNDS,NaN,3,2,0,2004-10-01|2004-11-01|2004-12-01,2004-10-01|2004-11-01,2004-11-01|2004-12-06,1.76|1.9299999999999999,2004-12-06,2005-01-03,Required observation not released by forecast origin
2005-04-01,primary-early-quarter,2005-05-15,GDPGrowth_L1,GDPC1,3.04090262827058,2,2,1,2004-10-01|2005-01-01,2004-10-01|2005-01-01,2005-03-30|2005-04-28,10994.299999999999|11078.200000000001,2005-04-28,2005-04-28,
2005-04-01,primary-early-quarter,2005-05-15,Inflation_L1,CPIAUCSL,2.36604726056882,6,6,1,2004-10-01|2004-11-01|2004-12-01|2005-01-01|2005-02-01|2005-03-01,2004-10-01|2004-11-01|2004-12-01|2005-01-01|2005-02-01|2005-03-01,2005-02-18|2004-12-17|2005-02-18|2005-02-23|2005-03-23|2005-04-20,190.69999999999999|191.19999999999999|191.19999999999999|191.30000000000001|192|193.19999999999999,2005-04-20,2005-04-20,
2005-04-01,primary-early-quarter,2005-05-15,Unemployment_L1,UNRATE,5.26666666666667,3,3,1,2005-01-01|2005-02-01|2005-03-01,2005-01-01|2005-02-01|2005-03-01,2005-02-04|2005-03-04|2005-04-01,5.2000000000000002|5.4000000000000004|5.2000000000000002,2005-04-01,2005-04-01,
2005-04-01,primary-early-quarter,2005-05-15,InterestRate_L1,FEDFUNDS,2.47,3,3,1,2005-01-01|2005-02-01|2005-03-01,2005-01-01|2005-02-01|2005-03-01,2005-02-07|2005-03-07|2005-04-04,2.2799999999999998|2.5|2.6299999999999999,2005-04-04,2005-04-04,
2005-04-01,strict-quarter-start,2005-03-31,GDPGrowth_L1,GDPC1,NaN,2,1,0,2004-10-01|2005-01-01,2004-10-01,2005-03-30,10994.299999999999,2005-03-30,2005-04-28,Required observation not released by forecast origin
2005-04-01,strict-quarter-start,2005-03-31,Inflation_L1,CPIAUCSL,NaN,6,5,0,2004-10-01|2004-11-01|2004-12-01|2005-01-01|2005-02-01|2005-03-01,2004-10-01|2004-11-01|2004-12-01|2005-01-01|2005-02-01,2005-02-18|2004-12-17|2005-02-18|2005-02-23|2005-03-23,190.69999999999999|191.19999999999999|191.19999999999999|191.30000000000001|192,2005-03-23,2005-04-20,Required observation not released by forecast origin
2005-04-01,strict-quarter-start,2005-03-31,Unemployment_L1,UNRATE,NaN,3,2,0,2005-01-01|2005-02-01|2005-03-01,2005-01-01|2005-02-01,2005-02-04|2005-03-04,5.2000000000000002|5.4000000000000004,2005-03-04,2005-04-01,Required observation not released by forecast origin
2005-04-01,strict-quarter-start,2005-03-31,InterestRate_L1,FEDFUNDS,NaN,3,2,0,2005-01-01|2005-02-01|2005-03-01,2005-01-01|2005-02-01,2005-02-07|2005-03-07,2.2799999999999998|2.5,2005-03-07,2005-04-04,Required observation not released by forecast origin
2005-07-01,primary-early-quarter,2005-08-14,GDPGrowth_L1,GDPC1,3.35699733747073,2,2,1,2005-01-01|2005-04-01,2005-01-01|2005-04-01,2005-07-29|2005-07-29,10999.299999999999|11092,2005-07-29,2005-07-29,
2005-07-01,primary-early-quarter,2005-08-14,Inflation_L1,CPIAUCSL,4.07286286934503,6,6,1,2005-01-01|2005-02-01|2005-03-01|2005-04-01|2005-05-01|2005-06-01,2005-01-01|2005-02-01|2005-03-01|2005-04-01|2005-05-01|2005-06-01,2005-02-23|2005-03-23|2005-04-20|2005-05-18|2005-06-15|2005-07-14,191.30000000000001|192|193.19999999999999|194.19999999999999|194.09999999999999|194.09999999999999,2005-07-14,2005-07-14,
2005-07-01,primary-early-quarter,2005-08-14,Unemployment_L1,UNRATE,5.1,3,3,1,2005-04-01|2005-05-01|2005-06-01,2005-04-01|2005-05-01|2005-06-01,2005-05-06|2005-06-03|2005-07-08,5.2000000000000002|5.0999999999999996|5,2005-07-08,2005-07-08,
2005-07-01,primary-early-quarter,2005-08-14,InterestRate_L1,FEDFUNDS,2.94333333333333,3,3,1,2005-04-01|2005-05-01|2005-06-01,2005-04-01|2005-05-01|2005-06-01,2005-05-02|2005-06-06|2005-07-05,2.79|3|3.04,2005-07-05,2005-07-05,
2005-07-01,strict-quarter-start,2005-06-30,GDPGrowth_L1,GDPC1,NaN,2,1,0,2005-01-01|2005-04-01,2005-01-01,2005-06-29,11096.200000000001,2005-06-29,2005-07-29,Required observation not released by forecast origin
2005-07-01,strict-quarter-start,2005-06-30,Inflation_L1,CPIAUCSL,NaN,6,5,0,2005-01-01|2005-02-01|2005-03-01|2005-04-01|2005-05-01|2005-06-01,2005-01-01|2005-02-01|2005-03-01|2005-04-01|2005-05-01,2005-02-23|2005-03-23|2005-04-20|2005-05-18|2005-06-15,191.30000000000001|192|193.19999999999999|194.19999999999999|194.09999999999999,2005-06-15,2005-07-14,Required observation not released by forecast origin
2005-07-01,strict-quarter-start,2005-06-30,Unemployment_L1,UNRATE,NaN,3,2,0,2005-04-01|2005-05-01|2005-06-01,2005-04-01|2005-05-01,2005-05-06|2005-06-03,5.2000000000000002|5.0999999999999996,2005-06-03,2005-07-08,Required observation not released by forecast origin
2005-07-01,strict-quarter-start,2005-06-30,InterestRate_L1,FEDFUNDS,NaN,3,2,0,2005-04-01|2005-05-01|2005-06-01,2005-04-01|2005-05-01,2005-05-02|2005-06-06,2.79|3,2005-06-06,2005-07-05,Required observation not released by forecast origin
2005-10-01,primary-early-quarter,2005-11-14,GDPGrowth_L1,GDPC1,3.73391574327496,2,2,1,2005-04-01|2005-07-01,2005-04-01|2005-07-01,2005-09-29|2005-10-28,11089.200000000001|11193.200000000001,2005-10-28,2005-10-28,
2005-10-01,primary-early-quarter,2005-11-14,Inflation_L1,CPIAUCSL,4.98257444959294,6,6,1,2005-04-01|2005-05-01|2005-06-01|2005-07-01|2005-08-01|2005-09-01,2005-04-01|2005-05-01|2005-06-01|2005-07-01|2005-08-01|2005-09-01,2005-05-18|2005-06-15|2005-07-14|2005-08-16|2005-09-15|2005-10-14,194.19999999999999|194.09999999999999|194.09999999999999|195.09999999999999|196.09999999999999|198.5,2005-10-14,2005-10-14,
2005-10-01,primary-early-quarter,2005-11-14,Unemployment_L1,UNRATE,5,3,3,1,2005-07-01|2005-08-01|2005-09-01,2005-07-01|2005-08-01|2005-09-01,2005-08-05|2005-09-02|2005-10-07,5|4.9000000000000004|5.0999999999999996,2005-10-07,2005-10-07,
2005-10-01,primary-early-quarter,2005-11-14,InterestRate_L1,FEDFUNDS,3.46,3,3,1,2005-07-01|2005-08-01|2005-09-01,2005-07-01|2005-08-01|2005-09-01,2005-08-01|2005-09-06|2005-10-03,3.2599999999999998|3.5|3.6200000000000001,2005-10-03,2005-10-03,
2005-10-01,strict-quarter-start,2005-09-30,GDPGrowth_L1,GDPC1,NaN,2,1,0,2005-04-01|2005-07-01,2005-04-01,2005-09-29,11089.200000000001,2005-09-29,2005-10-28,Required observation not released by forecast origin
2005-10-01,strict-quarter-start,2005-09-30,Inflation_L1,CPIAUCSL,NaN,6,5,0,2005-04-01|2005-05-01|2005-06-01|2005-07-01|2005-08-01|2005-09-01,2005-04-01|2005-05-01|2005-06-01|2005-07-01|2005-08-01,2005-05-18|2005-06-15|2005-07-14|2005-08-16|2005-09-15,194.19999999999999|194.09999999999999|194.09999999999999|195.09999999999999|196.09999999999999,2005-09-15,2005-10-14,Required observation not released by forecast origin
2005-10-01,strict-quarter-start,2005-09-30,Unemployment_L1,UNRATE,NaN,3,2,0,2005-07-01|2005-08-01|2005-09-01,2005-07-01|2005-08-01,2005-08-05|2005-09-02,5|4.9000000000000004,2005-09-02,2005-10-07,Required observation not released by forecast origin
2005-10-01,strict-quarter-start,2005-09-30,InterestRate_L1,FEDFUNDS,NaN,3,2,0,2005-07-01|2005-08-01|2005-09-01,2005-07-01|2005-08-01,2005-08-01|2005-09-06,3.2599999999999998|3.5,2005-09-06,2005-10-03,Required observation not released by forecast origin
2006-01-01,primary-early-quarter,2006-02-14,GDPGrowth_L1,GDPC1,1.11250840575213,2,2,1,2005-07-01|2005-10-01,2005-07-01|2005-10-01,2005-12-21|2006-01-27,11202.299999999999|11233.5,2006-01-27,2006-01-27,
2006-01-01,primary-early-quarter,2006-02-14,Inflation_L1,CPIAUCSL,3.17542415883638,6,6,1,2005-07-01|2005-08-01|2005-09-01|2005-10-01|2005-11-01|2005-12-01,2005-07-01|2005-08-01|2005-09-01|2005-10-01|2005-11-01|2005-12-01,2005-08-16|2005-09-15|2005-10-14|2005-11-16|2005-12-15|2006-01-18,195.09999999999999|196.09999999999999|198.5|198.90000000000001|197.80000000000001|197.69999999999999,2006-01-18,2006-01-18,
2006-01-01,primary-early-quarter,2006-02-14,Unemployment_L1,UNRATE,4.93333333333333,3,3,1,2005-10-01|2005-11-01|2005-12-01,2005-10-01|2005-11-01|2005-12-01,2006-01-06|2005-12-02|2006-01-06,4.9000000000000004|5|4.9000000000000004,2006-01-06,2006-01-06,
2006-01-01,primary-early-quarter,2006-02-14,InterestRate_L1,FEDFUNDS,3.98,3,3,1,2005-10-01|2005-11-01|2005-12-01,2005-10-01|2005-11-01|2005-12-01,2005-11-07|2005-12-05|2006-01-03,3.7799999999999998|4|4.1600000000000001,2006-01-03,2006-01-03,
2006-01-01,strict-quarter-start,2005-12-31,GDPGrowth_L1,GDPC1,NaN,2,1,0,2005-07-01|2005-10-01,2005-07-01,2005-12-21,11202.299999999999,2005-12-21,2006-01-27,Required observation not released by forecast origin
2006-01-01,strict-quarter-start,2005-12-31,Inflation_L1,CPIAUCSL,NaN,6,5,0,2005-07-01|2005-08-01|2005-09-01|2005-10-01|2005-11-01|2005-12-01,2005-07-01|2005-08-01|2005-09-01|2005-10-01|2005-11-01,2005-08-16|2005-09-15|2005-10-14|2005-11-16|2005-12-15,195.09999999999999|196.09999999999999|198.5|198.90000000000001|197.80000000000001,2005-12-15,2006-01-18,Required observation not released by forecast origin
2006-01-01,strict-quarter-start,2005-12-31,Unemployment_L1,UNRATE,NaN,3,2,0,2005-10-01|2005-11-01|2005-12-01,2005-10-01|2005-11-01,2005-11-04|2005-12-02,5|5,2005-12-02,2006-01-06,Required observation not released by forecast origin
2006-01-01,strict-quarter-start,2005-12-31,InterestRate_L1,FEDFUNDS,NaN,3,2,0,2005-10-01|2005-11-01|2005-12-01,2005-10-01|2005-11-01,2005-11-07|2005-12-05,3.7799999999999998|4,2005-12-05,2006-01-03,Required observation not released by forecast origin
2006-04-01,primary-early-quarter,2006-05-15,GDPGrowth_L1,GDPC1,4.7053751430846,2,2,1,2005-10-01|2006-01-01,2005-10-01|2006-01-01,2006-03-30|2006-04-28,11248.299999999999|11381.4,2006-04-28,2006-04-28,
2006-04-01,primary-early-quarter,2006-05-15,Inflation_L1,CPIAUCSL,2.21384212914476,6,6,1,2005-10-01|2005-11-01|2005-12-01|2006-01-01|2006-02-01|2006-03-01,2005-10-01|2005-11-01|2005-12-01|2006-01-01|2006-02-01|2006-03-01,2006-02-17|2005-12-15|2006-01-18|2006-02-22|2006-03-16|2006-04-19,199.09999999999999|197.80000000000001|197.69999999999999|199|199.09999999999999|199.80000000000001,2006-04-19,2006-04-19,
2006-04-01,primary-early-quarter,2006-05-15,Unemployment_L1,UNRATE,4.73333333333333,3,3,1,2006-01-01|2006-02-01|2006-03-01,2006-01-01|2006-02-01|2006-03-01,2006-02-03|2006-03-10|2006-04-07,4.7000000000000002|4.7999999999999998|4.7000000000000002,2006-04-07,2006-04-07,
2006-04-01,primary-early-quarter,2006-05-15,InterestRate_L1,FEDFUNDS,4.45666666666667,3,3,1,2006-01-01|2006-02-01|2006-03-01,2006-01-01|2006-02-01|2006-03-01,2006-02-06|2006-03-06|2006-04-03,4.29|4.4900000000000002|4.5899999999999999,2006-04-03,2006-04-03,
2006-04-01,strict-quarter-start,2006-03-31,GDPGrowth_L1,GDPC1,NaN,2,1,0,2005-10-01|2006-01-01,2005-10-01,2006-03-30,11248.299999999999,2006-03-30,2006-04-28,Required observation not released by forecast origin
2006-04-01,strict-quarter-start,2006-03-31,Inflation_L1,CPIAUCSL,NaN,6,5,0,2005-10-01|2005-11-01|2005-12-01|2006-01-01|2006-02-01|2006-03-01,2005-10-01|2005-11-01|2005-12-01|2006-01-01|2006-02-01,2006-02-17|2005-12-15|2006-01-18|2006-02-22|2006-03-16,199.09999999999999|197.80000000000001|197.69999999999999|199|199.09999999999999,2006-03-16,2006-04-19,Required observation not released by forecast origin
2006-04-01,strict-quarter-start,2006-03-31,Unemployment_L1,UNRATE,NaN,3,2,0,2006-01-01|2006-02-01|2006-03-01,2006-01-01|2006-02-01,2006-02-03|2006-03-10,4.7000000000000002|4.7999999999999998,2006-03-10,2006-04-07,Required observation not released by forecast origin
2006-04-01,strict-quarter-start,2006-03-31,InterestRate_L1,FEDFUNDS,NaN,3,2,0,2006-01-01|2006-02-01|2006-03-01,2006-01-01|2006-02-01,2006-02-06|2006-03-06,4.29|4.4900000000000002,2006-03-06,2006-04-03,Required observation not released by forecast origin
2006-07-01,primary-early-quarter,2006-08-14,GDPGrowth_L1,GDPC1,2.42801945420454,2,2,1,2006-01-01|2006-04-01,2006-01-01|2006-04-01,2006-07-28|2006-07-28,11316.4|11385.299999999999,2006-07-28,2006-07-28,
2006-07-01,primary-early-quarter,2006-08-14,Inflation_L1,CPIAUCSL,4.85418641093676,6,6,1,2006-01-01|2006-02-01|2006-03-01|2006-04-01|2006-05-01|2006-06-01,2006-01-01|2006-02-01|2006-03-01|2006-04-01|2006-05-01|2006-06-01,2006-02-22|2006-03-16|2006-04-19|2006-05-17|2006-06-14|2006-07-19,199|199.09999999999999|199.80000000000001|201|201.90000000000001|202.30000000000001,2006-07-19,2006-07-19,
2006-07-01,primary-early-quarter,2006-08-14,Unemployment_L1,UNRATE,4.63333333333333,3,3,1,2006-04-01|2006-05-01|2006-06-01,2006-04-01|2006-05-01|2006-06-01,2006-05-05|2006-06-02|2006-07-07,4.7000000000000002|4.5999999999999996|4.5999999999999996,2006-07-07,2006-07-07,
2006-07-01,primary-early-quarter,2006-08-14,InterestRate_L1,FEDFUNDS,4.90666666666667,3,3,1,2006-04-01|2006-05-01|2006-06-01,2006-04-01|2006-05-01|2006-06-01,2006-05-01|2006-06-05|2006-07-03,4.79|4.9400000000000004|4.9900000000000002,2006-07-03,2006-07-03,
2006-07-01,strict-quarter-start,2006-06-30,GDPGrowth_L1,GDPC1,NaN,2,1,0,2006-01-01|2006-04-01,2006-01-01,2006-06-29,11403.6,2006-06-29,2006-07-28,Required observation not released by forecast origin
2006-07-01,strict-quarter-start,2006-06-30,Inflation_L1,CPIAUCSL,NaN,6,5,0,2006-01-01|2006-02-01|2006-03-01|2006-04-01|2006-05-01|2006-06-01,2006-01-01|2006-02-01|2006-03-01|2006-04-01|2006-05-01,2006-02-22|2006-03-16|2006-04-19|2006-05-17|2006-06-14,199|199.09999999999999|199.80000000000001|201|201.90000000000001,2006-06-14,2006-07-19,Required observation not released by forecast origin
2006-07-01,strict-quarter-start,2006-06-30,Unemployment_L1,UNRATE,NaN,3,2,0,2006-04-01|2006-05-01|2006-06-01,2006-04-01|2006-05-01,2006-05-05|2006-06-02,4.7000000000000002|4.5999999999999996,2006-06-02,2006-07-07,Required observation not released by forecast origin
2006-07-01,strict-quarter-start,2006-06-30,InterestRate_L1,FEDFUNDS,NaN,3,2,0,2006-04-01|2006-05-01|2006-06-01,2006-04-01|2006-05-01,2006-05-01|2006-06-05,4.79|4.9400000000000004,2006-06-05,2006-07-03,Required observation not released by forecast origin
2006-10-01,primary-early-quarter,2006-11-14,GDPGrowth_L1,GDPC1,1.57048534419643,2,2,1,2006-04-01|2006-07-01,2006-04-01|2006-07-01,2006-09-28|2006-10-27,11388.1|11432.9,2006-10-27,2006-10-27,
2006-10-01,primary-early-quarter,2006-11-14,Inflation_L1,CPIAUCSL,2.89760898329417,6,6,1,2006-04-01|2006-05-01|2006-06-01|2006-07-01|2006-08-01|2006-09-01,2006-04-01|2006-05-01|2006-06-01|2006-07-01|2006-08-01|2006-09-01,2006-05-17|2006-06-14|2006-07-19|2006-08-16|2006-09-15|2006-10-18,201|201.90000000000001|202.30000000000001|203.19999999999999|203.69999999999999|202.69999999999999,2006-10-18,2006-10-18,
2006-10-01,primary-early-quarter,2006-11-14,Unemployment_L1,UNRATE,4.7,3,3,1,2006-07-01|2006-08-01|2006-09-01,2006-07-01|2006-08-01|2006-09-01,2006-08-04|2006-09-01|2006-10-06,4.7999999999999998|4.7000000000000002|4.5999999999999996,2006-10-06,2006-10-06,
2006-10-01,primary-early-quarter,2006-11-14,InterestRate_L1,FEDFUNDS,5.24666666666667,3,3,1,2006-07-01|2006-08-01|2006-09-01,2006-07-01|2006-08-01|2006-09-01,2006-08-07|2006-09-05|2006-10-02,5.2400000000000002|5.25|5.25,2006-10-02,2006-10-02,
2006-10-01,strict-quarter-start,2006-09-30,GDPGrowth_L1,GDPC1,NaN,2,1,0,2006-04-01|2006-07-01,2006-04-01,2006-09-28,11388.1,2006-09-28,2006-10-27,Required observation not released by forecast origin
2006-10-01,strict-quarter-start,2006-09-30,Inflation_L1,CPIAUCSL,NaN,6,5,0,2006-04-01|2006-05-01|2006-06-01|2006-07-01|2006-08-01|2006-09-01,2006-04-01|2006-05-01|2006-06-01|2006-07-01|2006-08-01,2006-05-17|2006-06-14|2006-07-19|2006-08-16|2006-09-15,201|201.90000000000001|202.30000000000001|203.19999999999999|203.69999999999999,2006-09-15,2006-10-18,Required observation not released by forecast origin
2006-10-01,strict-quarter-start,2006-09-30,Unemployment_L1,UNRATE,NaN,3,2,0,2006-07-01|2006-08-01|2006-09-01,2006-07-01|2006-08-01,2006-08-04|2006-09-01,4.7999999999999998|4.7000000000000002,2006-09-01,2006-10-06,Required observation not released by forecast origin
2006-10-01,strict-quarter-start,2006-09-30,InterestRate_L1,FEDFUNDS,NaN,3,2,0,2006-07-01|2006-08-01|2006-09-01,2006-07-01|2006-08-01,2006-08-07|2006-09-05,5.2400000000000002|5.25,2006-09-05,2006-10-02,Required observation not released by forecast origin
2007-01-01,primary-early-quarter,2007-02-14,GDPGrowth_L1,GDPC1,3.41440657326758,2,2,1,2006-07-01|2006-10-01,2006-07-01|2006-10-01,2006-12-21|2007-01-31,11443.5|11541.6,2007-01-31,2007-01-31,
2007-01-01,primary-early-quarter,2007-02-14,Inflation_L1,CPIAUCSL,-2.23721589949339,6,6,1,2006-07-01|2006-08-01|2006-09-01|2006-10-01|2006-11-01|2006-12-01,2006-07-01|2006-08-01|2006-09-01|2006-10-01|2006-11-01|2006-12-01,2006-08-16|2006-09-15|2006-10-18|2006-11-16|2006-12-15|2007-01-18,203.19999999999999|203.69999999999999|202.69999999999999|201.69999999999999|201.69999999999999|202.80000000000001,2007-01-18,2007-01-18,
2007-01-01,primary-early-quarter,2007-02-14,Unemployment_L1,UNRATE,4.46666666666667,3,3,1,2006-10-01|2006-11-01|2006-12-01,2006-10-01|2006-11-01|2006-12-01,2006-11-03|2006-12-08|2007-01-05,4.4000000000000004|4.5|4.5,2007-01-05,2007-01-05,
2007-01-01,primary-early-quarter,2007-02-14,InterestRate_L1,FEDFUNDS,5.24666666666667,3,3,1,2006-10-01|2006-11-01|2006-12-01,2006-10-01|2006-11-01|2006-12-01,2006-11-06|2006-12-04|2007-01-03,5.25|5.25|5.2400000000000002,2007-01-03,2007-01-03,
2007-01-01,strict-quarter-start,2006-12-31,GDPGrowth_L1,GDPC1,NaN,2,1,0,2006-07-01|2006-10-01,2006-07-01,2006-12-21,11443.5,2006-12-21,2007-01-31,Required observation not released by forecast origin
2007-01-01,strict-quarter-start,2006-12-31,Inflation_L1,CPIAUCSL,NaN,6,5,0,2006-07-01|2006-08-01|2006-09-01|2006-10-01|2006-11-01|2006-12-01,2006-07-01|2006-08-01|2006-09-01|2006-10-01|2006-11-01,2006-08-16|2006-09-15|2006-10-18|2006-11-16|2006-12-15,203.19999999999999|203.69999999999999|202.69999999999999|201.69999999999999|201.69999999999999,2006-12-15,2007-01-18,Required observation not released by forecast origin
2007-01-01,strict-quarter-start,2006-12-31,Unemployment_L1,UNRATE,NaN,3,2,0,2006-10-01|2006-11-01|2006-12-01,2006-10-01|2006-11-01,2006-11-03|2006-12-08,4.4000000000000004|4.5,2006-12-08,2007-01-05,Required observation not released by forecast origin
2007-01-01,strict-quarter-start,2006-12-31,InterestRate_L1,FEDFUNDS,NaN,3,2,0,2006-10-01|2006-11-01|2006-12-01,2006-10-01|2006-11-01,2006-11-06|2006-12-04,5.25|5.25,2006-12-04,2007-01-03,Required observation not released by forecast origin
2007-04-01,primary-early-quarter,2007-05-15,GDPGrowth_L1,GDPC1,1.25227206490812,2,2,1,2006-10-01|2007-01-01,2006-10-01|2007-01-01,2007-03-29|2007-04-27,11513|11549.1,2007-04-27,2007-04-27,
2007-04-01,primary-early-quarter,2007-05-15,Inflation_L1,CPIAUCSL,3.74498614378189,6,6,1,2006-10-01|2006-11-01|2006-12-01|2007-01-01|2007-02-01|2007-03-01,2006-10-01|2006-11-01|2006-12-01|2007-01-01|2007-02-01|2007-03-01,2007-02-16|2007-02-16|2007-01-18|2007-02-21|2007-03-16|2007-04-17,201.80000000000001|201.90000000000001|202.80000000000001|203.15299999999999|203.90600000000001|205.14599999999999,2007-04-17,2007-04-17,
2007-04-01,primary-early-quarter,2007-05-15,Unemployment_L1,UNRATE,4.5,3,3,1,2007-01-01|2007-02-01|2007-03-01,2007-01-01|2007-02-01|2007-03-01,2007-02-02|2007-03-09|2007-04-06,4.5999999999999996|4.5|4.4000000000000004,2007-04-06,2007-04-06,
2007-04-01,primary-early-quarter,2007-05-15,InterestRate_L1,FEDFUNDS,5.25666666666667,3,3,1,2007-01-01|2007-02-01|2007-03-01,2007-01-01|2007-02-01|2007-03-01,2007-02-05|2007-03-05|2007-04-02,5.25|5.2599999999999998|5.2599999999999998,2007-04-02,2007-04-02,
2007-04-01,strict-quarter-start,2007-03-31,GDPGrowth_L1,GDPC1,NaN,2,1,0,2006-10-01|2007-01-01,2006-10-01,2007-03-29,11513,2007-03-29,2007-04-27,Required observation not released by forecast origin
2007-04-01,strict-quarter-start,2007-03-31,Inflation_L1,CPIAUCSL,NaN,6,5,0,2006-10-01|2006-11-01|2006-12-01|2007-01-01|2007-02-01|2007-03-01,2006-10-01|2006-11-01|2006-12-01|2007-01-01|2007-02-01,2007-02-16|2007-02-16|2007-01-18|2007-02-21|2007-03-16,201.80000000000001|201.90000000000001|202.80000000000001|203.15299999999999|203.90600000000001,2007-03-16,2007-04-17,Required observation not released by forecast origin
2007-04-01,strict-quarter-start,2007-03-31,Unemployment_L1,UNRATE,NaN,3,2,0,2007-01-01|2007-02-01|2007-03-01,2007-01-01|2007-02-01,2007-02-02|2007-03-09,4.5999999999999996|4.5,2007-03-09,2007-04-06,Required observation not released by forecast origin
2007-04-01,strict-quarter-start,2007-03-31,InterestRate_L1,FEDFUNDS,NaN,3,2,0,2007-01-01|2007-02-01|2007-03-01,2007-01-01|2007-02-01,2007-02-05|2007-03-05,5.25|5.2599999999999998,2007-03-05,2007-04-02,Required observation not released by forecast origin
2007-07-01,primary-early-quarter,2007-08-14,GDPGrowth_L1,GDPC1,3.32629913584146,2,2,1,2007-01-01|2007-04-01,2007-01-01|2007-04-01,2007-07-27|2007-07-27,11412.6|11507.9,2007-07-27,2007-07-27,
2007-07-01,primary-early-quarter,2007-08-14,Inflation_L1,CPIAUCSL,5.81504109582249,6,6,1,2007-01-01|2007-02-01|2007-03-01|2007-04-01|2007-05-01|2007-06-01,2007-01-01|2007-02-01|2007-03-01|2007-04-01|2007-05-01|2007-06-01,2007-02-21|2007-03-16|2007-04-17|2007-05-15|2007-06-15|2007-07-18,203.15299999999999|203.90600000000001|205.14599999999999|205.999|207.387|207.78399999999999,2007-07-18,2007-07-18,
2007-07-01,primary-early-quarter,2007-08-14,Unemployment_L1,UNRATE,4.5,3,3,1,2007-04-01|2007-05-01|2007-06-01,2007-04-01|2007-05-01|2007-06-01,2007-05-04|2007-06-01|2007-07-06,4.5|4.5|4.5,2007-07-06,2007-07-06,
2007-07-01,primary-early-quarter,2007-08-14,InterestRate_L1,FEDFUNDS,5.25,3,3,1,2007-04-01|2007-05-01|2007-06-01,2007-04-01|2007-05-01|2007-06-01,2007-05-07|2007-06-04|2007-07-02,5.25|5.25|5.25,2007-07-02,2007-07-02,
2007-07-01,strict-quarter-start,2007-06-30,GDPGrowth_L1,GDPC1,NaN,2,1,0,2007-01-01|2007-04-01,2007-01-01,2007-06-28,11532.799999999999,2007-06-28,2007-07-27,Required observation not released by forecast origin
2007-07-01,strict-quarter-start,2007-06-30,Inflation_L1,CPIAUCSL,NaN,6,5,0,2007-01-01|2007-02-01|2007-03-01|2007-04-01|2007-05-01|2007-06-01,2007-01-01|2007-02-01|2007-03-01|2007-04-01|2007-05-01,2007-02-21|2007-03-16|2007-04-17|2007-05-15|2007-06-15,203.15299999999999|203.90600000000001|205.14599999999999|205.999|207.387,2007-06-15,2007-07-18,Required observation not released by forecast origin
2007-07-01,strict-quarter-start,2007-06-30,Unemployment_L1,UNRATE,NaN,3,2,0,2007-04-01|2007-05-01|2007-06-01,2007-04-01|2007-05-01,2007-05-04|2007-06-01,4.5|4.5,2007-06-01,2007-07-06,Required observation not released by forecast origin
2007-07-01,strict-quarter-start,2007-06-30,InterestRate_L1,FEDFUNDS,NaN,3,2,0,2007-04-01|2007-05-01|2007-06-01,2007-04-01|2007-05-01,2007-05-07|2007-06-04,5.25|5.25,2007-06-04,2007-07-02,Required observation not released by forecast origin
2007-10-01,primary-early-quarter,2007-11-14,GDPGrowth_L1,GDPC1,3.82192723984127,2,2,1,2007-04-01|2007-07-01,2007-04-01|2007-07-01,2007-09-27|2007-10-31,11520.1|11630.700000000001,2007-10-31,2007-10-31,
2007-10-01,primary-early-quarter,2007-11-14,Inflation_L1,CPIAUCSL,1.85540651391848,6,6,1,2007-04-01|2007-05-01|2007-06-01|2007-07-01|2007-08-01|2007-09-01,2007-04-01|2007-05-01|2007-06-01|2007-07-01|2007-08-01|2007-09-01,2007-05-15|2007-06-15|2007-07-18|2007-08-15|2007-09-19|2007-10-17,205.999|207.387|207.78399999999999|208.02799999999999|207.738|208.292,2007-10-17,2007-10-17,
2007-10-01,primary-early-quarter,2007-11-14,Unemployment_L1,UNRATE,4.63333333333333,3,3,1,2007-07-01|2007-08-01|2007-09-01,2007-07-01|2007-08-01|2007-09-01,2007-08-03|2007-09-07|2007-10-05,4.5999999999999996|4.5999999999999996|4.7000000000000002,2007-10-05,2007-10-05,
2007-10-01,primary-early-quarter,2007-11-14,InterestRate_L1,FEDFUNDS,5.07333333333333,3,3,1,2007-07-01|2007-08-01|2007-09-01,2007-07-01|2007-08-01|2007-09-01,2007-08-06|2007-09-04|2007-10-01,5.2599999999999998|5.0199999999999996|4.9400000000000004,2007-10-01,2007-10-01,
2007-10-01,strict-quarter-start,2007-09-30,GDPGrowth_L1,GDPC1,NaN,2,1,0,2007-04-01|2007-07-01,2007-04-01,2007-09-27,11520.1,2007-09-27,2007-10-31,Required observation not released by forecast origin
2007-10-01,strict-quarter-start,2007-09-30,Inflation_L1,CPIAUCSL,NaN,6,5,0,2007-04-01|2007-05-01|2007-06-01|2007-07-01|2007-08-01|2007-09-01,2007-04-01|2007-05-01|2007-06-01|2007-07-01|2007-08-01,2007-05-15|2007-06-15|2007-07-18|2007-08-15|2007-09-19,205.999|207.387|207.78399999999999|208.02799999999999|207.738,2007-09-19,2007-10-17,Required observation not released by forecast origin
2007-10-01,strict-quarter-start,2007-09-30,Unemployment_L1,UNRATE,NaN,3,2,0,2007-07-01|2007-08-01|2007-09-01,2007-07-01|2007-08-01,2007-08-03|2007-09-07,4.5999999999999996|4.5999999999999996,2007-09-07,2007-10-05,Required observation not released by forecast origin
2007-10-01,strict-quarter-start,2007-09-30,InterestRate_L1,FEDFUNDS,NaN,3,2,0,2007-07-01|2007-08-01|2007-09-01,2007-07-01|2007-08-01,2007-08-06|2007-09-04,5.2599999999999998|5.0199999999999996,2007-09-04,2007-10-01,Required observation not released by forecast origin
2008-01-01,primary-early-quarter,2008-02-14,GDPGrowth_L1,GDPC1,0.634205212498017,2,2,1,2007-07-01|2007-10-01,2007-07-01|2007-10-01,2007-12-20|2008-01-30,11658.9|11677.4,2008-01-30,2008-01-30,
2008-01-01,primary-early-quarter,2008-02-14,Inflation_L1,CPIAUCSL,4.1891342055912,6,6,1,2007-07-01|2007-08-01|2007-09-01|2007-10-01|2007-11-01|2007-12-01,2007-07-01|2007-08-01|2007-09-01|2007-10-01|2007-11-01|2007-12-01,2007-08-15|2007-09-19|2007-10-17|2007-11-15|2007-12-14|2008-01-16,208.02799999999999|207.738|208.292|208.90299999999999|210.565|211.16,2008-01-16,2008-01-16,
2008-01-01,primary-early-quarter,2008-02-14,Unemployment_L1,UNRATE,4.83333333333333,3,3,1,2007-10-01|2007-11-01|2007-12-01,2007-10-01|2007-11-01|2007-12-01,2008-01-04|2007-12-07|2008-01-04,4.7999999999999998|4.7000000000000002|5,2008-01-04,2008-01-04,
2008-01-01,primary-early-quarter,2008-02-14,InterestRate_L1,FEDFUNDS,4.49666666666667,3,3,1,2007-10-01|2007-11-01|2007-12-01,2007-10-01|2007-11-01|2007-12-01,2007-11-05|2007-12-03|2008-01-07,4.7599999999999998|4.4900000000000002|4.2400000000000002,2008-01-07,2008-01-07,
2008-01-01,strict-quarter-start,2007-12-31,GDPGrowth_L1,GDPC1,NaN,2,1,0,2007-07-01|2007-10-01,2007-07-01,2007-12-20,11658.9,2007-12-20,2008-01-30,Required observation not released by forecast origin
2008-01-01,strict-quarter-start,2007-12-31,Inflation_L1,CPIAUCSL,NaN,6,5,0,2007-07-01|2007-08-01|2007-09-01|2007-10-01|2007-11-01|2007-12-01,2007-07-01|2007-08-01|2007-09-01|2007-10-01|2007-11-01,2007-08-15|2007-09-19|2007-10-17|2007-11-15|2007-12-14,208.02799999999999|207.738|208.292|208.90299999999999|210.565,2007-12-14,2008-01-16,Required observation not released by forecast origin
2008-01-01,strict-quarter-start,2007-12-31,Unemployment_L1,UNRATE,NaN,3,2,0,2007-10-01|2007-11-01|2007-12-01,2007-10-01|2007-11-01,2007-11-02|2007-12-07,4.7000000000000002|4.7000000000000002,2007-12-07,2008-01-04,Required observation not released by forecast origin
2008-01-01,strict-quarter-start,2007-12-31,InterestRate_L1,FEDFUNDS,NaN,3,2,0,2007-10-01|2007-11-01|2007-12-01,2007-10-01|2007-11-01,2007-11-05|2007-12-03,4.7599999999999998|4.4900000000000002,2007-12-03,2008-01-07,Required observation not released by forecast origin
2008-04-01,primary-early-quarter,2008-05-15,GDPGrowth_L1,GDPC1,0.595666126306451,2,2,1,2007-10-01|2008-01-01,2007-10-01|2008-01-01,2008-03-27|2008-04-30,11675.700000000001|11693.1,2008-04-30,2008-04-30,
2008-04-01,primary-early-quarter,2008-05-15,Inflation_L1,CPIAUCSL,4.23482345757737,6,6,1,2007-10-01|2007-11-01|2007-12-01|2008-01-01|2008-02-01|2008-03-01,2007-10-01|2007-11-01|2007-12-01|2008-01-01|2008-02-01|2008-03-01,2008-02-15|2008-02-15|2008-02-15|2008-02-20|2008-03-14|2008-04-16,209.05500000000001|210.93000000000001|211.68000000000001|212.51599999999999|212.571|213.30099999999999,2008-04-16,2008-04-16,
2008-04-01,primary-early-quarter,2008-05-15,Unemployment_L1,UNRATE,4.93333333333333,3,3,1,2008-01-01|2008-02-01|2008-03-01,2008-01-01|2008-02-01|2008-03-01,2008-02-01|2008-03-07|2008-04-04,4.9000000000000004|4.7999999999999998|5.0999999999999996,2008-04-04,2008-04-04,
2008-04-01,primary-early-quarter,2008-05-15,InterestRate_L1,FEDFUNDS,3.17666666666667,3,3,1,2008-01-01|2008-02-01|2008-03-01,2008-01-01|2008-02-01|2008-03-01,2008-02-04|2008-03-03|2008-04-07,3.9399999999999999|2.98|2.6099999999999999,2008-04-07,2008-04-07,
2008-04-01,strict-quarter-start,2008-03-31,GDPGrowth_L1,GDPC1,NaN,2,1,0,2007-10-01|2008-01-01,2007-10-01,2008-03-27,11675.700000000001,2008-03-27,2008-04-30,Required observation not released by forecast origin
2008-04-01,strict-quarter-start,2008-03-31,Inflation_L1,CPIAUCSL,NaN,6,5,0,2007-10-01|2007-11-01|2007-12-01|2008-01-01|2008-02-01|2008-03-01,2007-10-01|2007-11-01|2007-12-01|2008-01-01|2008-02-01,2008-02-15|2008-02-15|2008-02-15|2008-02-20|2008-03-14,209.05500000000001|210.93000000000001|211.68000000000001|212.51599999999999|212.571,2008-03-14,2008-04-16,Required observation not released by forecast origin
2008-04-01,strict-quarter-start,2008-03-31,Unemployment_L1,UNRATE,NaN,3,2,0,2008-01-01|2008-02-01|2008-03-01,2008-01-01|2008-02-01,2008-02-01|2008-03-07,4.9000000000000004|4.7999999999999998,2008-03-07,2008-04-04,Required observation not released by forecast origin
2008-04-01,strict-quarter-start,2008-03-31,InterestRate_L1,FEDFUNDS,NaN,3,2,0,2008-01-01|2008-02-01|2008-03-01,2008-01-01|2008-02-01,2008-02-04|2008-03-03,3.9399999999999999|2.98,2008-03-03,2008-04-07,Required observation not released by forecast origin
2008-07-01,primary-early-quarter,2008-08-14,GDPGrowth_L1,GDPC1,1.87093965007394,2,2,1,2008-01-01|2008-04-01,2008-01-01|2008-04-01,2008-07-31|2008-07-31,11646|11700.6,2008-07-31,2008-07-31,
2008-07-01,primary-early-quarter,2008-08-14,Inflation_L1,CPIAUCSL,4.91340112139385,6,6,1,2008-01-01|2008-02-01|2008-03-01|2008-04-01|2008-05-01|2008-06-01,2008-01-01|2008-02-01|2008-03-01|2008-04-01|2008-05-01|2008-06-01,2008-02-20|2008-03-14|2008-04-16|2008-05-14|2008-06-13|2008-07-16,212.51599999999999|212.571|213.30099999999999|213.74299999999999|215.13200000000001|217.40299999999999,2008-07-16,2008-07-16,
2008-07-01,primary-early-quarter,2008-08-14,Unemployment_L1,UNRATE,5.33333333333333,3,3,1,2008-04-01|2008-05-01|2008-06-01,2008-04-01|2008-05-01|2008-06-01,2008-05-02|2008-06-06|2008-07-03,5|5.5|5.5,2008-07-03,2008-07-03,
2008-07-01,primary-early-quarter,2008-08-14,InterestRate_L1,FEDFUNDS,2.08666666666667,3,3,1,2008-04-01|2008-05-01|2008-06-01,2008-04-01|2008-05-01|2008-06-01,2008-05-05|2008-06-02|2008-07-07,2.2799999999999998|1.98|2,2008-07-07,2008-07-07,
2008-07-01,strict-quarter-start,2008-06-30,GDPGrowth_L1,GDPC1,NaN,2,1,0,2008-01-01|2008-04-01,2008-01-01,2008-06-26,11703.6,2008-06-26,2008-07-31,Required observation not released by forecast origin
2008-07-01,strict-quarter-start,2008-06-30,Inflation_L1,CPIAUCSL,NaN,6,5,0,2008-01-01|2008-02-01|2008-03-01|2008-04-01|2008-05-01|2008-06-01,2008-01-01|2008-02-01|2008-03-01|2008-04-01|2008-05-01,2008-02-20|2008-03-14|2008-04-16|2008-05-14|2008-06-13,212.51599999999999|212.571|213.30099999999999|213.74299999999999|215.13200000000001,2008-06-13,2008-07-16,Required observation not released by forecast origin
2008-07-01,strict-quarter-start,2008-06-30,Unemployment_L1,UNRATE,NaN,3,2,0,2008-04-01|2008-05-01|2008-06-01,2008-04-01|2008-05-01,2008-05-02|2008-06-06,5|5.5,2008-06-06,2008-07-03,Required observation not released by forecast origin
2008-07-01,strict-quarter-start,2008-06-30,InterestRate_L1,FEDFUNDS,NaN,3,2,0,2008-04-01|2008-05-01|2008-06-01,2008-04-01|2008-05-01,2008-05-05|2008-06-02,2.2799999999999998|1.98,2008-06-02,2008-07-07,Required observation not released by forecast origin
2008-10-01,primary-early-quarter,2008-11-14,GDPGrowth_L1,GDPC1,-0.25248002748921,2,2,1,2008-04-01|2008-07-01,2008-04-01|2008-07-01,2008-09-26|2008-10-30,11727.4|11720,2008-10-30,2008-10-30,
2008-10-01,primary-early-quarter,2008-11-14,Inflation_L1,CPIAUCSL,6.5049870001851,6,6,1,2008-04-01|2008-05-01|2008-06-01|2008-07-01|2008-08-01|2008-09-01,2008-04-01|2008-05-01|2008-06-01|2008-07-01|2008-08-01|2008-09-01,2008-05-14|2008-06-13|2008-07-16|2008-08-14|2008-09-16|2008-10-16,213.74299999999999|215.13200000000001|217.40299999999999|219.18100000000001|218.88|218.81299999999999,2008-10-16,2008-10-16,
2008-10-01,primary-early-quarter,2008-11-14,Unemployment_L1,UNRATE,5.96666666666667,3,3,1,2008-07-01|2008-08-01|2008-09-01,2008-07-01|2008-08-01|2008-09-01,2008-08-01|2008-09-05|2008-10-03,5.7000000000000002|6.0999999999999996|6.0999999999999996,2008-10-03,2008-10-03,
2008-10-01,primary-early-quarter,2008-11-14,InterestRate_L1,FEDFUNDS,1.94,3,3,1,2008-07-01|2008-08-01|2008-09-01,2008-07-01|2008-08-01|2008-09-01,2008-08-04|2008-09-02|2008-10-06,2.0099999999999998|2|1.8100000000000001,2008-10-06,2008-10-06,
2008-10-01,strict-quarter-start,2008-09-30,GDPGrowth_L1,GDPC1,NaN,2,1,0,2008-04-01|2008-07-01,2008-04-01,2008-09-26,11727.4,2008-09-26,2008-10-30,Required observation not released by forecast origin
2008-10-01,strict-quarter-start,2008-09-30,Inflation_L1,CPIAUCSL,NaN,6,5,0,2008-04-01|2008-05-01|2008-06-01|2008-07-01|2008-08-01|2008-09-01,2008-04-01|2008-05-01|2008-06-01|2008-07-01|2008-08-01,2008-05-14|2008-06-13|2008-07-16|2008-08-14|2008-09-16,213.74299999999999|215.13200000000001|217.40299999999999|219.18100000000001|218.88,2008-09-16,2008-10-16,Required observation not released by forecast origin
2008-10-01,strict-quarter-start,2008-09-30,Unemployment_L1,UNRATE,NaN,3,2,0,2008-07-01|2008-08-01|2008-09-01,2008-07-01|2008-08-01,2008-08-01|2008-09-05,5.7000000000000002|6.0999999999999996,2008-09-05,2008-10-03,Required observation not released by forecast origin
2008-10-01,strict-quarter-start,2008-09-30,InterestRate_L1,FEDFUNDS,NaN,3,2,0,2008-07-01|2008-08-01|2008-09-01,2008-07-01|2008-08-01,2008-08-04|2008-09-02,2.0099999999999998|2,2008-09-02,2008-10-06,Required observation not released by forecast origin
2009-01-01,primary-early-quarter,2009-02-14,GDPGrowth_L1,GDPC1,-3.87789480182843,2,2,1,2008-07-01|2008-10-01,2008-07-01|2008-10-01,2008-12-23|2009-01-30,11712.4|11599.4,2009-01-30,2009-01-30,
2009-01-01,primary-early-quarter,2009-02-14,Inflation_L1,CPIAUCSL,-9.62289134604133,6,6,1,2008-07-01|2008-08-01|2008-09-01|2008-10-01|2008-11-01|2008-12-01,2008-07-01|2008-08-01|2008-09-01|2008-10-01|2008-11-01|2008-12-01,2008-08-14|2008-09-16|2008-10-16|2008-11-19|2008-12-16|2009-01-16,219.18100000000001|218.88|218.81299999999999|216.71000000000001|213.06|211.49000000000001,2009-01-16,2009-01-16,
2009-01-01,primary-early-quarter,2009-02-14,Unemployment_L1,UNRATE,6.86666666666667,3,3,1,2008-10-01|2008-11-01|2008-12-01,2008-10-01|2008-11-01|2008-12-01,2009-01-09|2009-01-09|2009-01-09,6.5999999999999996|6.7999999999999998|7.2000000000000002,2009-01-09,2009-01-09,
2009-01-01,primary-early-quarter,2009-02-14,InterestRate_L1,FEDFUNDS,0.506666666666667,3,3,1,2008-10-01|2008-11-01|2008-12-01,2008-10-01|2008-11-01|2008-12-01,2008-11-03|2008-12-01|2009-01-05,0.96999999999999997|0.39000000000000001|0.16,2009-01-05,2009-01-05,
2009-01-01,strict-quarter-start,2008-12-31,GDPGrowth_L1,GDPC1,NaN,2,1,0,2008-07-01|2008-10-01,2008-07-01,2008-12-23,11712.4,2008-12-23,2009-01-30,Required observation not released by forecast origin
2009-01-01,strict-quarter-start,2008-12-31,Inflation_L1,CPIAUCSL,NaN,6,5,0,2008-07-01|2008-08-01|2008-09-01|2008-10-01|2008-11-01|2008-12-01,2008-07-01|2008-08-01|2008-09-01|2008-10-01|2008-11-01,2008-08-14|2008-09-16|2008-10-16|2008-11-19|2008-12-16,219.18100000000001|218.88|218.81299999999999|216.71000000000001|213.06,2008-12-16,2009-01-16,Required observation not released by forecast origin
2009-01-01,strict-quarter-start,2008-12-31,Unemployment_L1,UNRATE,NaN,3,2,0,2008-10-01|2008-11-01|2008-12-01,2008-10-01|2008-11-01,2008-11-07|2008-12-05,6.5|6.7000000000000002,2008-12-05,2009-01-09,Required observation not released by forecast origin
2009-01-01,strict-quarter-start,2008-12-31,InterestRate_L1,FEDFUNDS,NaN,3,2,0,2008-10-01|2008-11-01|2008-12-01,2008-10-01|2008-11-01,2008-11-03|2008-12-01,0.96999999999999997|0.39000000000000001,2008-12-01,2009-01-05,Required observation not released by forecast origin
2009-04-01,primary-early-quarter,2009-05-15,GDPGrowth_L1,GDPC1,-6.34050803663007,2,2,1,2008-10-01|2009-01-01,2008-10-01|2009-01-01,2009-03-26|2009-04-29,11522.1|11340.9,2009-04-29,2009-04-29,
2009-04-01,primary-early-quarter,2009-05-15,Inflation_L1,CPIAUCSL,-2.39696127792881,6,6,1,2008-10-01|2008-11-01|2008-12-01|2009-01-01|2009-02-01|2009-03-01,2008-10-01|2008-11-01|2008-12-01|2009-01-01|2009-02-01|2009-03-01,2009-02-18|2009-02-18|2009-02-18|2009-02-20|2009-03-18|2009-04-15,216.88900000000001|213.26300000000001|211.577|212.17400000000001|213.00700000000001|212.714,2009-04-15,2009-04-15,
2009-04-01,primary-early-quarter,2009-05-15,Unemployment_L1,UNRATE,8.06666666666667,3,3,1,2009-01-01|2009-02-01|2009-03-01,2009-01-01|2009-02-01|2009-03-01,2009-02-06|2009-03-06|2009-04-03,7.5999999999999996|8.0999999999999996|8.5,2009-04-03,2009-04-03,
2009-04-01,primary-early-quarter,2009-05-15,InterestRate_L1,FEDFUNDS,0.183333333333333,3,3,1,2009-01-01|2009-02-01|2009-03-01,2009-01-01|2009-02-01|2009-03-01,2009-02-02|2009-03-02|2009-04-06,0.14999999999999999|0.22|0.17999999999999999,2009-04-06,2009-04-06,
2009-04-01,strict-quarter-start,2009-03-31,GDPGrowth_L1,GDPC1,NaN,2,1,0,2008-10-01|2009-01-01,2008-10-01,2009-03-26,11522.1,2009-03-26,2009-04-29,Required observation not released by forecast origin
2009-04-01,strict-quarter-start,2009-03-31,Inflation_L1,CPIAUCSL,NaN,6,5,0,2008-10-01|2008-11-01|2008-12-01|2009-01-01|2009-02-01|2009-03-01,2008-10-01|2008-11-01|2008-12-01|2009-01-01|2009-02-01,2009-02-18|2009-02-18|2009-02-18|2009-02-20|2009-03-18,216.88900000000001|213.26300000000001|211.577|212.17400000000001|213.00700000000001,2009-03-18,2009-04-15,Required observation not released by forecast origin
2009-04-01,strict-quarter-start,2009-03-31,Unemployment_L1,UNRATE,NaN,3,2,0,2009-01-01|2009-02-01|2009-03-01,2009-01-01|2009-02-01,2009-02-06|2009-03-06,7.5999999999999996|8.0999999999999996,2009-03-06,2009-04-03,Required observation not released by forecast origin
2009-04-01,strict-quarter-start,2009-03-31,InterestRate_L1,FEDFUNDS,NaN,3,2,0,2009-01-01|2009-02-01|2009-03-01,2009-01-01|2009-02-01,2009-02-02|2009-03-02,0.14999999999999999|0.22,2009-03-02,2009-04-06,Required observation not released by forecast origin
2009-07-01,primary-early-quarter,2009-08-14,GDPGrowth_L1,GDPC1,-1.02255089036014,2,2,1,2009-01-01|2009-04-01,2009-01-01|2009-04-01,2009-07-31|2009-07-31,12925.4|12892.4,2009-07-31,2009-07-31,
2009-07-01,primary-early-quarter,2009-08-14,Inflation_L1,CPIAUCSL,1.32154332469542,6,6,1,2009-01-01|2009-02-01|2009-03-01|2009-04-01|2009-05-01|2009-06-01,2009-01-01|2009-02-01|2009-03-01|2009-04-01|2009-05-01|2009-06-01,2009-02-20|2009-03-18|2009-04-15|2009-05-15|2009-06-17|2009-07-15,212.17400000000001|213.00700000000001|212.714|212.67099999999999|212.876|214.459,2009-07-15,2009-07-15,
2009-07-01,primary-early-quarter,2009-08-14,Unemployment_L1,UNRATE,9.26666666666667,3,3,1,2009-04-01|2009-05-01|2009-06-01,2009-04-01|2009-05-01|2009-06-01,2009-05-08|2009-06-05|2009-07-02,8.9000000000000004|9.4000000000000004|9.5,2009-07-02,2009-07-02,
2009-07-01,primary-early-quarter,2009-08-14,InterestRate_L1,FEDFUNDS,0.18,3,3,1,2009-04-01|2009-05-01|2009-06-01,2009-04-01|2009-05-01|2009-06-01,2009-05-04|2009-06-01|2009-07-06,0.14999999999999999|0.17999999999999999|0.20999999999999999,2009-07-06,2009-07-06,
2009-07-01,strict-quarter-start,2009-06-30,GDPGrowth_L1,GDPC1,NaN,2,1,0,2009-01-01|2009-04-01,2009-01-01,2009-06-25,11360.5,2009-06-25,2009-07-31,Required observation not released by forecast origin
2009-07-01,strict-quarter-start,2009-06-30,Inflation_L1,CPIAUCSL,NaN,6,5,0,2009-01-01|2009-02-01|2009-03-01|2009-04-01|2009-05-01|2009-06-01,2009-01-01|2009-02-01|2009-03-01|2009-04-01|2009-05-01,2009-02-20|2009-03-18|2009-04-15|2009-05-15|2009-06-17,212.17400000000001|213.00700000000001|212.714|212.67099999999999|212.876,2009-06-17,2009-07-15,Required observation not released by forecast origin
2009-07-01,strict-quarter-start,2009-06-30,Unemployment_L1,UNRATE,NaN,3,2,0,2009-04-01|2009-05-01|2009-06-01,2009-04-01|2009-05-01,2009-05-08|2009-06-05,8.9000000000000004|9.4000000000000004,2009-06-05,2009-07-02,Required observation not released by forecast origin
2009-07-01,strict-quarter-start,2009-06-30,InterestRate_L1,FEDFUNDS,NaN,3,2,0,2009-04-01|2009-05-01|2009-06-01,2009-04-01|2009-05-01,2009-05-04|2009-06-01,0.14999999999999999|0.17999999999999999,2009-06-01,2009-07-06,Required observation not released by forecast origin
2009-10-01,primary-early-quarter,2009-11-14,GDPGrowth_L1,GDPC1,3.47284695811419,2,2,1,2009-04-01|2009-07-01,2009-04-01|2009-07-01,2009-09-30|2009-10-29,12901.5|13014,2009-10-29,2009-10-29,
2009-10-01,primary-early-quarter,2009-11-14,Inflation_L1,CPIAUCSL,3.53554546719899,6,6,1,2009-04-01|2009-05-01|2009-06-01|2009-07-01|2009-08-01|2009-09-01,2009-04-01|2009-05-01|2009-06-01|2009-07-01|2009-08-01|2009-09-01,2009-05-15|2009-06-17|2009-07-15|2009-08-14|2009-09-16|2009-10-15,212.67099999999999|212.876|214.459|214.46899999999999|215.428|215.791,2009-10-15,2009-10-15,
2009-10-01,primary-early-quarter,2009-11-14,Unemployment_L1,UNRATE,9.63333333333333,3,3,1,2009-07-01|2009-08-01|2009-09-01,2009-07-01|2009-08-01|2009-09-01,2009-08-07|2009-09-04|2009-10-02,9.4000000000000004|9.6999999999999993|9.8000000000000007,2009-10-02,2009-10-02,
2009-10-01,primary-early-quarter,2009-11-14,InterestRate_L1,FEDFUNDS,0.156666666666667,3,3,1,2009-07-01|2009-08-01|2009-09-01,2009-07-01|2009-08-01|2009-09-01,2009-08-03|2009-09-08|2009-10-05,0.16|0.16|0.14999999999999999,2009-10-05,2009-10-05,
2009-10-01,strict-quarter-start,2009-09-30,GDPGrowth_L1,GDPC1,NaN,2,1,0,2009-04-01|2009-07-01,2009-04-01,2009-09-30,12901.5,2009-09-30,2009-10-29,Required observation not released by forecast origin
2009-10-01,strict-quarter-start,2009-09-30,Inflation_L1,CPIAUCSL,NaN,6,5,0,2009-04-01|2009-05-01|2009-06-01|2009-07-01|2009-08-01|2009-09-01,2009-04-01|2009-05-01|2009-06-01|2009-07-01|2009-08-01,2009-05-15|2009-06-17|2009-07-15|2009-08-14|2009-09-16,212.67099999999999|212.876|214.459|214.46899999999999|215.428,2009-09-16,2009-10-15,Required observation not released by forecast origin
2009-10-01,strict-quarter-start,2009-09-30,Unemployment_L1,UNRATE,NaN,3,2,0,2009-07-01|2009-08-01|2009-09-01,2009-07-01|2009-08-01,2009-08-07|2009-09-04,9.4000000000000004|9.6999999999999993,2009-09-04,2009-10-02,Required observation not released by forecast origin
2009-10-01,strict-quarter-start,2009-09-30,InterestRate_L1,FEDFUNDS,NaN,3,2,0,2009-07-01|2009-08-01|2009-09-01,2009-07-01|2009-08-01,2009-08-03|2009-09-08,0.16|0.16,2009-09-08,2009-10-05,Required observation not released by forecast origin
2010-01-01,primary-early-quarter,2010-02-14,GDPGrowth_L1,GDPC1,5.57265596135224,2,2,1,2009-07-01|2009-10-01,2009-07-01|2009-10-01,2009-12-22|2010-01-29,12973|13155,2010-01-29,2010-01-29,
2010-01-01,primary-early-quarter,2010-02-14,Inflation_L1,CPIAUCSL,3.38541759781671,6,6,1,2009-07-01|2009-08-01|2009-09-01|2009-10-01|2009-11-01|2009-12-01,2009-07-01|2009-08-01|2009-09-01|2009-10-01|2009-11-01|2009-12-01,2009-08-14|2009-09-16|2009-10-15|2009-11-18|2009-12-16|2010-01-15,214.46899999999999|215.428|215.791|216.38499999999999|217.25|217.541,2010-01-15,2010-01-15,
2010-01-01,primary-early-quarter,2010-02-14,Unemployment_L1,UNRATE,10.0333333333333,3,3,1,2009-10-01|2009-11-01|2009-12-01,2009-10-01|2009-11-01|2009-12-01,2010-01-08|2009-12-04|2010-01-08,10.1|10|10,2010-01-08,2010-01-08,
2010-01-01,primary-early-quarter,2010-02-14,InterestRate_L1,FEDFUNDS,0.12,3,3,1,2009-10-01|2009-11-01|2009-12-01,2009-10-01|2009-11-01|2009-12-01,2009-11-02|2009-12-07|2010-01-04,0.12|0.12|0.12,2010-01-04,2010-01-04,
2010-01-01,strict-quarter-start,2009-12-31,GDPGrowth_L1,GDPC1,NaN,2,1,0,2009-07-01|2009-10-01,2009-07-01,2009-12-22,12973,2009-12-22,2010-01-29,Required observation not released by forecast origin
2010-01-01,strict-quarter-start,2009-12-31,Inflation_L1,CPIAUCSL,NaN,6,5,0,2009-07-01|2009-08-01|2009-09-01|2009-10-01|2009-11-01|2009-12-01,2009-07-01|2009-08-01|2009-09-01|2009-10-01|2009-11-01,2009-08-14|2009-09-16|2009-10-15|2009-11-18|2009-12-16,214.46899999999999|215.428|215.791|216.38499999999999|217.25,2009-12-16,2010-01-15,Required observation not released by forecast origin
2010-01-01,strict-quarter-start,2009-12-31,Unemployment_L1,UNRATE,NaN,3,2,0,2009-10-01|2009-11-01|2009-12-01,2009-10-01|2009-11-01,2009-11-06|2009-12-04,10.199999999999999|10,2009-12-04,2010-01-08,Required observation not released by forecast origin
2010-01-01,strict-quarter-start,2009-12-31,InterestRate_L1,FEDFUNDS,NaN,3,2,0,2009-10-01|2009-11-01|2009-12-01,2009-10-01|2009-11-01,2009-11-02|2009-12-07,0.12|0.12,2009-12-07,2010-01-04,Required observation not released by forecast origin
2010-04-01,primary-early-quarter,2010-05-15,GDPGrowth_L1,GDPC1,3.18738857158743,2,2,1,2009-10-01|2010-01-01,2009-10-01|2010-01-01,2010-03-26|2010-04-30,13149.5|13254.700000000001,2010-04-30,2010-04-30,
2010-04-01,primary-early-quarter,2010-05-15,Inflation_L1,CPIAUCSL,1.51425702977487,6,6,1,2009-10-01|2009-11-01|2009-12-01|2010-01-01|2010-02-01|2010-03-01,2009-10-01|2009-11-01|2009-12-01|2010-01-01|2010-02-01|2010-03-01,2010-02-17|2010-02-17|2010-02-17|2010-02-19|2010-03-18|2010-04-14,216.357|216.85900000000001|217.22399999999999|217.58699999999999|217.59100000000001|217.72900000000001,2010-04-14,2010-04-14,
2010-04-01,primary-early-quarter,2010-05-15,Unemployment_L1,UNRATE,9.7,3,3,1,2010-01-01|2010-02-01|2010-03-01,2010-01-01|2010-02-01|2010-03-01,2010-02-05|2010-03-05|2010-04-02,9.6999999999999993|9.6999999999999993|9.6999999999999993,2010-04-02,2010-04-02,
2010-04-01,primary-early-quarter,2010-05-15,InterestRate_L1,FEDFUNDS,0.133333333333333,3,3,1,2010-01-01|2010-02-01|2010-03-01,2010-01-01|2010-02-01|2010-03-01,2010-02-01|2010-03-01|2010-04-05,0.11|0.13|0.16,2010-04-05,2010-04-05,
2010-04-01,strict-quarter-start,2010-03-31,GDPGrowth_L1,GDPC1,NaN,2,1,0,2009-10-01|2010-01-01,2009-10-01,2010-03-26,13149.5,2010-03-26,2010-04-30,Required observation not released by forecast origin
2010-04-01,strict-quarter-start,2010-03-31,Inflation_L1,CPIAUCSL,NaN,6,5,0,2009-10-01|2009-11-01|2009-12-01|2010-01-01|2010-02-01|2010-03-01,2009-10-01|2009-11-01|2009-12-01|2010-01-01|2010-02-01,2010-02-17|2010-02-17|2010-02-17|2010-02-19|2010-03-18,216.357|216.85900000000001|217.22399999999999|217.58699999999999|217.59100000000001,2010-03-18,2010-04-14,Required observation not released by forecast origin
2010-04-01,strict-quarter-start,2010-03-31,Unemployment_L1,UNRATE,NaN,3,2,0,2010-01-01|2010-02-01|2010-03-01,2010-01-01|2010-02-01,2010-02-05|2010-03-05,9.6999999999999993|9.6999999999999993,2010-03-05,2010-04-02,Required observation not released by forecast origin
2010-04-01,strict-quarter-start,2010-03-31,InterestRate_L1,FEDFUNDS,NaN,3,2,0,2010-01-01|2010-02-01|2010-03-01,2010-01-01|2010-02-01,2010-02-01|2010-03-01,0.11|0.13,2010-03-01,2010-04-05,Required observation not released by forecast origin
2010-07-01,primary-early-quarter,2010-08-14,GDPGrowth_L1,GDPC1,2.35854572300583,2,2,1,2010-01-01|2010-04-01,2010-01-01|2010-04-01,2010-07-30|2010-07-30,13138.799999999999|13216.5,2010-07-30,2010-07-30,
2010-07-01,primary-early-quarter,2010-08-14,Inflation_L1,CPIAUCSL,-0.720506020559625,6,6,1,2010-01-01|2010-02-01|2010-03-01|2010-04-01|2010-05-01|2010-06-01,2010-01-01|2010-02-01|2010-03-01|2010-04-01|2010-05-01|2010-06-01,2010-02-19|2010-03-18|2010-04-14|2010-05-19|2010-06-17|2010-07-16,217.58699999999999|217.59100000000001|217.72900000000001|217.57900000000001|217.22399999999999|216.929,2010-07-16,2010-07-16,
2010-07-01,primary-early-quarter,2010-08-14,Unemployment_L1,UNRATE,9.7,3,3,1,2010-04-01|2010-05-01|2010-06-01,2010-04-01|2010-05-01|2010-06-01,2010-05-07|2010-06-04|2010-07-02,9.9000000000000004|9.6999999999999993|9.5,2010-07-02,2010-07-02,
2010-07-01,primary-early-quarter,2010-08-14,InterestRate_L1,FEDFUNDS,0.193333333333333,3,3,1,2010-04-01|2010-05-01|2010-06-01,2010-04-01|2010-05-01|2010-06-01,2010-05-03|2010-06-07|2010-07-06,0.20000000000000001|0.20000000000000001|0.17999999999999999,2010-07-06,2010-07-06,
2010-07-01,strict-quarter-start,2010-06-30,GDPGrowth_L1,GDPC1,NaN,2,1,0,2010-01-01|2010-04-01,2010-01-01,2010-06-25,13238.6,2010-06-25,2010-07-30,Required observation not released by forecast origin
2010-07-01,strict-quarter-start,2010-06-30,Inflation_L1,CPIAUCSL,NaN,6,5,0,2010-01-01|2010-02-01|2010-03-01|2010-04-01|2010-05-01|2010-06-01,2010-01-01|2010-02-01|2010-03-01|2010-04-01|2010-05-01,2010-02-19|2010-03-18|2010-04-14|2010-05-19|2010-06-17,217.58699999999999|217.59100000000001|217.72900000000001|217.57900000000001|217.22399999999999,2010-06-17,2010-07-16,Required observation not released by forecast origin
2010-07-01,strict-quarter-start,2010-06-30,Unemployment_L1,UNRATE,NaN,3,2,0,2010-04-01|2010-05-01|2010-06-01,2010-04-01|2010-05-01,2010-05-07|2010-06-04,9.9000000000000004|9.6999999999999993,2010-06-04,2010-07-02,Required observation not released by forecast origin
2010-07-01,strict-quarter-start,2010-06-30,InterestRate_L1,FEDFUNDS,NaN,3,2,0,2010-04-01|2010-05-01|2010-06-01,2010-04-01|2010-05-01,2010-05-03|2010-06-07,0.20000000000000001|0.20000000000000001,2010-06-07,2010-07-06,Required observation not released by forecast origin
2010-10-01,primary-early-quarter,2010-11-14,GDPGrowth_L1,GDPC1,1.98975296518482,2,2,1,2010-04-01|2010-07-01,2010-04-01|2010-07-01,2010-09-30|2010-10-29,13194.9|13260.700000000001,2010-10-29,2010-10-29,
2010-10-01,primary-early-quarter,2010-11-14,Inflation_L1,CPIAUCSL,1.46234304439288,6,6,1,2010-04-01|2010-05-01|2010-06-01|2010-07-01|2010-08-01|2010-09-01,2010-04-01|2010-05-01|2010-06-01|2010-07-01|2010-08-01|2010-09-01,2010-05-19|2010-06-17|2010-07-16|2010-08-13|2010-09-17|2010-10-15,217.57900000000001|217.22399999999999|216.929|217.59700000000001|218.15000000000001|218.37200000000001,2010-10-15,2010-10-15,
2010-10-01,primary-early-quarter,2010-11-14,Unemployment_L1,UNRATE,9.56666666666667,3,3,1,2010-07-01|2010-08-01|2010-09-01,2010-07-01|2010-08-01|2010-09-01,2010-08-06|2010-09-03|2010-10-08,9.5|9.5999999999999996|9.5999999999999996,2010-10-08,2010-10-08,
2010-10-01,primary-early-quarter,2010-11-14,InterestRate_L1,FEDFUNDS,0.186666666666667,3,3,1,2010-07-01|2010-08-01|2010-09-01,2010-07-01|2010-08-01|2010-09-01,2010-08-02|2010-09-07|2010-10-04,0.17999999999999999|0.19|0.19,2010-10-04,2010-10-04,
2010-10-01,strict-quarter-start,2010-09-30,GDPGrowth_L1,GDPC1,NaN,2,1,0,2010-04-01|2010-07-01,2010-04-01,2010-09-30,13194.9,2010-09-30,2010-10-29,Required observation not released by forecast origin
2010-10-01,strict-quarter-start,2010-09-30,Inflation_L1,CPIAUCSL,NaN,6,5,0,2010-04-01|2010-05-01|2010-06-01|2010-07-01|2010-08-01|2010-09-01,2010-04-01|2010-05-01|2010-06-01|2010-07-01|2010-08-01,2010-05-19|2010-06-17|2010-07-16|2010-08-13|2010-09-17,217.57900000000001|217.22399999999999|216.929|217.59700000000001|218.15000000000001,2010-09-17,2010-10-15,Required observation not released by forecast origin
2010-10-01,strict-quarter-start,2010-09-30,Unemployment_L1,UNRATE,NaN,3,2,0,2010-07-01|2010-08-01|2010-09-01,2010-07-01|2010-08-01,2010-08-06|2010-09-03,9.5|9.5999999999999996,2010-09-03,2010-10-08,Required observation not released by forecast origin
2010-10-01,strict-quarter-start,2010-09-30,InterestRate_L1,FEDFUNDS,NaN,3,2,0,2010-07-01|2010-08-01|2010-09-01,2010-07-01|2010-08-01,2010-08-02|2010-09-07,0.17999999999999999|0.19,2010-09-07,2010-10-04,Required observation not released by forecast origin
2011-01-01,primary-early-quarter,2011-02-14,GDPGrowth_L1,GDPC1,3.12366793652618,2,2,1,2010-07-01|2010-10-01,2010-07-01|2010-10-01,2010-12-22|2011-01-28,13278.5|13382.6,2011-01-28,2011-01-28,
2011-01-01,primary-early-quarter,2011-02-14,Inflation_L1,CPIAUCSL,2.53460931761143,6,6,1,2010-07-01|2010-08-01|2010-09-01|2010-10-01|2010-11-01|2010-12-01,2010-07-01|2010-08-01|2010-09-01|2010-10-01|2010-11-01|2010-12-01,2010-08-13|2010-09-17|2010-10-15|2010-11-17|2010-12-15|2011-01-14,217.59700000000001|218.15000000000001|218.37200000000001|218.87899999999999|219.14599999999999|220.25200000000001,2011-01-14,2011-01-14,
2011-01-01,primary-early-quarter,2011-02-14,Unemployment_L1,UNRATE,9.63333333333333,3,3,1,2010-10-01|2010-11-01|2010-12-01,2010-10-01|2010-11-01|2010-12-01,2011-01-07|2010-12-03|2011-01-07,9.6999999999999993|9.8000000000000007|9.4000000000000004,2011-01-07,2011-01-07,
2011-01-01,primary-early-quarter,2011-02-14,InterestRate_L1,FEDFUNDS,0.186666666666667,3,3,1,2010-10-01|2010-11-01|2010-12-01,2010-10-01|2010-11-01|2010-12-01,2010-11-01|2010-12-06|2011-01-11,0.19|0.19|0.17999999999999999,2011-01-11,2011-01-03,
2011-01-01,strict-quarter-start,2010-12-31,GDPGrowth_L1,GDPC1,NaN,2,1,0,2010-07-01|2010-10-01,2010-07-01,2010-12-22,13278.5,2010-12-22,2011-01-28,Required observation not released by forecast origin
2011-01-01,strict-quarter-start,2010-12-31,Inflation_L1,CPIAUCSL,NaN,6,5,0,2010-07-01|2010-08-01|2010-09-01|2010-10-01|2010-11-01|2010-12-01,2010-07-01|2010-08-01|2010-09-01|2010-10-01|2010-11-01,2010-08-13|2010-09-17|2010-10-15|2010-11-17|2010-12-15,217.59700000000001|218.15000000000001|218.37200000000001|218.87899999999999|219.14599999999999,2010-12-15,2011-01-14,Required observation not released by forecast origin
2011-01-01,strict-quarter-start,2010-12-31,Unemployment_L1,UNRATE,NaN,3,2,0,2010-10-01|2010-11-01|2010-12-01,2010-10-01|2010-11-01,2010-11-05|2010-12-03,9.5999999999999996|9.8000000000000007,2010-12-03,2011-01-07,Required observation not released by forecast origin
2011-01-01,strict-quarter-start,2010-12-31,InterestRate_L1,FEDFUNDS,NaN,3,2,0,2010-10-01|2010-11-01|2010-12-01,2010-10-01|2010-11-01,2010-11-01|2010-12-06,0.19|0.19,2010-12-06,2011-01-03,Required observation not released by forecast origin
2011-04-01,primary-early-quarter,2011-05-15,GDPGrowth_L1,GDPC1,1.73307006881103,2,2,1,2010-10-01|2011-01-01,2010-10-01|2011-01-01,2011-03-25|2011-04-28,13380.700000000001|13438.799999999999,2011-04-28,2011-04-28,
2011-04-01,primary-early-quarter,2011-05-15,Inflation_L1,CPIAUCSL,5.08662788937059,6,6,1,2010-10-01|2010-11-01|2010-12-01|2011-01-01|2011-02-01|2011-03-01,2010-10-01|2010-11-01|2010-12-01|2011-01-01|2011-02-01|2011-03-01,2011-02-15|2011-02-15|2011-02-15|2011-02-17|2011-03-17|2011-04-15,218.97|219.24000000000001|220.18600000000001|221.06200000000001|222.27000000000001|223.49000000000001,2011-04-15,2011-04-15,
2011-04-01,primary-early-quarter,2011-05-15,Unemployment_L1,UNRATE,8.9,3,3,1,2011-01-01|2011-02-01|2011-03-01,2011-01-01|2011-02-01|2011-03-01,2011-02-04|2011-03-04|2011-04-01,9|8.9000000000000004|8.8000000000000007,2011-04-01,2011-04-01,
2011-04-01,primary-early-quarter,2011-05-15,InterestRate_L1,FEDFUNDS,0.156666666666667,3,3,1,2011-01-01|2011-02-01|2011-03-01,2011-01-01|2011-02-01|2011-03-01,2011-02-07|2011-03-07|2011-04-04,0.17000000000000001|0.16|0.14000000000000001,2011-04-04,2011-04-04,
2011-04-01,strict-quarter-start,2011-03-31,GDPGrowth_L1,GDPC1,NaN,2,1,0,2010-10-01|2011-01-01,2010-10-01,2011-03-25,13380.700000000001,2011-03-25,2011-04-28,Required observation not released by forecast origin
2011-04-01,strict-quarter-start,2011-03-31,Inflation_L1,CPIAUCSL,NaN,6,5,0,2010-10-01|2010-11-01|2010-12-01|2011-01-01|2011-02-01|2011-03-01,2010-10-01|2010-11-01|2010-12-01|2011-01-01|2011-02-01,2011-02-15|2011-02-15|2011-02-15|2011-02-17|2011-03-17,218.97|219.24000000000001|220.18600000000001|221.06200000000001|222.27000000000001,2011-03-17,2011-04-15,Required observation not released by forecast origin
2011-04-01,strict-quarter-start,2011-03-31,Unemployment_L1,UNRATE,NaN,3,2,0,2011-01-01|2011-02-01|2011-03-01,2011-01-01|2011-02-01,2011-02-04|2011-03-04,9|8.9000000000000004,2011-03-04,2011-04-01,Required observation not released by forecast origin
2011-04-01,strict-quarter-start,2011-03-31,InterestRate_L1,FEDFUNDS,NaN,3,2,0,2011-01-01|2011-02-01|2011-03-01,2011-01-01|2011-02-01,2011-02-07|2011-03-07,0.17000000000000001|0.16,2011-03-07,2011-04-04,Required observation not released by forecast origin
2011-07-01,primary-early-quarter,2011-08-14,GDPGrowth_L1,GDPC1,1.27405949663173,2,2,1,2011-01-01|2011-04-01,2011-01-01|2011-04-01,2011-07-29|2011-07-29,13227.9|13270.1,2011-07-29,2011-07-29,
2011-07-01,primary-early-quarter,2011-08-14,Inflation_L1,CPIAUCSL,4.01029051385891,6,6,1,2011-01-01|2011-02-01|2011-03-01|2011-04-01|2011-05-01|2011-06-01,2011-01-01|2011-02-01|2011-03-01|2011-04-01|2011-05-01|2011-06-01,2011-02-17|2011-03-17|2011-04-15|2011-05-13|2011-06-15|2011-07-15,221.06200000000001|222.27000000000001|223.49000000000001|224.43299999999999|224.804|224.304,2011-07-15,2011-07-15,
2011-07-01,primary-early-quarter,2011-08-14,Unemployment_L1,UNRATE,9.1,3,3,1,2011-04-01|2011-05-01|2011-06-01,2011-04-01|2011-05-01|2011-06-01,2011-05-06|2011-06-03|2011-07-08,9|9.0999999999999996|9.1999999999999993,2011-07-08,2011-07-08,
2011-07-01,primary-early-quarter,2011-08-14,InterestRate_L1,FEDFUNDS,0.0933333333333333,3,3,1,2011-04-01|2011-05-01|2011-06-01,2011-04-01|2011-05-01|2011-06-01,2011-05-02|2011-06-06|2011-07-05,0.10000000000000001|0.089999999999999997|0.089999999999999997,2011-07-05,2011-07-05,
2011-07-01,strict-quarter-start,2011-06-30,GDPGrowth_L1,GDPC1,NaN,2,1,0,2011-01-01|2011-04-01,2011-01-01,2011-06-24,13444.299999999999,2011-06-24,2011-07-29,Required observation not released by forecast origin
2011-07-01,strict-quarter-start,2011-06-30,Inflation_L1,CPIAUCSL,NaN,6,5,0,2011-01-01|2011-02-01|2011-03-01|2011-04-01|2011-05-01|2011-06-01,2011-01-01|2011-02-01|2011-03-01|2011-04-01|2011-05-01,2011-02-17|2011-03-17|2011-04-15|2011-05-13|2011-06-15,221.06200000000001|222.27000000000001|223.49000000000001|224.43299999999999|224.804,2011-06-15,2011-07-15,Required observation not released by forecast origin
2011-07-01,strict-quarter-start,2011-06-30,Unemployment_L1,UNRATE,NaN,3,2,0,2011-04-01|2011-05-01|2011-06-01,2011-04-01|2011-05-01,2011-05-06|2011-06-03,9|9.0999999999999996,2011-06-03,2011-07-08,Required observation not released by forecast origin
2011-07-01,strict-quarter-start,2011-06-30,InterestRate_L1,FEDFUNDS,NaN,3,2,0,2011-04-01|2011-05-01|2011-06-01,2011-04-01|2011-05-01,2011-05-02|2011-06-06,0.10000000000000001|0.089999999999999997,2011-06-06,2011-07-05,Required observation not released by forecast origin
2011-10-01,primary-early-quarter,2011-11-14,GDPGrowth_L1,GDPC1,2.43384689053499,2,2,1,2011-04-01|2011-07-01,2011-04-01|2011-07-01,2011-09-29|2011-10-27,13271.799999999999|13352.799999999999,2011-10-27,2011-10-27,
2011-10-01,primary-early-quarter,2011-11-14,Inflation_L1,CPIAUCSL,3.02148547764381,6,6,1,2011-04-01|2011-05-01|2011-06-01|2011-07-01|2011-08-01|2011-09-01,2011-04-01|2011-05-01|2011-06-01|2011-07-01|2011-08-01|2011-09-01,2011-05-13|2011-06-15|2011-07-15|2011-08-18|2011-09-15|2011-10-19,224.43299999999999|224.804|224.304|225.42500000000001|226.268|226.95500000000001,2011-10-19,2011-10-19,
2011-10-01,primary-early-quarter,2011-11-14,Unemployment_L1,UNRATE,9.1,3,3,1,2011-07-01|2011-08-01|2011-09-01,2011-07-01|2011-08-01|2011-09-01,2011-08-05|2011-09-02|2011-10-07,9.0999999999999996|9.0999999999999996|9.0999999999999996,2011-10-07,2011-10-07,
2011-10-01,primary-early-quarter,2011-11-14,InterestRate_L1,FEDFUNDS,0.0833333333333333,3,3,1,2011-07-01|2011-08-01|2011-09-01,2011-07-01|2011-08-01|2011-09-01,2011-08-01|2011-09-06|2011-10-11,0.070000000000000007|0.10000000000000001|0.080000000000000002,2011-10-11,2011-10-11,
2011-10-01,strict-quarter-start,2011-09-30,GDPGrowth_L1,GDPC1,NaN,2,1,0,2011-04-01|2011-07-01,2011-04-01,2011-09-29,13271.799999999999,2011-09-29,2011-10-27,Required observation not released by forecast origin
2011-10-01,strict-quarter-start,2011-09-30,Inflation_L1,CPIAUCSL,NaN,6,5,0,2011-04-01|2011-05-01|2011-06-01|2011-07-01|2011-08-01|2011-09-01,2011-04-01|2011-05-01|2011-06-01|2011-07-01|2011-08-01,2011-05-13|2011-06-15|2011-07-15|2011-08-18|2011-09-15,224.43299999999999|224.804|224.304|225.42500000000001|226.268,2011-09-15,2011-10-19,Required observation not released by forecast origin
2011-10-01,strict-quarter-start,2011-09-30,Unemployment_L1,UNRATE,NaN,3,2,0,2011-07-01|2011-08-01|2011-09-01,2011-07-01|2011-08-01,2011-08-05|2011-09-02,9.0999999999999996|9.0999999999999996,2011-09-02,2011-10-07,Required observation not released by forecast origin
2011-10-01,strict-quarter-start,2011-09-30,InterestRate_L1,FEDFUNDS,NaN,3,2,0,2011-07-01|2011-08-01|2011-09-01,2011-07-01|2011-08-01,2011-08-01|2011-09-06,0.070000000000000007|0.10000000000000001,2011-09-06,2011-10-11,Required observation not released by forecast origin
2012-01-01,primary-early-quarter,2012-02-14,GDPGrowth_L1,GDPC1,2.71511844591952,2,2,1,2011-07-01|2011-10-01,2011-07-01|2011-10-01,2011-12-22|2012-01-27,13331.6|13422.4,2012-01-27,2012-01-27,
2012-01-01,primary-early-quarter,2012-02-14,Inflation_L1,CPIAUCSL,0.931357025265077,6,6,1,2011-07-01|2011-08-01|2011-09-01|2011-10-01|2011-11-01|2011-12-01,2011-07-01|2011-08-01|2011-09-01|2011-10-01|2011-11-01|2011-12-01,2011-08-18|2011-09-15|2011-10-19|2011-11-16|2011-12-16|2012-01-19,225.42500000000001|226.268|226.95500000000001|226.76300000000001|226.72|226.74700000000001,2012-01-19,2012-01-19,
2012-01-01,primary-early-quarter,2012-02-14,Unemployment_L1,UNRATE,8.7,3,3,1,2011-10-01|2011-11-01|2011-12-01,2011-10-01|2011-11-01|2011-12-01,2012-01-06|2012-01-06|2012-01-06,8.9000000000000004|8.6999999999999993|8.5,2012-01-06,2012-01-06,
2012-01-01,primary-early-quarter,2012-02-14,InterestRate_L1,FEDFUNDS,0.0733333333333333,3,3,1,2011-10-01|2011-11-01|2011-12-01,2011-10-01|2011-11-01|2011-12-01,2011-11-07|2011-12-05|2012-01-09,0.070000000000000007|0.080000000000000002|0.070000000000000007,2012-01-09,2012-01-09,
2012-01-01,strict-quarter-start,2011-12-31,GDPGrowth_L1,GDPC1,NaN,2,1,0,2011-07-01|2011-10-01,2011-07-01,2011-12-22,13331.6,2011-12-22,2012-01-27,Required observation not released by forecast origin
2012-01-01,strict-quarter-start,2011-12-31,Inflation_L1,CPIAUCSL,NaN,6,5,0,2011-07-01|2011-08-01|2011-09-01|2011-10-01|2011-11-01|2011-12-01,2011-07-01|2011-08-01|2011-09-01|2011-10-01|2011-11-01,2011-08-18|2011-09-15|2011-10-19|2011-11-16|2011-12-16,225.42500000000001|226.268|226.95500000000001|226.76300000000001|226.72,2011-12-16,2012-01-19,Required observation not released by forecast origin
2012-01-01,strict-quarter-start,2011-12-31,Unemployment_L1,UNRATE,NaN,3,2,0,2011-10-01|2011-11-01|2011-12-01,2011-10-01|2011-11-01,2011-11-04|2011-12-02,9|8.5999999999999996,2011-12-02,2012-01-06,Required observation not released by forecast origin
2012-01-01,strict-quarter-start,2011-12-31,InterestRate_L1,FEDFUNDS,NaN,3,2,0,2011-10-01|2011-11-01|2011-12-01,2011-10-01|2011-11-01,2011-11-07|2011-12-05,0.070000000000000007|0.080000000000000002,2011-12-05,2012-01-09,Required observation not released by forecast origin
2012-04-01,primary-early-quarter,2012-05-15,GDPGrowth_L1,GDPC1,2.18035992901074,2,2,1,2011-10-01|2012-01-01,2011-10-01|2012-01-01,2012-03-29|2012-04-27,13429|13502.4,2012-04-27,2012-04-27,
2012-04-01,primary-early-quarter,2012-05-15,Inflation_L1,CPIAUCSL,2.45116212159923,6,6,1,2011-10-01|2011-11-01|2011-12-01|2012-01-01|2012-02-01|2012-03-01,2011-10-01|2011-11-01|2011-12-01|2012-01-01|2012-02-01|2012-03-01,2012-02-15|2012-02-15|2012-02-15|2012-02-17|2012-03-16|2012-04-13,226.804|227.01400000000001|227.03299999999999|227.505|228.43299999999999|229.09800000000001,2012-04-13,2012-04-13,
2012-04-01,primary-early-quarter,2012-05-15,Unemployment_L1,UNRATE,8.26666666666667,3,3,1,2012-01-01|2012-02-01|2012-03-01,2012-01-01|2012-02-01|2012-03-01,2012-02-03|2012-03-09|2012-04-06,8.3000000000000007|8.3000000000000007|8.1999999999999993,2012-04-06,2012-04-06,
2012-04-01,primary-early-quarter,2012-05-15,InterestRate_L1,FEDFUNDS,0.103333333333333,3,3,1,2012-01-01|2012-02-01|2012-03-01,2012-01-01|2012-02-01|2012-03-01,2012-02-06|2012-03-05|2012-04-02,0.080000000000000002|0.10000000000000001|0.13,2012-04-02,2012-04-02,
2012-04-01,strict-quarter-start,2012-03-31,GDPGrowth_L1,GDPC1,NaN,2,1,0,2011-10-01|2012-01-01,2011-10-01,2012-03-29,13429,2012-03-29,2012-04-27,Required observation not released by forecast origin
2012-04-01,strict-quarter-start,2012-03-31,Inflation_L1,CPIAUCSL,NaN,6,5,0,2011-10-01|2011-11-01|2011-12-01|2012-01-01|2012-02-01|2012-03-01,2011-10-01|2011-11-01|2011-12-01|2012-01-01|2012-02-01,2012-02-15|2012-02-15|2012-02-15|2012-02-17|2012-03-16,226.804|227.01400000000001|227.03299999999999|227.505|228.43299999999999,2012-03-16,2012-04-13,Required observation not released by forecast origin
2012-04-01,strict-quarter-start,2012-03-31,Unemployment_L1,UNRATE,NaN,3,2,0,2012-01-01|2012-02-01|2012-03-01,2012-01-01|2012-02-01,2012-02-03|2012-03-09,8.3000000000000007|8.3000000000000007,2012-03-09,2012-04-06,Required observation not released by forecast origin
2012-04-01,strict-quarter-start,2012-03-31,InterestRate_L1,FEDFUNDS,NaN,3,2,0,2012-01-01|2012-02-01|2012-03-01,2012-01-01|2012-02-01,2012-02-06|2012-03-05,0.080000000000000002|0.10000000000000001,2012-03-05,2012-04-02,Required observation not released by forecast origin
2012-07-01,primary-early-quarter,2012-08-14,GDPGrowth_L1,GDPC1,1.5252527311708,2,2,1,2012-01-01|2012-04-01,2012-01-01|2012-04-01,2012-07-27|2012-07-27,13506.4|13558,2012-07-27,2012-07-27,
2012-07-01,primary-early-quarter,2012-08-14,Inflation_L1,CPIAUCSL,0.750205490886645,6,6,1,2012-01-01|2012-02-01|2012-03-01|2012-04-01|2012-05-01|2012-06-01,2012-01-01|2012-02-01|2012-03-01|2012-04-01|2012-05-01|2012-06-01,2012-02-17|2012-03-16|2012-04-13|2012-05-15|2012-06-14|2012-07-17,227.505|228.43299999999999|229.09800000000001|229.17699999999999|228.52699999999999|228.61799999999999,2012-07-17,2012-07-17,
2012-07-01,primary-early-quarter,2012-08-14,Unemployment_L1,UNRATE,8.16666666666667,3,3,1,2012-04-01|2012-05-01|2012-06-01,2012-04-01|2012-05-01|2012-06-01,2012-05-04|2012-06-01|2012-07-06,8.0999999999999996|8.1999999999999993|8.1999999999999993,2012-07-06,2012-07-06,
2012-07-01,primary-early-quarter,2012-08-14,InterestRate_L1,FEDFUNDS,0.153333333333333,3,3,1,2012-04-01|2012-05-01|2012-06-01,2012-04-01|2012-05-01|2012-06-01,2012-05-07|2012-06-04|2012-07-02,0.14000000000000001|0.16|0.16,2012-07-02,2012-07-02,
2012-07-01,strict-quarter-start,2012-06-30,GDPGrowth_L1,GDPC1,NaN,2,1,0,2012-01-01|2012-04-01,2012-01-01,2012-06-28,13491.4,2012-06-28,2012-07-27,Required observation not released by forecast origin
2012-07-01,strict-quarter-start,2012-06-30,Inflation_L1,CPIAUCSL,NaN,6,5,0,2012-01-01|2012-02-01|2012-03-01|2012-04-01|2012-05-01|2012-06-01,2012-01-01|2012-02-01|2012-03-01|2012-04-01|2012-05-01,2012-02-17|2012-03-16|2012-04-13|2012-05-15|2012-06-14,227.505|228.43299999999999|229.09800000000001|229.17699999999999|228.52699999999999,2012-06-14,2012-07-17,Required observation not released by forecast origin
2012-07-01,strict-quarter-start,2012-06-30,Unemployment_L1,UNRATE,NaN,3,2,0,2012-04-01|2012-05-01|2012-06-01,2012-04-01|2012-05-01,2012-05-04|2012-06-01,8.0999999999999996|8.1999999999999993,2012-06-01,2012-07-06,Required observation not released by forecast origin
2012-07-01,strict-quarter-start,2012-06-30,InterestRate_L1,FEDFUNDS,NaN,3,2,0,2012-04-01|2012-05-01|2012-06-01,2012-04-01|2012-05-01,2012-05-07|2012-06-04,0.14000000000000001|0.16,2012-06-04,2012-07-02,Required observation not released by forecast origin
2012-10-01,primary-early-quarter,2012-11-14,GDPGrowth_L1,GDPC1,1.9937680935632,2,2,1,2012-04-01|2012-07-01,2012-04-01|2012-07-01,2012-09-27|2012-10-26,13548.5|13616.200000000001,2012-10-26,2012-10-26,
2012-10-01,primary-early-quarter,2012-11-14,Inflation_L1,CPIAUCSL,2.276403630114,6,6,1,2012-04-01|2012-05-01|2012-06-01|2012-07-01|2012-08-01|2012-09-01,2012-04-01|2012-05-01|2012-06-01|2012-07-01|2012-08-01|2012-09-01,2012-05-15|2012-06-14|2012-07-17|2012-08-15|2012-09-14|2012-10-16,229.17699999999999|228.52699999999999|228.61799999999999|228.72300000000001|230.102|231.41399999999999,2012-10-16,2012-10-16,
2012-10-01,primary-early-quarter,2012-11-14,Unemployment_L1,UNRATE,8.06666666666667,3,3,1,2012-07-01|2012-08-01|2012-09-01,2012-07-01|2012-08-01|2012-09-01,2012-08-03|2012-09-07|2012-10-05,8.3000000000000007|8.0999999999999996|7.7999999999999998,2012-10-05,2012-10-05,
2012-10-01,primary-early-quarter,2012-11-14,InterestRate_L1,FEDFUNDS,0.143333333333333,3,3,1,2012-07-01|2012-08-01|2012-09-01,2012-07-01|2012-08-01|2012-09-01,2012-08-06|2012-09-04|2012-10-01,0.16|0.13|0.14000000000000001,2012-10-01,2012-10-01,
2012-10-01,strict-quarter-start,2012-09-30,GDPGrowth_L1,GDPC1,NaN,2,1,0,2012-04-01|2012-07-01,2012-04-01,2012-09-27,13548.5,2012-09-27,2012-10-26,Required observation not released by forecast origin
2012-10-01,strict-quarter-start,2012-09-30,Inflation_L1,CPIAUCSL,NaN,6,5,0,2012-04-01|2012-05-01|2012-06-01|2012-07-01|2012-08-01|2012-09-01,2012-04-01|2012-05-01|2012-06-01|2012-07-01|2012-08-01,2012-05-15|2012-06-14|2012-07-17|2012-08-15|2012-09-14,229.17699999999999|228.52699999999999|228.61799999999999|228.72300000000001|230.102,2012-09-14,2012-10-16,Required observation not released by forecast origin
2012-10-01,strict-quarter-start,2012-09-30,Unemployment_L1,UNRATE,NaN,3,2,0,2012-07-01|2012-08-01|2012-09-01,2012-07-01|2012-08-01,2012-08-03|2012-09-07,8.3000000000000007|8.0999999999999996,2012-09-07,2012-10-05,Required observation not released by forecast origin
2012-10-01,strict-quarter-start,2012-09-30,InterestRate_L1,FEDFUNDS,NaN,3,2,0,2012-07-01|2012-08-01|2012-09-01,2012-07-01|2012-08-01,2012-08-06|2012-09-04,0.16|0.13,2012-09-04,2012-10-01,Required observation not released by forecast origin
2013-01-01,primary-early-quarter,2013-02-14,GDPGrowth_L1,GDPC1,-0.143589219163817,2,2,1,2012-07-01|2012-10-01,2012-07-01|2012-10-01,2012-12-20|2013-01-30,13652.5|13647.6,2013-01-30,2013-01-30,
2013-01-01,primary-early-quarter,2013-02-14,Inflation_L1,CPIAUCSL,2.03238312543179,6,6,1,2012-07-01|2012-08-01|2012-09-01|2012-10-01|2012-11-01|2012-12-01,2012-07-01|2012-08-01|2012-09-01|2012-10-01|2012-11-01|2012-12-01,2012-08-15|2012-09-14|2012-10-16|2012-11-15|2012-12-14|2013-01-16,228.72300000000001|230.102|231.41399999999999|231.751|231.02500000000001|230.97900000000001,2013-01-16,2013-01-16,
2013-01-01,primary-early-quarter,2013-02-14,Unemployment_L1,UNRATE,7.83333333333333,3,3,1,2012-10-01|2012-11-01|2012-12-01,2012-10-01|2012-11-01|2012-12-01,2012-11-02|2013-01-04|2013-01-04,7.9000000000000004|7.7999999999999998|7.7999999999999998,2013-01-04,2013-01-04,
2013-01-01,primary-early-quarter,2013-02-14,InterestRate_L1,FEDFUNDS,0.16,3,3,1,2012-10-01|2012-11-01|2012-12-01,2012-10-01|2012-11-01|2012-12-01,2012-11-05|2012-12-10|2013-01-07,0.16|0.16|0.16,2013-01-07,2013-01-07,
2013-01-01,strict-quarter-start,2012-12-31,GDPGrowth_L1,GDPC1,NaN,2,1,0,2012-07-01|2012-10-01,2012-07-01,2012-12-20,13652.5,2012-12-20,2013-01-30,Required observation not released by forecast origin
2013-01-01,strict-quarter-start,2012-12-31,Inflation_L1,CPIAUCSL,NaN,6,5,0,2012-07-01|2012-08-01|2012-09-01|2012-10-01|2012-11-01|2012-12-01,2012-07-01|2012-08-01|2012-09-01|2012-10-01|2012-11-01,2012-08-15|2012-09-14|2012-10-16|2012-11-15|2012-12-14,228.72300000000001|230.102|231.41399999999999|231.751|231.02500000000001,2012-12-14,2013-01-16,Required observation not released by forecast origin
2013-01-01,strict-quarter-start,2012-12-31,Unemployment_L1,UNRATE,NaN,3,2,0,2012-10-01|2012-11-01|2012-12-01,2012-10-01|2012-11-01,2012-11-02|2012-12-07,7.9000000000000004|7.7000000000000002,2012-12-07,2013-01-04,Required observation not released by forecast origin
2013-01-01,strict-quarter-start,2012-12-31,InterestRate_L1,FEDFUNDS,NaN,3,2,0,2012-10-01|2012-11-01|2012-12-01,2012-10-01|2012-11-01,2012-11-05|2012-12-10,0.16|0.16,2012-12-10,2013-01-07,Required observation not released by forecast origin
2013-04-01,primary-early-quarter,2013-05-15,GDPGrowth_L1,GDPC1,2.47160239974635,2,2,1,2012-10-01|2013-01-01,2012-10-01|2013-01-01,2013-03-28|2013-04-26,13665.4|13750.1,2013-04-26,2013-04-26,
2013-04-01,primary-early-quarter,2013-05-15,Inflation_L1,CPIAUCSL,1.42547047249089,6,6,1,2012-10-01|2012-11-01|2012-12-01|2013-01-01|2013-02-01|2013-03-01,2012-10-01|2012-11-01|2012-12-01|2013-01-01|2013-02-01|2013-03-01,2013-02-19|2013-02-19|2013-02-19|2013-02-21|2013-03-15|2013-04-16,231.62299999999999|231.071|231.137|231.19800000000001|232.77000000000001|232.34,2013-04-16,2013-04-16,
2013-04-01,primary-early-quarter,2013-05-15,Unemployment_L1,UNRATE,7.73333333333333,3,3,1,2013-01-01|2013-02-01|2013-03-01,2013-01-01|2013-02-01|2013-03-01,2013-02-01|2013-03-08|2013-04-05,7.9000000000000004|7.7000000000000002|7.5999999999999996,2013-04-05,2013-04-05,
2013-04-01,primary-early-quarter,2013-05-15,InterestRate_L1,FEDFUNDS,0.143333333333333,3,3,1,2013-01-01|2013-02-01|2013-03-01,2013-01-01|2013-02-01|2013-03-01,2013-02-04|2013-03-04|2013-04-04,0.14000000000000001|0.14999999999999999|0.14000000000000001,2013-04-04,2013-04-04,
2013-04-01,strict-quarter-start,2013-03-31,GDPGrowth_L1,GDPC1,NaN,2,1,0,2012-10-01|2013-01-01,2012-10-01,2013-03-28,13665.4,2013-03-28,2013-04-26,Required observation not released by forecast origin
2013-04-01,strict-quarter-start,2013-03-31,Inflation_L1,CPIAUCSL,NaN,6,5,0,2012-10-01|2012-11-01|2012-12-01|2013-01-01|2013-02-01|2013-03-01,2012-10-01|2012-11-01|2012-12-01|2013-01-01|2013-02-01,2013-02-19|2013-02-19|2013-02-19|2013-02-21|2013-03-15,231.62299999999999|231.071|231.137|231.19800000000001|232.77000000000001,2013-03-15,2013-04-16,Required observation not released by forecast origin
2013-04-01,strict-quarter-start,2013-03-31,Unemployment_L1,UNRATE,NaN,3,2,0,2013-01-01|2013-02-01|2013-03-01,2013-01-01|2013-02-01,2013-02-01|2013-03-08,7.9000000000000004|7.7000000000000002,2013-03-08,2013-04-05,Required observation not released by forecast origin
2013-04-01,strict-quarter-start,2013-03-31,InterestRate_L1,FEDFUNDS,NaN,3,2,0,2013-01-01|2013-02-01|2013-03-01,2013-01-01|2013-02-01,2013-02-04|2013-03-04,0.14000000000000001|0.14999999999999999,2013-03-04,2013-04-04,Required observation not released by forecast origin
2013-07-01,primary-early-quarter,2013-08-14,GDPGrowth_L1,GDPC1,1.65980656057585,2,2,1,2013-01-01|2013-04-01,2013-01-01|2013-04-01,2013-07-31|2013-07-31,15583.9|15648.700000000001,2013-07-31,2013-07-31,
2013-07-01,primary-early-quarter,2013-08-14,Inflation_L1,CPIAUCSL,-0.0275749550579762,6,6,1,2013-01-01|2013-02-01|2013-03-01|2013-04-01|2013-05-01|2013-06-01,2013-01-01|2013-02-01|2013-03-01|2013-04-01|2013-05-01|2013-06-01,2013-02-21|2013-03-15|2013-04-16|2013-05-16|2013-06-18|2013-07-16,231.19800000000001|232.77000000000001|232.34|231.48500000000001|231.83099999999999|232.94399999999999,2013-07-16,2013-07-16,
2013-07-01,primary-early-quarter,2013-08-14,Unemployment_L1,UNRATE,7.56666666666667,3,3,1,2013-04-01|2013-05-01|2013-06-01,2013-04-01|2013-05-01|2013-06-01,2013-05-03|2013-06-07|2013-07-05,7.5|7.5999999999999996|7.5999999999999996,2013-07-05,2013-07-05,
2013-07-01,primary-early-quarter,2013-08-14,InterestRate_L1,FEDFUNDS,0.116666666666667,3,3,1,2013-04-01|2013-05-01|2013-06-01,2013-04-01|2013-05-01|2013-06-01,2013-05-06|2013-06-10|2013-07-08,0.14999999999999999|0.11|0.089999999999999997,2013-07-08,2013-07-08,
2013-07-01,strict-quarter-start,2013-06-30,GDPGrowth_L1,GDPC1,NaN,2,1,0,2013-01-01|2013-04-01,2013-01-01,2013-06-26,13725.700000000001,2013-06-26,2013-07-31,Required observation not released by forecast origin
2013-07-01,strict-quarter-start,2013-06-30,Inflation_L1,CPIAUCSL,NaN,6,5,0,2013-01-01|2013-02-01|2013-03-01|2013-04-01|2013-05-01|2013-06-01,2013-01-01|2013-02-01|2013-03-01|2013-04-01|2013-05-01,2013-02-21|2013-03-15|2013-04-16|2013-05-16|2013-06-18,231.19800000000001|232.77000000000001|232.34|231.48500000000001|231.83099999999999,2013-06-18,2013-07-16,Required observation not released by forecast origin
2013-07-01,strict-quarter-start,2013-06-30,Unemployment_L1,UNRATE,NaN,3,2,0,2013-04-01|2013-05-01|2013-06-01,2013-04-01|2013-05-01,2013-05-03|2013-06-07,7.5|7.5999999999999996,2013-06-07,2013-07-05,Required observation not released by forecast origin
2013-07-01,strict-quarter-start,2013-06-30,InterestRate_L1,FEDFUNDS,NaN,3,2,0,2013-04-01|2013-05-01|2013-06-01,2013-04-01|2013-05-01,2013-05-06|2013-06-10,0.14999999999999999|0.11,2013-06-10,2013-07-08,Required observation not released by forecast origin
2013-10-01,primary-early-quarter,2013-11-14,GDPGrowth_L1,GDPC1,2.80651171342272,2,2,1,2013-04-01|2013-07-01,2013-04-01|2013-07-01,2013-09-26|2013-11-07,15679.700000000001|15790.1,2013-11-07,2013-11-07,
2013-10-01,primary-early-quarter,2013-11-14,Inflation_L1,CPIAUCSL,2.59461731140793,6,6,1,2013-04-01|2013-05-01|2013-06-01|2013-07-01|2013-08-01|2013-09-01,2013-04-01|2013-05-01|2013-06-01|2013-07-01|2013-08-01|2013-09-01,2013-05-16|2013-06-18|2013-07-16|2013-08-15|2013-09-17|2013-10-30,231.48500000000001|231.83099999999999|232.94399999999999|233.31800000000001|233.52600000000001|233.947,2013-10-30,2013-10-30,
2013-10-01,primary-early-quarter,2013-11-14,Unemployment_L1,UNRATE,7.3,3,3,1,2013-07-01|2013-08-01|2013-09-01,2013-07-01|2013-08-01|2013-09-01,2013-08-02|2013-09-06|2013-10-22,7.4000000000000004|7.2999999999999998|7.2000000000000002,2013-10-22,2013-10-22,
2013-10-01,primary-early-quarter,2013-11-14,InterestRate_L1,FEDFUNDS,0.0833333333333333,3,3,1,2013-07-01|2013-08-01|2013-09-01,2013-07-01|2013-08-01|2013-09-01,2013-08-12|2013-09-03|2013-10-07,0.089999999999999997|0.080000000000000002|0.080000000000000002,2013-10-07,2013-10-07,
2013-10-01,strict-quarter-start,2013-09-30,GDPGrowth_L1,GDPC1,NaN,2,1,0,2013-04-01|2013-07-01,2013-04-01,2013-09-26,15679.700000000001,2013-09-26,2013-11-07,Required observation not released by forecast origin
2013-10-01,strict-quarter-start,2013-09-30,Inflation_L1,CPIAUCSL,NaN,6,5,0,2013-04-01|2013-05-01|2013-06-01|2013-07-01|2013-08-01|2013-09-01,2013-04-01|2013-05-01|2013-06-01|2013-07-01|2013-08-01,2013-05-16|2013-06-18|2013-07-16|2013-08-15|2013-09-17,231.48500000000001|231.83099999999999|232.94399999999999|233.31800000000001|233.52600000000001,2013-09-17,2013-10-30,Required observation not released by forecast origin
2013-10-01,strict-quarter-start,2013-09-30,Unemployment_L1,UNRATE,NaN,3,2,0,2013-07-01|2013-08-01|2013-09-01,2013-07-01|2013-08-01,2013-08-02|2013-09-06,7.4000000000000004|7.2999999999999998,2013-09-06,2013-10-22,Required observation not released by forecast origin
2013-10-01,strict-quarter-start,2013-09-30,InterestRate_L1,FEDFUNDS,NaN,3,2,0,2013-07-01|2013-08-01|2013-09-01,2013-07-01|2013-08-01,2013-08-12|2013-09-03,0.089999999999999997|0.080000000000000002,2013-09-03,2013-10-07,Required observation not released by forecast origin
2014-01-01,primary-early-quarter,2014-02-14,GDPGrowth_L1,GDPC1,3.17688567241696,2,2,1,2013-07-01|2013-10-01,2013-07-01|2013-10-01,2013-12-20|2014-01-30,15839.299999999999|15965.6,2014-01-30,2014-01-30,
2014-01-01,primary-early-quarter,2014-02-14,Inflation_L1,CPIAUCSL,0.847286406999696,6,6,1,2013-07-01|2013-08-01|2013-09-01|2013-10-01|2013-11-01|2013-12-01,2013-07-01|2013-08-01|2013-09-01|2013-10-01|2013-11-01|2013-12-01,2013-08-15|2013-09-17|2013-10-30|2013-11-20|2013-12-17|2014-01-16,233.31800000000001|233.52600000000001|233.947|233.80799999999999|233.887|234.58199999999999,2014-01-16,2014-01-16,
2014-01-01,primary-early-quarter,2014-02-14,Unemployment_L1,UNRATE,6.96666666666667,3,3,1,2013-10-01|2013-11-01|2013-12-01,2013-10-01|2013-11-01|2013-12-01,2014-01-10|2013-12-06|2014-01-10,7.2000000000000002|7|6.7000000000000002,2014-01-10,2014-01-10,
2014-01-01,primary-early-quarter,2014-02-14,InterestRate_L1,FEDFUNDS,0.0866666666666667,3,3,1,2013-10-01|2013-11-01|2013-12-01,2013-10-01|2013-11-01|2013-12-01,2013-11-04|2013-12-02|2014-01-06,0.089999999999999997|0.080000000000000002|0.089999999999999997,2014-01-06,2014-01-06,
2014-01-01,strict-quarter-start,2013-12-31,GDPGrowth_L1,GDPC1,NaN,2,1,0,2013-07-01|2013-10-01,2013-07-01,2013-12-20,15839.299999999999,2013-12-20,2014-01-30,Required observation not released by forecast origin
2014-01-01,strict-quarter-start,2013-12-31,Inflation_L1,CPIAUCSL,NaN,6,5,0,2013-07-01|2013-08-01|2013-09-01|2013-10-01|2013-11-01|2013-12-01,2013-07-01|2013-08-01|2013-09-01|2013-10-01|2013-11-01,2013-08-15|2013-09-17|2013-10-30|2013-11-20|2013-12-17,233.31800000000001|233.52600000000001|233.947|233.80799999999999|233.887,2013-12-17,2014-01-16,Required observation not released by forecast origin
2014-01-01,strict-quarter-start,2013-12-31,Unemployment_L1,UNRATE,NaN,3,2,0,2013-10-01|2013-11-01|2013-12-01,2013-10-01|2013-11-01,2013-11-08|2013-12-06,7.2999999999999998|7,2013-12-06,2014-01-10,Required observation not released by forecast origin
2014-01-01,strict-quarter-start,2013-12-31,InterestRate_L1,FEDFUNDS,NaN,3,2,0,2013-10-01|2013-11-01|2013-12-01,2013-10-01|2013-11-01,2013-11-04|2013-12-02,0.089999999999999997|0.080000000000000002,2013-12-02,2014-01-06,Required observation not released by forecast origin
2014-04-01,primary-early-quarter,2014-05-15,GDPGrowth_L1,GDPC1,0.107874527526866,2,2,1,2013-10-01|2014-01-01,2013-10-01|2014-01-01,2014-03-27|2014-04-30,15942.299999999999|15946.6,2014-04-30,2014-04-30,
2014-04-01,primary-early-quarter,2014-05-15,Inflation_L1,CPIAUCSL,1.89355046398259,6,6,1,2013-10-01|2013-11-01|2013-12-01|2014-01-01|2014-02-01|2014-03-01,2013-10-01|2013-11-01|2013-12-01|2014-01-01|2014-02-01|2014-03-01,2014-02-18|2014-02-18|2014-02-18|2014-02-20|2014-03-18|2014-04-15,233.78200000000001|234.03299999999999|234.59399999999999|234.93299999999999|235.16900000000001|235.63999999999999,2014-04-15,2014-04-15,
2014-04-01,primary-early-quarter,2014-05-15,Unemployment_L1,UNRATE,6.66666666666667,3,3,1,2014-01-01|2014-02-01|2014-03-01,2014-01-01|2014-02-01|2014-03-01,2014-02-07|2014-03-07|2014-04-04,6.5999999999999996|6.7000000000000002|6.7000000000000002,2014-04-04,2014-04-04,
2014-04-01,primary-early-quarter,2014-05-15,InterestRate_L1,FEDFUNDS,0.0733333333333333,3,3,1,2014-01-01|2014-02-01|2014-03-01,2014-01-01|2014-02-01|2014-03-01,2014-02-03|2014-03-04|2014-04-07,0.070000000000000007|0.070000000000000007|0.080000000000000002,2014-04-07,2014-04-07,
2014-04-01,strict-quarter-start,2014-03-31,GDPGrowth_L1,GDPC1,NaN,2,1,0,2013-10-01|2014-01-01,2013-10-01,2014-03-27,15942.299999999999,2014-03-27,2014-04-30,Required observation not released by forecast origin
2014-04-01,strict-quarter-start,2014-03-31,Inflation_L1,CPIAUCSL,NaN,6,5,0,2013-10-01|2013-11-01|2013-12-01|2014-01-01|2014-02-01|2014-03-01,2013-10-01|2013-11-01|2013-12-01|2014-01-01|2014-02-01,2014-02-18|2014-02-18|2014-02-18|2014-02-20|2014-03-18,233.78200000000001|234.03299999999999|234.59399999999999|234.93299999999999|235.16900000000001,2014-03-18,2014-04-15,Required observation not released by forecast origin
2014-04-01,strict-quarter-start,2014-03-31,Unemployment_L1,UNRATE,NaN,3,2,0,2014-01-01|2014-02-01|2014-03-01,2014-01-01|2014-02-01,2014-02-07|2014-03-07,6.5999999999999996|6.7000000000000002,2014-03-07,2014-04-04,Required observation not released by forecast origin
2014-04-01,strict-quarter-start,2014-03-31,InterestRate_L1,FEDFUNDS,NaN,3,2,0,2014-01-01|2014-02-01|2014-03-01,2014-01-01|2014-02-01,2014-02-03|2014-03-04,0.070000000000000007|0.070000000000000007,2014-03-04,2014-04-07,Required observation not released by forecast origin
2014-07-01,primary-early-quarter,2014-08-14,GDPGrowth_L1,GDPC1,3.87212538020411,2,2,1,2014-01-01|2014-04-01,2014-01-01|2014-04-01,2014-07-30|2014-07-30,15831.700000000001|15985.700000000001,2014-07-30,2014-07-30,
2014-07-01,primary-early-quarter,2014-08-14,Inflation_L1,CPIAUCSL,2.98595655812085,6,6,1,2014-01-01|2014-02-01|2014-03-01|2014-04-01|2014-05-01|2014-06-01,2014-01-01|2014-02-01|2014-03-01|2014-04-01|2014-05-01|2014-06-01,2014-02-20|2014-03-18|2014-04-15|2014-05-15|2014-06-17|2014-07-22,234.93299999999999|235.16900000000001|235.63999999999999|236.25399999999999|237.083|237.69300000000001,2014-07-22,2014-07-22,
2014-07-01,primary-early-quarter,2014-08-14,Unemployment_L1,UNRATE,6.23333333333333,3,3,1,2014-04-01|2014-05-01|2014-06-01,2014-04-01|2014-05-01|2014-06-01,2014-05-02|2014-06-06|2014-07-03,6.2999999999999998|6.2999999999999998|6.0999999999999996,2014-07-03,2014-07-03,
2014-07-01,primary-early-quarter,2014-08-14,InterestRate_L1,FEDFUNDS,0.0933333333333333,3,3,1,2014-04-01|2014-05-01|2014-06-01,2014-04-01|2014-05-01|2014-06-01,2014-05-05|2014-06-02|2014-07-10,0.089999999999999997|0.089999999999999997|0.10000000000000001,2014-07-10,2014-07-10,
2014-07-01,strict-quarter-start,2014-06-30,GDPGrowth_L1,GDPC1,NaN,2,1,0,2014-01-01|2014-04-01,2014-01-01,2014-06-25,15824.200000000001,2014-06-25,2014-07-30,Required observation not released by forecast origin
2014-07-01,strict-quarter-start,2014-06-30,Inflation_L1,CPIAUCSL,NaN,6,5,0,2014-01-01|2014-02-01|2014-03-01|2014-04-01|2014-05-01|2014-06-01,2014-01-01|2014-02-01|2014-03-01|2014-04-01|2014-05-01,2014-02-20|2014-03-18|2014-04-15|2014-05-15|2014-06-17,234.93299999999999|235.16900000000001|235.63999999999999|236.25399999999999|237.083,2014-06-17,2014-07-22,Required observation not released by forecast origin
2014-07-01,strict-quarter-start,2014-06-30,Unemployment_L1,UNRATE,NaN,3,2,0,2014-04-01|2014-05-01|2014-06-01,2014-04-01|2014-05-01,2014-05-02|2014-06-06,6.2999999999999998|6.2999999999999998,2014-06-06,2014-07-03,Required observation not released by forecast origin
2014-07-01,strict-quarter-start,2014-06-30,InterestRate_L1,FEDFUNDS,NaN,3,2,0,2014-04-01|2014-05-01|2014-06-01,2014-04-01|2014-05-01,2014-05-05|2014-06-02,0.089999999999999997|0.089999999999999997,2014-06-02,2014-07-10,Required observation not released by forecast origin
2014-10-01,primary-early-quarter,2014-11-14,GDPGrowth_L1,GDPC1,3.48747584002653,2,2,1,2014-04-01|2014-07-01,2014-04-01|2014-07-01,2014-09-26|2014-10-30,16010.4|16150.6,2014-10-30,2014-10-30,
2014-10-01,primary-early-quarter,2014-11-14,Inflation_L1,CPIAUCSL,1.08988831473591,6,6,1,2014-04-01|2014-05-01|2014-06-01|2014-07-01|2014-08-01|2014-09-01,2014-04-01|2014-05-01|2014-06-01|2014-07-01|2014-08-01|2014-09-01,2014-05-15|2014-06-17|2014-07-22|2014-08-19|2014-09-17|2014-10-22,236.25399999999999|237.083|237.69300000000001|237.90899999999999|237.428|237.63300000000001,2014-10-22,2014-10-22,
2014-10-01,primary-early-quarter,2014-11-14,Unemployment_L1,UNRATE,6.06666666666667,3,3,1,2014-07-01|2014-08-01|2014-09-01,2014-07-01|2014-08-01|2014-09-01,2014-08-01|2014-09-05|2014-10-03,6.2000000000000002|6.0999999999999996|5.9000000000000004,2014-10-03,2014-10-03,
2014-10-01,primary-early-quarter,2014-11-14,InterestRate_L1,FEDFUNDS,0.09,3,3,1,2014-07-01|2014-08-01|2014-09-01,2014-07-01|2014-08-01|2014-09-01,2014-08-04|2014-09-02|2014-10-06,0.089999999999999997|0.089999999999999997|0.089999999999999997,2014-10-06,2014-10-06,
2014-10-01,strict-quarter-start,2014-09-30,GDPGrowth_L1,GDPC1,NaN,2,1,0,2014-04-01|2014-07-01,2014-04-01,2014-09-26,16010.4,2014-09-26,2014-10-30,Required observation not released by forecast origin
2014-10-01,strict-quarter-start,2014-09-30,Inflation_L1,CPIAUCSL,NaN,6,5,0,2014-04-01|2014-05-01|2014-06-01|2014-07-01|2014-08-01|2014-09-01,2014-04-01|2014-05-01|2014-06-01|2014-07-01|2014-08-01,2014-05-15|2014-06-17|2014-07-22|2014-08-19|2014-09-17,236.25399999999999|237.083|237.69300000000001|237.90899999999999|237.428,2014-09-17,2014-10-22,Required observation not released by forecast origin
2014-10-01,strict-quarter-start,2014-09-30,Unemployment_L1,UNRATE,NaN,3,2,0,2014-07-01|2014-08-01|2014-09-01,2014-07-01|2014-08-01,2014-08-01|2014-09-05,6.2000000000000002|6.0999999999999996,2014-09-05,2014-10-03,Required observation not released by forecast origin
2014-10-01,strict-quarter-start,2014-09-30,InterestRate_L1,FEDFUNDS,NaN,3,2,0,2014-07-01|2014-08-01|2014-09-01,2014-07-01|2014-08-01,2014-08-04|2014-09-02,0.089999999999999997|0.089999999999999997,2014-09-02,2014-10-06,Required observation not released by forecast origin
2015-01-01,primary-early-quarter,2015-02-14,GDPGrowth_L1,GDPC1,2.60785985184232,2,2,1,2014-07-01|2014-10-01,2014-07-01|2014-10-01,2014-12-23|2015-01-30,16205.6|16311.6,2015-01-30,2015-01-30,
2015-01-01,primary-early-quarter,2015-02-14,Inflation_L1,CPIAUCSL,-1.2063560516749,6,6,1,2014-07-01|2014-08-01|2014-09-01|2014-10-01|2014-11-01|2014-12-01,2014-07-01|2014-08-01|2014-09-01|2014-10-01|2014-11-01|2014-12-01,2014-08-19|2014-09-17|2014-10-22|2014-11-20|2014-12-17|2015-01-16,237.90899999999999|237.428|237.63300000000001|237.642|237.03200000000001|236.149,2015-01-16,2015-01-16,
2015-01-01,primary-early-quarter,2015-02-14,Unemployment_L1,UNRATE,5.7,3,3,1,2014-10-01|2014-11-01|2014-12-01,2014-10-01|2014-11-01|2014-12-01,2015-01-09|2014-12-05|2015-01-09,5.7000000000000002|5.7999999999999998|5.5999999999999996,2015-01-09,2015-01-09,
2015-01-01,primary-early-quarter,2015-02-14,InterestRate_L1,FEDFUNDS,0.1,3,3,1,2014-10-01|2014-11-01|2014-12-01,2014-10-01|2014-11-01|2014-12-01,2014-11-03|2014-12-01|2015-01-05,0.089999999999999997|0.089999999999999997|0.12,2015-01-05,2015-01-05,
2015-01-01,strict-quarter-start,2014-12-31,GDPGrowth_L1,GDPC1,NaN,2,1,0,2014-07-01|2014-10-01,2014-07-01,2014-12-23,16205.6,2014-12-23,2015-01-30,Required observation not released by forecast origin
2015-01-01,strict-quarter-start,2014-12-31,Inflation_L1,CPIAUCSL,NaN,6,5,0,2014-07-01|2014-08-01|2014-09-01|2014-10-01|2014-11-01|2014-12-01,2014-07-01|2014-08-01|2014-09-01|2014-10-01|2014-11-01,2014-08-19|2014-09-17|2014-10-22|2014-11-20|2014-12-17,237.90899999999999|237.428|237.63300000000001|237.642|237.03200000000001,2014-12-17,2015-01-16,Required observation not released by forecast origin
2015-01-01,strict-quarter-start,2014-12-31,Unemployment_L1,UNRATE,NaN,3,2,0,2014-10-01|2014-11-01|2014-12-01,2014-10-01|2014-11-01,2014-11-07|2014-12-05,5.7999999999999998|5.7999999999999998,2014-12-05,2015-01-09,Required observation not released by forecast origin
2015-01-01,strict-quarter-start,2014-12-31,InterestRate_L1,FEDFUNDS,NaN,3,2,0,2014-10-01|2014-11-01|2014-12-01,2014-10-01|2014-11-01,2014-11-03|2014-12-01,0.089999999999999997|0.089999999999999997,2014-12-01,2015-01-05,Required observation not released by forecast origin
2015-04-01,primary-early-quarter,2015-05-15,GDPGrowth_L1,GDPC1,0.247856570147686,2,2,1,2014-10-01|2015-01-01,2014-10-01|2015-01-01,2015-03-27|2015-04-29,16294.700000000001|16304.799999999999,2015-04-29,2015-04-29,
2015-04-01,primary-early-quarter,2015-05-15,Inflation_L1,CPIAUCSL,-3.10637423092804,6,6,1,2014-10-01|2014-11-01|2014-12-01|2015-01-01|2015-02-01|2015-03-01,2014-10-01|2014-11-01|2014-12-01|2015-01-01|2015-02-01|2015-03-01,2015-02-20|2015-02-20|2015-02-20|2015-02-26|2015-03-24|2015-04-17,237.75299999999999|237.06700000000001|236.28399999999999|234.67699999999999|235.18600000000001|235.74000000000001,2015-04-17,2015-04-17,
2015-04-01,primary-early-quarter,2015-05-15,Unemployment_L1,UNRATE,5.56666666666667,3,3,1,2015-01-01|2015-02-01|2015-03-01,2015-01-01|2015-02-01|2015-03-01,2015-02-06|2015-03-06|2015-04-03,5.7000000000000002|5.5|5.5,2015-04-03,2015-04-03,
2015-04-01,primary-early-quarter,2015-05-15,InterestRate_L1,FEDFUNDS,0.11,3,3,1,2015-01-01|2015-02-01|2015-03-01,2015-01-01|2015-02-01|2015-03-01,2015-02-02|2015-03-02|2015-04-06,0.11|0.11|0.11,2015-04-06,2015-04-06,
2015-04-01,strict-quarter-start,2015-03-31,GDPGrowth_L1,GDPC1,NaN,2,1,0,2014-10-01|2015-01-01,2014-10-01,2015-03-27,16294.700000000001,2015-03-27,2015-04-29,Required observation not released by forecast origin
2015-04-01,strict-quarter-start,2015-03-31,Inflation_L1,CPIAUCSL,NaN,6,5,0,2014-10-01|2014-11-01|2014-12-01|2015-01-01|2015-02-01|2015-03-01,2014-10-01|2014-11-01|2014-12-01|2015-01-01|2015-02-01,2015-02-20|2015-02-20|2015-02-20|2015-02-26|2015-03-24,237.75299999999999|237.06700000000001|236.28399999999999|234.67699999999999|235.18600000000001,2015-03-24,2015-04-17,Required observation not released by forecast origin
2015-04-01,strict-quarter-start,2015-03-31,Unemployment_L1,UNRATE,NaN,3,2,0,2015-01-01|2015-02-01|2015-03-01,2015-01-01|2015-02-01,2015-02-06|2015-03-06,5.7000000000000002|5.5,2015-03-06,2015-04-03,Required observation not released by forecast origin
2015-04-01,strict-quarter-start,2015-03-31,InterestRate_L1,FEDFUNDS,NaN,3,2,0,2015-01-01|2015-02-01|2015-03-01,2015-01-01|2015-02-01,2015-02-02|2015-03-02,0.11|0.11,2015-03-02,2015-04-06,Required observation not released by forecast origin
2015-07-01,primary-early-quarter,2015-08-14,GDPGrowth_L1,GDPC1,2.29539241260374,2,2,1,2015-01-01|2015-04-01,2015-01-01|2015-04-01,2015-07-30|2015-07-30,16177.299999999999|16270.4,2015-07-30,2015-07-30,
2015-07-01,primary-early-quarter,2015-08-14,Inflation_L1,CPIAUCSL,2.93477321191177,6,6,1,2015-01-01|2015-02-01|2015-03-01|2015-04-01|2015-05-01|2015-06-01,2015-01-01|2015-02-01|2015-03-01|2015-04-01|2015-05-01|2015-06-01,2015-02-26|2015-03-24|2015-04-17|2015-05-22|2015-06-18|2015-07-17,234.67699999999999|235.18600000000001|235.74000000000001|235.982|237.03100000000001|237.786,2015-07-17,2015-07-17,
2015-07-01,primary-early-quarter,2015-08-14,Unemployment_L1,UNRATE,5.4,3,3,1,2015-04-01|2015-05-01|2015-06-01,2015-04-01|2015-05-01|2015-06-01,2015-05-08|2015-06-05|2015-07-02,5.4000000000000004|5.5|5.2999999999999998,2015-07-02,2015-07-02,
2015-07-01,primary-early-quarter,2015-08-14,InterestRate_L1,FEDFUNDS,0.123333333333333,3,3,1,2015-04-01|2015-05-01|2015-06-01,2015-04-01|2015-05-01|2015-06-01,2015-05-04|2015-06-01|2015-07-01,0.12|0.12|0.13,2015-07-01,2015-07-01,
2015-07-01,strict-quarter-start,2015-06-30,GDPGrowth_L1,GDPC1,NaN,2,1,0,2015-01-01|2015-04-01,2015-01-01,2015-06-24,16287.700000000001,2015-06-24,2015-07-30,Required observation not released by forecast origin
2015-07-01,strict-quarter-start,2015-06-30,Inflation_L1,CPIAUCSL,NaN,6,5,0,2015-01-01|2015-02-01|2015-03-01|2015-04-01|2015-05-01|2015-06-01,2015-01-01|2015-02-01|2015-03-01|2015-04-01|2015-05-01,2015-02-26|2015-03-24|2015-04-17|2015-05-22|2015-06-18,234.67699999999999|235.18600000000001|235.74000000000001|235.982|237.03100000000001,2015-06-18,2015-07-17,Required observation not released by forecast origin
2015-07-01,strict-quarter-start,2015-06-30,Unemployment_L1,UNRATE,NaN,3,2,0,2015-04-01|2015-05-01|2015-06-01,2015-04-01|2015-05-01,2015-05-08|2015-06-05,5.4000000000000004|5.5,2015-06-05,2015-07-02,Required observation not released by forecast origin
2015-07-01,strict-quarter-start,2015-06-30,InterestRate_L1,FEDFUNDS,NaN,3,2,0,2015-04-01|2015-05-01|2015-06-01,2015-04-01|2015-05-01,2015-05-04|2015-06-01,0.12|0.12,2015-06-01,2015-07-01,Required observation not released by forecast origin
2015-10-01,primary-early-quarter,2015-11-14,GDPGrowth_L1,GDPC1,1.48131116071432,2,2,1,2015-04-01|2015-07-01,2015-04-01|2015-07-01,2015-09-25|2015-10-29,16333.6|16394.200000000001,2015-10-29,2015-10-29,
2015-10-01,primary-early-quarter,2015-11-14,Inflation_L1,CPIAUCSL,1.57091458196819,6,6,1,2015-04-01|2015-05-01|2015-06-01|2015-07-01|2015-08-01|2015-09-01,2015-04-01|2015-05-01|2015-06-01|2015-07-01|2015-08-01|2015-09-01,2015-05-22|2015-06-18|2015-07-17|2015-08-19|2015-09-16|2015-10-15,235.982|237.03100000000001|237.786|238.09899999999999|237.93100000000001|237.566,2015-10-15,2015-10-15,
2015-10-01,primary-early-quarter,2015-11-14,Unemployment_L1,UNRATE,5.16666666666667,3,3,1,2015-07-01|2015-08-01|2015-09-01,2015-07-01|2015-08-01|2015-09-01,2015-08-07|2015-09-04|2015-10-02,5.2999999999999998|5.0999999999999996|5.0999999999999996,2015-10-02,2015-10-02,
2015-10-01,primary-early-quarter,2015-11-14,InterestRate_L1,FEDFUNDS,0.136666666666667,3,3,1,2015-07-01|2015-08-01|2015-09-01,2015-07-01|2015-08-01|2015-09-01,2015-08-03|2015-09-14|2015-10-05,0.13|0.14000000000000001|0.14000000000000001,2015-10-05,2015-10-05,
2015-10-01,strict-quarter-start,2015-09-30,GDPGrowth_L1,GDPC1,NaN,2,1,0,2015-04-01|2015-07-01,2015-04-01,2015-09-25,16333.6,2015-09-25,2015-10-29,Required observation not released by forecast origin
2015-10-01,strict-quarter-start,2015-09-30,Inflation_L1,CPIAUCSL,NaN,6,5,0,2015-04-01|2015-05-01|2015-06-01|2015-07-01|2015-08-01|2015-09-01,2015-04-01|2015-05-01|2015-06-01|2015-07-01|2015-08-01,2015-05-22|2015-06-18|2015-07-17|2015-08-19|2015-09-16,235.982|237.03100000000001|237.786|238.09899999999999|237.93100000000001,2015-09-16,2015-10-15,Required observation not released by forecast origin
2015-10-01,strict-quarter-start,2015-09-30,Unemployment_L1,UNRATE,NaN,3,2,0,2015-07-01|2015-08-01|2015-09-01,2015-07-01|2015-08-01,2015-08-07|2015-09-04,5.2999999999999998|5.0999999999999996,2015-09-04,2015-10-02,Required observation not released by forecast origin
2015-10-01,strict-quarter-start,2015-09-30,InterestRate_L1,FEDFUNDS,NaN,3,2,0,2015-07-01|2015-08-01|2015-09-01,2015-07-01|2015-08-01,2015-08-03|2015-09-14,0.13|0.14000000000000001,2015-09-14,2015-10-05,Required observation not released by forecast origin
2016-01-01,primary-early-quarter,2016-02-14,GDPGrowth_L1,GDPC1,0.689061324578462,2,2,1,2015-07-01|2015-10-01,2015-07-01|2015-10-01,2015-12-22|2016-01-29,16414|16442.299999999999,2016-01-29,2016-01-29,
2016-01-01,primary-early-quarter,2016-02-14,Inflation_L1,CPIAUCSL,0.226394588264333,6,6,1,2015-07-01|2015-08-01|2015-09-01|2015-10-01|2015-11-01|2015-12-01,2015-07-01|2015-08-01|2015-09-01|2015-10-01|2015-11-01|2015-12-01,2015-08-19|2015-09-16|2015-10-15|2015-11-17|2015-12-15|2016-01-20,238.09899999999999|237.93100000000001|237.566|238.042|238.11099999999999|237.84700000000001,2016-01-20,2016-01-20,
2016-01-01,primary-early-quarter,2016-02-14,Unemployment_L1,UNRATE,5,3,3,1,2015-10-01|2015-11-01|2015-12-01,2015-10-01|2015-11-01|2015-12-01,2015-11-06|2015-12-04|2016-01-08,5|5|5,2016-01-08,2016-01-08,
2016-01-01,primary-early-quarter,2016-02-14,InterestRate_L1,FEDFUNDS,0.16,3,3,1,2015-10-01|2015-11-01|2015-12-01,2015-10-01|2015-11-01|2015-12-01,2015-11-02|2015-12-07|2016-01-04,0.12|0.12|0.23999999999999999,2016-01-04,2016-01-04,
2016-01-01,strict-quarter-start,2015-12-31,GDPGrowth_L1,GDPC1,NaN,2,1,0,2015-07-01|2015-10-01,2015-07-01,2015-12-22,16414,2015-12-22,2016-01-29,Required observation not released by forecast origin
2016-01-01,strict-quarter-start,2015-12-31,Inflation_L1,CPIAUCSL,NaN,6,5,0,2015-07-01|2015-08-01|2015-09-01|2015-10-01|2015-11-01|2015-12-01,2015-07-01|2015-08-01|2015-09-01|2015-10-01|2015-11-01,2015-08-19|2015-09-16|2015-10-15|2015-11-17|2015-12-15,238.09899999999999|237.93100000000001|237.566|238.042|238.11099999999999,2015-12-15,2016-01-20,Required observation not released by forecast origin
2016-01-01,strict-quarter-start,2015-12-31,Unemployment_L1,UNRATE,NaN,3,2,0,2015-10-01|2015-11-01|2015-12-01,2015-10-01|2015-11-01,2015-11-06|2015-12-04,5|5,2015-12-04,2016-01-08,Required observation not released by forecast origin
2016-01-01,strict-quarter-start,2015-12-31,InterestRate_L1,FEDFUNDS,NaN,3,2,0,2015-10-01|2015-11-01|2015-12-01,2015-10-01|2015-11-01,2015-11-02|2015-12-07,0.12|0.12,2015-12-07,2016-01-04,Required observation not released by forecast origin
2016-04-01,primary-early-quarter,2016-05-15,GDPGrowth_L1,GDPC1,0.536354146854691,2,2,1,2015-10-01|2016-01-01,2015-10-01|2016-01-01,2016-03-25|2016-04-28,16470.599999999999|16492.700000000001,2016-04-28,2016-04-28,
2016-04-01,primary-early-quarter,2016-05-15,Inflation_L1,CPIAUCSL,-0.312599366341695,6,6,1,2015-10-01|2015-11-01|2015-12-01|2016-01-01|2016-02-01|2016-03-01,2015-10-01|2015-11-01|2015-12-01|2016-01-01|2016-02-01|2016-03-01,2016-02-19|2016-02-19|2016-02-19|2016-02-19|2016-03-16|2016-04-14,237.94900000000001|238.30199999999999|238.041|238.107|237.70699999999999|237.91999999999999,2016-04-14,2016-04-14,
2016-04-01,primary-early-quarter,2016-05-15,Unemployment_L1,UNRATE,4.93333333333333,3,3,1,2016-01-01|2016-02-01|2016-03-01,2016-01-01|2016-02-01|2016-03-01,2016-02-05|2016-03-04|2016-04-01,4.9000000000000004|4.9000000000000004|5,2016-04-01,2016-04-01,
2016-04-01,primary-early-quarter,2016-05-15,InterestRate_L1,FEDFUNDS,0.36,3,3,1,2016-01-01|2016-02-01|2016-03-01,2016-01-01|2016-02-01|2016-03-01,2016-02-01|2016-03-07|2016-04-04,0.34000000000000002|0.38|0.35999999999999999,2016-04-04,2016-04-04,
2016-04-01,strict-quarter-start,2016-03-31,GDPGrowth_L1,GDPC1,NaN,2,1,0,2015-10-01|2016-01-01,2015-10-01,2016-03-25,16470.599999999999,2016-03-25,2016-04-28,Required observation not released by forecast origin
2016-04-01,strict-quarter-start,2016-03-31,Inflation_L1,CPIAUCSL,NaN,6,5,0,2015-10-01|2015-11-01|2015-12-01|2016-01-01|2016-02-01|2016-03-01,2015-10-01|2015-11-01|2015-12-01|2016-01-01|2016-02-01,2016-02-19|2016-02-19|2016-02-19|2016-02-19|2016-03-16,237.94900000000001|238.30199999999999|238.041|238.107|237.70699999999999,2016-03-16,2016-04-14,Required observation not released by forecast origin
2016-04-01,strict-quarter-start,2016-03-31,Unemployment_L1,UNRATE,NaN,3,2,0,2016-01-01|2016-02-01|2016-03-01,2016-01-01|2016-02-01,2016-02-05|2016-03-04,4.9000000000000004|4.9000000000000004,2016-03-04,2016-04-01,Required observation not released by forecast origin
2016-04-01,strict-quarter-start,2016-03-31,InterestRate_L1,FEDFUNDS,NaN,3,2,0,2016-01-01|2016-02-01|2016-03-01,2016-01-01|2016-02-01,2016-02-01|2016-03-07,0.34000000000000002|0.38,2016-03-07,2016-04-04,Required observation not released by forecast origin
2016-07-01,primary-early-quarter,2016-08-14,GDPGrowth_L1,GDPC1,1.21087339939213,2,2,1,2016-01-01|2016-04-01,2016-01-01|2016-04-01,2016-07-29|2016-07-29,16525|16575.099999999999,2016-07-29,2016-07-29,
2016-07-01,primary-early-quarter,2016-08-14,Inflation_L1,CPIAUCSL,2.51013246558351,6,6,1,2016-01-01|2016-02-01|2016-03-01|2016-04-01|2016-05-01|2016-06-01,2016-01-01|2016-02-01|2016-03-01|2016-04-01|2016-05-01|2016-06-01,2016-02-19|2016-03-16|2016-04-14|2016-05-17|2016-06-16|2016-07-15,238.107|237.70699999999999|237.91999999999999|238.88999999999999|239.41|239.92699999999999,2016-07-15,2016-07-15,
2016-07-01,primary-early-quarter,2016-08-14,Unemployment_L1,UNRATE,4.86666666666667,3,3,1,2016-04-01|2016-05-01|2016-06-01,2016-04-01|2016-05-01|2016-06-01,2016-05-06|2016-06-03|2016-07-08,5|4.7000000000000002|4.9000000000000004,2016-07-08,2016-07-08,
2016-07-01,primary-early-quarter,2016-08-14,InterestRate_L1,FEDFUNDS,0.373333333333333,3,3,1,2016-04-01|2016-05-01|2016-06-01,2016-04-01|2016-05-01|2016-06-01,2016-05-02|2016-06-06|2016-07-05,0.37|0.37|0.38,2016-07-05,2016-07-05,
2016-07-01,strict-quarter-start,2016-06-30,GDPGrowth_L1,GDPC1,NaN,2,1,0,2016-01-01|2016-04-01,2016-01-01,2016-06-28,16514.599999999999,2016-06-28,2016-07-29,Required observation not released by forecast origin
2016-07-01,strict-quarter-start,2016-06-30,Inflation_L1,CPIAUCSL,NaN,6,5,0,2016-01-01|2016-02-01|2016-03-01|2016-04-01|2016-05-01|2016-06-01,2016-01-01|2016-02-01|2016-03-01|2016-04-01|2016-05-01,2016-02-19|2016-03-16|2016-04-14|2016-05-17|2016-06-16,238.107|237.70699999999999|237.91999999999999|238.88999999999999|239.41,2016-06-16,2016-07-15,Required observation not released by forecast origin
2016-07-01,strict-quarter-start,2016-06-30,Unemployment_L1,UNRATE,NaN,3,2,0,2016-04-01|2016-05-01|2016-06-01,2016-04-01|2016-05-01,2016-05-06|2016-06-03,5|4.7000000000000002,2016-06-03,2016-07-08,Required observation not released by forecast origin
2016-07-01,strict-quarter-start,2016-06-30,InterestRate_L1,FEDFUNDS,NaN,3,2,0,2016-04-01|2016-05-01|2016-06-01,2016-04-01|2016-05-01,2016-05-02|2016-06-06,0.37|0.37,2016-06-06,2016-07-05,Required observation not released by forecast origin
2016-10-01,primary-early-quarter,2016-11-14,GDPGrowth_L1,GDPC1,2.86014221371129,2,2,1,2016-04-01|2016-07-01,2016-04-01|2016-07-01,2016-09-29|2016-10-28,16583.099999999999|16702.099999999999,2016-10-28,2016-10-28,
2016-10-01,primary-early-quarter,2016-11-14,Inflation_L1,CPIAUCSL,1.61910799239478,6,6,1,2016-04-01|2016-05-01|2016-06-01|2016-07-01|2016-08-01|2016-09-01,2016-04-01|2016-05-01|2016-06-01|2016-07-01|2016-08-01|2016-09-01,2016-05-17|2016-10-18|2016-10-18|2016-10-18|2016-10-18|2016-10-18,238.88999999999999|239.40299999999999|239.90700000000001|239.81|240.30099999999999|241.00200000000001,2016-10-18,2016-10-18,
2016-10-01,primary-early-quarter,2016-11-14,Unemployment_L1,UNRATE,4.93333333333333,3,3,1,2016-07-01|2016-08-01|2016-09-01,2016-07-01|2016-08-01|2016-09-01,2016-08-05|2016-09-02|2016-10-07,4.9000000000000004|4.9000000000000004|5,2016-10-07,2016-10-07,
2016-10-01,primary-early-quarter,2016-11-14,InterestRate_L1,FEDFUNDS,0.396666666666667,3,3,1,2016-07-01|2016-08-01|2016-09-01,2016-07-01|2016-08-01|2016-09-01,2016-08-01|2016-09-06|2016-10-03,0.39000000000000001|0.40000000000000002|0.40000000000000002,2016-10-03,2016-10-03,
2016-10-01,strict-quarter-start,2016-09-30,GDPGrowth_L1,GDPC1,NaN,2,1,0,2016-04-01|2016-07-01,2016-04-01,2016-09-29,16583.099999999999,2016-09-29,2016-10-28,Required observation not released by forecast origin
2016-10-01,strict-quarter-start,2016-09-30,Inflation_L1,CPIAUCSL,NaN,6,5,0,2016-04-01|2016-05-01|2016-06-01|2016-07-01|2016-08-01|2016-09-01,2016-04-01|2016-05-01|2016-06-01|2016-07-01|2016-08-01,2016-05-17|2016-06-16|2016-07-15|2016-08-16|2016-09-16,238.88999999999999|239.41|239.92699999999999|239.828|240.30500000000001,2016-09-16,2016-10-18,Required observation not released by forecast origin
2016-10-01,strict-quarter-start,2016-09-30,Unemployment_L1,UNRATE,NaN,3,2,0,2016-07-01|2016-08-01|2016-09-01,2016-07-01|2016-08-01,2016-08-05|2016-09-02,4.9000000000000004|4.9000000000000004,2016-09-02,2016-10-07,Required observation not released by forecast origin
2016-10-01,strict-quarter-start,2016-09-30,InterestRate_L1,FEDFUNDS,NaN,3,2,0,2016-07-01|2016-08-01|2016-09-01,2016-07-01|2016-08-01,2016-08-01|2016-09-06,0.39000000000000001|0.40000000000000002,2016-09-06,2016-10-03,Required observation not released by forecast origin
2017-01-01,primary-early-quarter,2017-02-14,GDPGrowth_L1,GDPC1,1.85615182260083,2,2,1,2016-07-01|2016-10-01,2016-07-01|2016-10-01,2016-12-22|2017-01-27,16727|16804.799999999999,2017-01-27,2017-01-27,
2017-01-01,primary-early-quarter,2017-02-14,Inflation_L1,CPIAUCSL,2.99502713826128,6,6,1,2016-07-01|2016-08-01|2016-09-01|2016-10-01|2016-11-01|2016-12-01,2016-07-01|2016-08-01|2016-09-01|2016-10-01|2016-11-01|2016-12-01,2017-02-13|2017-02-13|2017-02-13|2017-02-13|2017-02-13|2017-02-13,239.898|240.38900000000001|241.006|241.69399999999999|242.19900000000001|242.821,2017-02-13,2017-01-18,
2017-01-01,primary-early-quarter,2017-02-14,Unemployment_L1,UNRATE,4.7,3,3,1,2016-10-01|2016-11-01|2016-12-01,2016-10-01|2016-11-01|2016-12-01,2017-01-06|2016-12-02|2017-01-06,4.7999999999999998|4.5999999999999996|4.7000000000000002,2017-01-06,2017-01-06,
2017-01-01,primary-early-quarter,2017-02-14,InterestRate_L1,FEDFUNDS,0.45,3,3,1,2016-10-01|2016-11-01|2016-12-01,2016-10-01|2016-11-01|2016-12-01,2016-11-03|2016-12-01|2017-01-03,0.40000000000000002|0.40999999999999998|0.54000000000000004,2017-01-03,2017-01-03,
2017-01-01,strict-quarter-start,2016-12-31,GDPGrowth_L1,GDPC1,NaN,2,1,0,2016-07-01|2016-10-01,2016-07-01,2016-12-22,16727,2016-12-22,2017-01-27,Required observation not released by forecast origin
2017-01-01,strict-quarter-start,2016-12-31,Inflation_L1,CPIAUCSL,NaN,6,5,0,2016-07-01|2016-08-01|2016-09-01|2016-10-01|2016-11-01|2016-12-01,2016-07-01|2016-08-01|2016-09-01|2016-10-01|2016-11-01,2016-10-18|2016-10-18|2016-10-18|2016-11-17|2016-12-15,239.81|240.30099999999999|241.00200000000001|241.863|242.34800000000001,2016-12-15,2017-01-18,Required observation not released by forecast origin
2017-01-01,strict-quarter-start,2016-12-31,Unemployment_L1,UNRATE,NaN,3,2,0,2016-10-01|2016-11-01|2016-12-01,2016-10-01|2016-11-01,2016-11-04|2016-12-02,4.9000000000000004|4.5999999999999996,2016-12-02,2017-01-06,Required observation not released by forecast origin
2017-01-01,strict-quarter-start,2016-12-31,InterestRate_L1,FEDFUNDS,NaN,3,2,0,2016-10-01|2016-11-01|2016-12-01,2016-10-01|2016-11-01,2016-11-03|2016-12-01,0.40000000000000002|0.40999999999999998,2016-12-01,2017-01-03,Required observation not released by forecast origin
2017-04-01,primary-early-quarter,2017-05-15,GDPGrowth_L1,GDPC1,0.691710640437483,2,2,1,2016-10-01|2017-01-01,2016-10-01|2017-01-01,2017-03-30|2017-04-28,16813.299999999999|16842.400000000001,2017-04-28,2017-04-28,
2017-04-01,primary-early-quarter,2017-05-15,Inflation_L1,CPIAUCSL,3.09895455784834,6,6,1,2016-10-01|2016-11-01|2016-12-01|2017-01-01|2017-02-01|2017-03-01,2016-10-01|2016-11-01|2016-12-01|2017-01-01|2017-02-01|2017-03-01,2017-02-13|2017-02-13|2017-02-13|2017-02-15|2017-03-15|2017-04-14,241.69399999999999|242.19900000000001|242.821|244.15799999999999|244.45599999999999|243.75200000000001,2017-04-14,2017-04-14,
2017-04-01,primary-early-quarter,2017-05-15,Unemployment_L1,UNRATE,4.66666666666667,3,3,1,2017-01-01|2017-02-01|2017-03-01,2017-01-01|2017-02-01|2017-03-01,2017-02-03|2017-03-10|2017-04-07,4.7999999999999998|4.7000000000000002|4.5,2017-04-07,2017-04-07,
2017-04-01,primary-early-quarter,2017-05-15,InterestRate_L1,FEDFUNDS,0.7,3,3,1,2017-01-01|2017-02-01|2017-03-01,2017-01-01|2017-02-01|2017-03-01,2017-02-01|2017-03-01|2017-04-03,0.65000000000000002|0.66000000000000003|0.79000000000000004,2017-04-03,2017-04-03,
2017-04-01,strict-quarter-start,2017-03-31,GDPGrowth_L1,GDPC1,NaN,2,1,0,2016-10-01|2017-01-01,2016-10-01,2017-03-30,16813.299999999999,2017-03-30,2017-04-28,Required observation not released by forecast origin
2017-04-01,strict-quarter-start,2017-03-31,Inflation_L1,CPIAUCSL,NaN,6,5,0,2016-10-01|2016-11-01|2016-12-01|2017-01-01|2017-02-01|2017-03-01,2016-10-01|2016-11-01|2016-12-01|2017-01-01|2017-02-01,2017-02-13|2017-02-13|2017-02-13|2017-02-15|2017-03-15,241.69399999999999|242.19900000000001|242.821|244.15799999999999|244.45599999999999,2017-03-15,2017-04-14,Required observation not released by forecast origin
2017-04-01,strict-quarter-start,2017-03-31,Unemployment_L1,UNRATE,NaN,3,2,0,2017-01-01|2017-02-01|2017-03-01,2017-01-01|2017-02-01,2017-02-03|2017-03-10,4.7999999999999998|4.7000000000000002,2017-03-10,2017-04-07,Required observation not released by forecast origin
2017-04-01,strict-quarter-start,2017-03-31,InterestRate_L1,FEDFUNDS,NaN,3,2,0,2017-01-01|2017-02-01|2017-03-01,2017-01-01|2017-02-01,2017-02-01|2017-03-01,0.65000000000000002|0.66000000000000003,2017-03-01,2017-04-03,Required observation not released by forecast origin
2017-07-01,primary-early-quarter,2017-08-14,GDPGrowth_L1,GDPC1,2.53584188289621,2,2,1,2017-01-01|2017-04-01,2017-01-01|2017-04-01,2017-07-28|2017-07-28,16903.200000000001|17010.700000000001,2017-07-28,2017-07-28,
2017-07-01,primary-early-quarter,2017-08-14,Inflation_L1,CPIAUCSL,-0.312534165173052,6,6,1,2017-01-01|2017-02-01|2017-03-01|2017-04-01|2017-05-01|2017-06-01,2017-01-01|2017-02-01|2017-03-01|2017-04-01|2017-05-01|2017-06-01,2017-02-15|2017-03-15|2017-04-14|2017-05-12|2017-06-14|2017-07-14,244.15799999999999|244.45599999999999|243.75200000000001|244.15799999999999|243.846|243.78999999999999,2017-07-14,2017-07-14,
2017-07-01,primary-early-quarter,2017-08-14,Unemployment_L1,UNRATE,4.36666666666667,3,3,1,2017-04-01|2017-05-01|2017-06-01,2017-04-01|2017-05-01|2017-06-01,2017-05-05|2017-06-02|2017-07-07,4.4000000000000004|4.2999999999999998|4.4000000000000004,2017-07-07,2017-07-07,
2017-07-01,primary-early-quarter,2017-08-14,InterestRate_L1,FEDFUNDS,0.95,3,3,1,2017-04-01|2017-05-01|2017-06-01,2017-04-01|2017-05-01|2017-06-01,2017-05-01|2017-06-01|2017-07-03,0.90000000000000002|0.91000000000000003|1.04,2017-07-03,2017-07-03,
2017-07-01,strict-quarter-start,2017-06-30,GDPGrowth_L1,GDPC1,NaN,2,1,0,2017-01-01|2017-04-01,2017-01-01,2017-06-29,16872.799999999999,2017-06-29,2017-07-28,Required observation not released by forecast origin
2017-07-01,strict-quarter-start,2017-06-30,Inflation_L1,CPIAUCSL,NaN,6,5,0,2017-01-01|2017-02-01|2017-03-01|2017-04-01|2017-05-01|2017-06-01,2017-01-01|2017-02-01|2017-03-01|2017-04-01|2017-05-01,2017-02-15|2017-03-15|2017-04-14|2017-05-12|2017-06-14,244.15799999999999|244.45599999999999|243.75200000000001|244.15799999999999|243.846,2017-06-14,2017-07-14,Required observation not released by forecast origin
2017-07-01,strict-quarter-start,2017-06-30,Unemployment_L1,UNRATE,NaN,3,2,0,2017-04-01|2017-05-01|2017-06-01,2017-04-01|2017-05-01,2017-05-05|2017-06-02,4.4000000000000004|4.2999999999999998,2017-06-02,2017-07-07,Required observation not released by forecast origin
2017-07-01,strict-quarter-start,2017-06-30,InterestRate_L1,FEDFUNDS,NaN,3,2,0,2017-04-01|2017-05-01|2017-06-01,2017-04-01|2017-05-01,2017-05-01|2017-06-01,0.90000000000000002|0.91000000000000003,2017-06-01,2017-07-03,Required observation not released by forecast origin
2017-10-01,primary-early-quarter,2017-11-14,GDPGrowth_L1,GDPC1,2.94516097990012,2,2,1,2017-04-01|2017-07-01,2017-04-01|2017-07-01,2017-10-27|2017-10-27,17031.084999999999|17156.946,2017-10-27,2017-10-27,
2017-10-01,primary-early-quarter,2017-11-14,Inflation_L1,CPIAUCSL,1.99394515445554,6,6,1,2017-04-01|2017-05-01|2017-06-01|2017-07-01|2017-08-01|2017-09-01,2017-04-01|2017-05-01|2017-06-01|2017-07-01|2017-08-01|2017-09-01,2017-05-12|2017-06-14|2017-07-14|2017-08-11|2017-09-14|2017-10-13,244.15799999999999|243.846|243.78999999999999|244.048|245.03|246.37299999999999,2017-10-13,2017-10-13,
2017-10-01,primary-early-quarter,2017-11-14,Unemployment_L1,UNRATE,4.3,3,3,1,2017-07-01|2017-08-01|2017-09-01,2017-07-01|2017-08-01|2017-09-01,2017-08-04|2017-09-01|2017-10-06,4.2999999999999998|4.4000000000000004|4.2000000000000002,2017-10-06,2017-10-06,
2017-10-01,primary-early-quarter,2017-11-14,InterestRate_L1,FEDFUNDS,1.15333333333333,3,3,1,2017-07-01|2017-08-01|2017-09-01,2017-07-01|2017-08-01|2017-09-01,2017-08-01|2017-09-01|2017-10-02,1.1499999999999999|1.1599999999999999|1.1499999999999999,2017-10-02,2017-10-02,
2017-10-01,strict-quarter-start,2017-09-30,GDPGrowth_L1,GDPC1,NaN,2,1,0,2017-04-01|2017-07-01,2017-04-01,2017-09-28,17031.099999999999,2017-09-28,2017-10-27,Required observation not released by forecast origin
2017-10-01,strict-quarter-start,2017-09-30,Inflation_L1,CPIAUCSL,NaN,6,5,0,2017-04-01|2017-05-01|2017-06-01|2017-07-01|2017-08-01|2017-09-01,2017-04-01|2017-05-01|2017-06-01|2017-07-01|2017-08-01,2017-05-12|2017-06-14|2017-07-14|2017-08-11|2017-09-14,244.15799999999999|243.846|243.78999999999999|244.048|245.03,2017-09-14,2017-10-13,Required observation not released by forecast origin
2017-10-01,strict-quarter-start,2017-09-30,Unemployment_L1,UNRATE,NaN,3,2,0,2017-07-01|2017-08-01|2017-09-01,2017-07-01|2017-08-01,2017-08-04|2017-09-01,4.2999999999999998|4.4000000000000004,2017-09-01,2017-10-06,Required observation not released by forecast origin
2017-10-01,strict-quarter-start,2017-09-30,InterestRate_L1,FEDFUNDS,NaN,3,2,0,2017-07-01|2017-08-01|2017-09-01,2017-07-01|2017-08-01,2017-08-01|2017-09-01,1.1499999999999999|1.1599999999999999,2017-09-01,2017-10-02,Required observation not released by forecast origin
2018-01-01,primary-early-quarter,2018-02-14,GDPGrowth_L1,GDPC1,2.52231893181938,2,2,1,2017-07-01|2017-10-01,2017-07-01|2017-10-01,2017-12-21|2018-01-26,17163.894|17272.468000000001,2018-01-26,2018-01-26,
2018-01-01,primary-early-quarter,2018-02-14,Inflation_L1,CPIAUCSL,3.25568148230107,6,6,1,2017-07-01|2017-08-01|2017-09-01|2017-10-01|2017-11-01|2017-12-01,2017-07-01|2017-08-01|2017-09-01|2017-10-01|2017-11-01|2017-12-01,2018-02-14|2018-02-14|2018-02-14|2018-02-14|2018-02-14|2018-02-14,244.23599999999999|245.262|246.392|246.583|247.411|247.91,2018-02-14,2018-01-12,
2018-01-01,primary-early-quarter,2018-02-14,Unemployment_L1,UNRATE,4.1,3,3,1,2017-10-01|2017-11-01|2017-12-01,2017-10-01|2017-11-01|2017-12-01,2017-11-03|2017-12-08|2018-01-05,4.0999999999999996|4.0999999999999996|4.0999999999999996,2018-01-05,2018-01-05,
2018-01-01,primary-early-quarter,2018-02-14,InterestRate_L1,FEDFUNDS,1.20333333333333,3,3,1,2017-10-01|2017-11-01|2017-12-01,2017-10-01|2017-11-01|2017-12-01,2017-11-01|2017-12-01|2018-01-02,1.1499999999999999|1.1599999999999999|1.3,2018-01-02,2018-01-02,
2018-01-01,strict-quarter-start,2017-12-31,GDPGrowth_L1,GDPC1,NaN,2,1,0,2017-07-01|2017-10-01,2017-07-01,2017-12-21,17163.894,2017-12-21,2018-01-26,Required observation not released by forecast origin
2018-01-01,strict-quarter-start,2017-12-31,Inflation_L1,CPIAUCSL,NaN,6,5,0,2017-07-01|2017-08-01|2017-09-01|2017-10-01|2017-11-01|2017-12-01,2017-07-01|2017-08-01|2017-09-01|2017-10-01|2017-11-01,2017-08-11|2017-09-14|2017-10-13|2017-11-15|2017-12-13,244.048|245.03|246.37299999999999|246.63900000000001|247.59200000000001,2017-12-13,2018-01-12,Required observation not released by forecast origin
2018-01-01,strict-quarter-start,2017-12-31,Unemployment_L1,UNRATE,NaN,3,2,0,2017-10-01|2017-11-01|2017-12-01,2017-10-01|2017-11-01,2017-11-03|2017-12-08,4.0999999999999996|4.0999999999999996,2017-12-08,2018-01-05,Required observation not released by forecast origin
2018-01-01,strict-quarter-start,2017-12-31,InterestRate_L1,FEDFUNDS,NaN,3,2,0,2017-10-01|2017-11-01|2017-12-01,2017-10-01|2017-11-01,2017-11-01|2017-12-01,1.1499999999999999|1.1599999999999999,2017-12-01,2018-01-02,Required observation not released by forecast origin
2018-04-01,primary-early-quarter,2018-05-15,GDPGrowth_L1,GDPC1,2.29195505475066,2,2,1,2017-10-01|2018-01-01,2017-10-01|2018-01-01,2018-03-28|2018-04-27,17286.496999999999|17385.830999999998,2018-04-27,2018-04-27,
2018-04-01,primary-early-quarter,2018-05-15,Inflation_L1,CPIAUCSL,3.44754286500495,6,6,1,2017-10-01|2017-11-01|2017-12-01|2018-01-01|2018-02-01|2018-03-01,2017-10-01|2017-11-01|2017-12-01|2018-01-01|2018-02-01|2018-03-01,2018-02-14|2018-02-14|2018-02-14|2018-02-14|2018-03-13|2018-04-11,246.583|247.411|247.91|249.245|249.619|249.46199999999999,2018-04-11,2018-04-11,
2018-04-01,primary-early-quarter,2018-05-15,Unemployment_L1,UNRATE,4.1,3,3,1,2018-01-01|2018-02-01|2018-03-01,2018-01-01|2018-02-01|2018-03-01,2018-02-02|2018-03-09|2018-04-06,4.0999999999999996|4.0999999999999996|4.0999999999999996,2018-04-06,2018-04-06,
2018-04-01,primary-early-quarter,2018-05-15,InterestRate_L1,FEDFUNDS,1.44666666666667,3,3,1,2018-01-01|2018-02-01|2018-03-01,2018-01-01|2018-02-01|2018-03-01,2018-02-01|2018-03-01|2018-04-02,1.4099999999999999|1.4199999999999999|1.51,2018-04-02,2018-04-02,
2018-04-01,strict-quarter-start,2018-03-31,GDPGrowth_L1,GDPC1,NaN,2,1,0,2017-10-01|2018-01-01,2017-10-01,2018-03-28,17286.496999999999,2018-03-28,2018-04-27,Required observation not released by forecast origin
2018-04-01,strict-quarter-start,2018-03-31,Inflation_L1,CPIAUCSL,NaN,6,5,0,2017-10-01|2017-11-01|2017-12-01|2018-01-01|2018-02-01|2018-03-01,2017-10-01|2017-11-01|2017-12-01|2018-01-01|2018-02-01,2018-02-14|2018-02-14|2018-02-14|2018-02-14|2018-03-13,246.583|247.411|247.91|249.245|249.619,2018-03-13,2018-04-11,Required observation not released by forecast origin
2018-04-01,strict-quarter-start,2018-03-31,Unemployment_L1,UNRATE,NaN,3,2,0,2018-01-01|2018-02-01|2018-03-01,2018-01-01|2018-02-01,2018-02-02|2018-03-09,4.0999999999999996|4.0999999999999996,2018-03-09,2018-04-06,Required observation not released by forecast origin
2018-04-01,strict-quarter-start,2018-03-31,InterestRate_L1,FEDFUNDS,NaN,3,2,0,2018-01-01|2018-02-01|2018-03-01,2018-01-01|2018-02-01,2018-02-01|2018-03-01,1.4099999999999999|1.4199999999999999,2018-03-01,2018-04-02,Required observation not released by forecast origin
2018-07-01,primary-early-quarter,2018-08-14,GDPGrowth_L1,GDPC1,3.98007549852903,2,2,1,2018-01-01|2018-04-01,2018-01-01|2018-04-01,2018-07-27|2018-07-27,18323.963|18507.200000000001,2018-07-27,2018-07-27,
2018-07-01,primary-early-quarter,2018-08-14,Inflation_L1,CPIAUCSL,1.6424301829897,6,6,1,2018-01-01|2018-02-01|2018-03-01|2018-04-01|2018-05-01|2018-06-01,2018-01-01|2018-02-01|2018-03-01|2018-04-01|2018-05-01|2018-06-01,2018-02-14|2018-03-13|2018-04-11|2018-05-10|2018-06-12|2018-07-12,249.245|249.619|249.46199999999999|250.01300000000001|250.535|250.857,2018-07-12,2018-07-12,
2018-07-01,primary-early-quarter,2018-08-14,Unemployment_L1,UNRATE,3.9,3,3,1,2018-04-01|2018-05-01|2018-06-01,2018-04-01|2018-05-01|2018-06-01,2018-05-04|2018-06-01|2018-07-06,3.8999999999999999|3.7999999999999998|4,2018-07-06,2018-07-06,
2018-07-01,primary-early-quarter,2018-08-14,InterestRate_L1,FEDFUNDS,1.73666666666667,3,3,1,2018-04-01|2018-05-01|2018-06-01,2018-04-01|2018-05-01|2018-06-01,2018-05-01|2018-06-01|2018-07-02,1.6899999999999999|1.7|1.8200000000000001,2018-07-02,2018-07-02,
2018-07-01,strict-quarter-start,2018-06-30,GDPGrowth_L1,GDPC1,NaN,2,1,0,2018-01-01|2018-04-01,2018-01-01,2018-06-28,17371.853999999999,2018-06-28,2018-07-27,Required observation not released by forecast origin
2018-07-01,strict-quarter-start,2018-06-30,Inflation_L1,CPIAUCSL,NaN,6,5,0,2018-01-01|2018-02-01|2018-03-01|2018-04-01|2018-05-01|2018-06-01,2018-01-01|2018-02-01|2018-03-01|2018-04-01|2018-05-01,2018-02-14|2018-03-13|2018-04-11|2018-05-10|2018-06-12,249.245|249.619|249.46199999999999|250.01300000000001|250.535,2018-06-12,2018-07-12,Required observation not released by forecast origin
2018-07-01,strict-quarter-start,2018-06-30,Unemployment_L1,UNRATE,NaN,3,2,0,2018-04-01|2018-05-01|2018-06-01,2018-04-01|2018-05-01,2018-05-04|2018-06-01,3.8999999999999999|3.7999999999999998,2018-06-01,2018-07-06,Required observation not released by forecast origin
2018-07-01,strict-quarter-start,2018-06-30,InterestRate_L1,FEDFUNDS,NaN,3,2,0,2018-04-01|2018-05-01|2018-06-01,2018-04-01|2018-05-01,2018-05-01|2018-06-01,1.6899999999999999|1.7,2018-06-01,2018-07-02,Required observation not released by forecast origin
2018-10-01,primary-early-quarter,2018-11-14,GDPGrowth_L1,GDPC1,3.4407481291065,2,2,1,2018-04-01|2018-07-01,2018-04-01|2018-07-01,2018-09-27|2018-10-26,18511.576000000001|18671.496999999999,2018-10-26,2018-10-26,
2018-10-01,primary-early-quarter,2018-11-14,Inflation_L1,CPIAUCSL,1.97593415157987,6,6,1,2018-04-01|2018-05-01|2018-06-01|2018-07-01|2018-08-01|2018-09-01,2018-04-01|2018-05-01|2018-06-01|2018-07-01|2018-08-01|2018-09-01,2018-05-10|2018-06-12|2018-07-12|2018-08-10|2018-09-13|2018-10-11,250.01300000000001|250.535|250.857|251.286|251.846|251.994,2018-10-11,2018-10-11,
2018-10-01,primary-early-quarter,2018-11-14,Unemployment_L1,UNRATE,3.83333333333333,3,3,1,2018-07-01|2018-08-01|2018-09-01,2018-07-01|2018-08-01|2018-09-01,2018-08-03|2018-09-07|2018-10-05,3.8999999999999999|3.8999999999999999|3.7000000000000002,2018-10-05,2018-10-05,
2018-10-01,primary-early-quarter,2018-11-14,InterestRate_L1,FEDFUNDS,1.92333333333333,3,3,1,2018-07-01|2018-08-01|2018-09-01,2018-07-01|2018-08-01|2018-09-01,2018-08-01|2018-09-04|2018-10-01,1.9099999999999999|1.9099999999999999|1.95,2018-10-01,2018-10-01,
2018-10-01,strict-quarter-start,2018-09-30,GDPGrowth_L1,GDPC1,NaN,2,1,0,2018-04-01|2018-07-01,2018-04-01,2018-09-27,18511.576000000001,2018-09-27,2018-10-26,Required observation not released by forecast origin
2018-10-01,strict-quarter-start,2018-09-30,Inflation_L1,CPIAUCSL,NaN,6,5,0,2018-04-01|2018-05-01|2018-06-01|2018-07-01|2018-08-01|2018-09-01,2018-04-01|2018-05-01|2018-06-01|2018-07-01|2018-08-01,2018-05-10|2018-06-12|2018-07-12|2018-08-10|2018-09-13,250.01300000000001|250.535|250.857|251.286|251.846,2018-09-13,2018-10-11,Required observation not released by forecast origin
2018-10-01,strict-quarter-start,2018-09-30,Unemployment_L1,UNRATE,NaN,3,2,0,2018-07-01|2018-08-01|2018-09-01,2018-07-01|2018-08-01,2018-08-03|2018-09-07,3.8999999999999999|3.8999999999999999,2018-09-07,2018-10-05,Required observation not released by forecast origin
2018-10-01,strict-quarter-start,2018-09-30,InterestRate_L1,FEDFUNDS,NaN,3,2,0,2018-07-01|2018-08-01|2018-09-01,2018-07-01|2018-08-01,2018-08-01|2018-09-04,1.9099999999999999|1.9099999999999999,2018-09-04,2018-10-01,Required observation not released by forecast origin
2019-01-01,primary-early-quarter,2019-02-14,GDPGrowth_L1,GDPC1,NaN,2,1,0,2018-07-01|2018-10-01,2018-07-01,2018-12-21,18664.973000000002,2018-12-21,2019-02-28,Required observation not released by forecast origin
2019-01-01,primary-early-quarter,2019-02-14,Inflation_L1,CPIAUCSL,1.47500139062379,6,6,1,2018-07-01|2018-08-01|2018-09-01|2018-10-01|2018-11-01|2018-12-01,2018-07-01|2018-08-01|2018-09-01|2018-10-01|2018-11-01|2018-12-01,2019-02-11|2019-02-11|2019-02-11|2019-02-11|2019-02-11|2019-02-11,251.59700000000001|251.87899999999999|252.00999999999999|252.79400000000001|252.75999999999999|252.72300000000001,2019-02-11,2019-01-11,
2019-01-01,primary-early-quarter,2019-02-14,Unemployment_L1,UNRATE,3.8,3,3,1,2018-10-01|2018-11-01|2018-12-01,2018-10-01|2018-11-01|2018-12-01,2019-01-04|2018-12-07|2019-01-04,3.7999999999999998|3.7000000000000002|3.8999999999999999,2019-01-04,2019-01-04,
2019-01-01,primary-early-quarter,2019-02-14,InterestRate_L1,FEDFUNDS,2.22,3,3,1,2018-10-01|2018-11-01|2018-12-01,2018-10-01|2018-11-01|2018-12-01,2018-11-01|2018-12-03|2019-01-02,2.1899999999999999|2.2000000000000002|2.27,2019-01-02,2019-01-02,
2019-01-01,strict-quarter-start,2018-12-31,GDPGrowth_L1,GDPC1,NaN,2,1,0,2018-07-01|2018-10-01,2018-07-01,2018-12-21,18664.973000000002,2018-12-21,2019-02-28,Required observation not released by forecast origin
2019-01-01,strict-quarter-start,2018-12-31,Inflation_L1,CPIAUCSL,NaN,6,5,0,2018-07-01|2018-08-01|2018-09-01|2018-10-01|2018-11-01|2018-12-01,2018-07-01|2018-08-01|2018-09-01|2018-10-01|2018-11-01,2018-08-10|2018-09-13|2018-10-11|2018-11-14|2018-12-12,251.286|251.846|251.994|252.827|252.876,2018-12-12,2019-01-11,Required observation not released by forecast origin
2019-01-01,strict-quarter-start,2018-12-31,Unemployment_L1,UNRATE,NaN,3,2,0,2018-10-01|2018-11-01|2018-12-01,2018-10-01|2018-11-01,2018-11-02|2018-12-07,3.7000000000000002|3.7000000000000002,2018-12-07,2019-01-04,Required observation not released by forecast origin
2019-01-01,strict-quarter-start,2018-12-31,InterestRate_L1,FEDFUNDS,NaN,3,2,0,2018-10-01|2018-11-01|2018-12-01,2018-10-01|2018-11-01,2018-11-01|2018-12-03,2.1899999999999999|2.2000000000000002,2018-12-03,2019-01-02,Required observation not released by forecast origin
2019-04-01,primary-early-quarter,2019-05-15,GDPGrowth_L1,GDPC1,3.12272155778048,2,2,1,2018-10-01|2019-01-01,2018-10-01|2019-01-01,2019-03-28|2019-04-26,18765.256000000001|18912.326000000001,2019-04-26,2019-04-26,
2019-04-01,primary-early-quarter,2019-05-15,Inflation_L1,CPIAUCSL,0.873133264313809,6,6,1,2018-10-01|2018-11-01|2018-12-01|2019-01-01|2019-02-01|2019-03-01,2018-10-01|2018-11-01|2018-12-01|2019-01-01|2019-02-01|2019-03-01,2019-02-11|2019-02-11|2019-02-11|2019-02-13|2019-03-12|2019-04-10,252.79400000000001|252.75999999999999|252.72300000000001|252.673|253.113|254.148,2019-04-10,2019-04-10,
2019-04-01,primary-early-quarter,2019-05-15,Unemployment_L1,UNRATE,3.86666666666667,3,3,1,2019-01-01|2019-02-01|2019-03-01,2019-01-01|2019-02-01|2019-03-01,2019-02-01|2019-03-08|2019-04-05,4|3.7999999999999998|3.7999999999999998,2019-04-05,2019-04-05,
2019-04-01,primary-early-quarter,2019-05-15,InterestRate_L1,FEDFUNDS,2.40333333333333,3,3,1,2019-01-01|2019-02-01|2019-03-01,2019-01-01|2019-02-01|2019-03-01,2019-02-01|2019-03-01|2019-04-01,2.3999999999999999|2.3999999999999999|2.4100000000000001,2019-04-01,2019-04-01,
2019-04-01,strict-quarter-start,2019-03-31,GDPGrowth_L1,GDPC1,NaN,2,1,0,2018-10-01|2019-01-01,2018-10-01,2019-03-28,18765.256000000001,2019-03-28,2019-04-26,Required observation not released by forecast origin
2019-04-01,strict-quarter-start,2019-03-31,Inflation_L1,CPIAUCSL,NaN,6,5,0,2018-10-01|2018-11-01|2018-12-01|2019-01-01|2019-02-01|2019-03-01,2018-10-01|2018-11-01|2018-12-01|2019-01-01|2019-02-01,2019-02-11|2019-02-11|2019-02-11|2019-02-13|2019-03-12,252.79400000000001|252.75999999999999|252.72300000000001|252.673|253.113,2019-03-12,2019-04-10,Required observation not released by forecast origin
2019-04-01,strict-quarter-start,2019-03-31,Unemployment_L1,UNRATE,NaN,3,2,0,2019-01-01|2019-02-01|2019-03-01,2019-01-01|2019-02-01,2019-02-01|2019-03-08,4|3.7999999999999998,2019-03-08,2019-04-05,Required observation not released by forecast origin
2019-04-01,strict-quarter-start,2019-03-31,InterestRate_L1,FEDFUNDS,NaN,3,2,0,2019-01-01|2019-02-01|2019-03-01,2019-01-01|2019-02-01,2019-02-01|2019-03-01,2.3999999999999999|2.3999999999999999,2019-03-01,2019-04-01,Required observation not released by forecast origin
2019-07-01,primary-early-quarter,2019-08-14,GDPGrowth_L1,GDPC1,2.03502308359271,2,2,1,2019-01-01|2019-04-01,2019-01-01|2019-04-01,2019-07-26|2019-07-26,18927.280999999999|19023.82,2019-07-26,2019-07-26,
2019-07-01,primary-early-quarter,2019-08-14,Inflation_L1,CPIAUCSL,2.87620097047721,6,6,1,2019-01-01|2019-02-01|2019-03-01|2019-04-01|2019-05-01|2019-06-01,2019-01-01|2019-02-01|2019-03-01|2019-04-01|2019-05-01|2019-06-01,2019-02-13|2019-03-12|2019-04-10|2019-05-10|2019-06-12|2019-07-11,252.673|253.113|254.148|254.958|255.155|255.30500000000001,2019-07-11,2019-07-11,
2019-07-01,primary-early-quarter,2019-08-14,Unemployment_L1,UNRATE,3.63333333333333,3,3,1,2019-04-01|2019-05-01|2019-06-01,2019-04-01|2019-05-01|2019-06-01,2019-05-03|2019-06-07|2019-07-05,3.6000000000000001|3.6000000000000001|3.7000000000000002,2019-07-05,2019-07-05,
2019-07-01,primary-early-quarter,2019-08-14,InterestRate_L1,FEDFUNDS,2.39666666666667,3,3,1,2019-04-01|2019-05-01|2019-06-01,2019-04-01|2019-05-01|2019-06-01,2019-05-01|2019-06-03|2019-07-01,2.4199999999999999|2.3900000000000001|2.3799999999999999,2019-07-01,2019-07-01,
2019-07-01,strict-quarter-start,2019-06-30,GDPGrowth_L1,GDPC1,NaN,2,1,0,2019-01-01|2019-04-01,2019-01-01,2019-06-27,18910.331999999999,2019-06-27,2019-07-26,Required observation not released by forecast origin
2019-07-01,strict-quarter-start,2019-06-30,Inflation_L1,CPIAUCSL,NaN,6,5,0,2019-01-01|2019-02-01|2019-03-01|2019-04-01|2019-05-01|2019-06-01,2019-01-01|2019-02-01|2019-03-01|2019-04-01|2019-05-01,2019-02-13|2019-03-12|2019-04-10|2019-05-10|2019-06-12,252.673|253.113|254.148|254.958|255.155,2019-06-12,2019-07-11,Required observation not released by forecast origin
2019-07-01,strict-quarter-start,2019-06-30,Unemployment_L1,UNRATE,NaN,3,2,0,2019-04-01|2019-05-01|2019-06-01,2019-04-01|2019-05-01,2019-05-03|2019-06-07,3.6000000000000001|3.6000000000000001,2019-06-07,2019-07-05,Required observation not released by forecast origin
2019-07-01,strict-quarter-start,2019-06-30,InterestRate_L1,FEDFUNDS,NaN,3,2,0,2019-04-01|2019-05-01|2019-06-01,2019-04-01|2019-05-01,2019-05-01|2019-06-03,2.4199999999999999|2.3900000000000001,2019-06-03,2019-07-01,Required observation not released by forecast origin
2019-10-01,primary-early-quarter,2019-11-14,GDPGrowth_L1,GDPC1,1.90236985337457,2,2,1,2019-04-01|2019-07-01,2019-04-01|2019-07-01,2019-09-26|2019-10-30,19021.860000000001|19112.542000000001,2019-10-30,2019-10-30,
2019-10-01,primary-early-quarter,2019-11-14,Inflation_L1,CPIAUCSL,1.77339254405534,6,6,1,2019-04-01|2019-05-01|2019-06-01|2019-07-01|2019-08-01|2019-09-01,2019-04-01|2019-05-01|2019-06-01|2019-07-01|2019-08-01|2019-09-01,2019-05-10|2019-06-12|2019-07-11|2019-08-13|2019-09-12|2019-10-10,254.958|255.155|255.30500000000001|256.161|256.30000000000001|256.358,2019-10-10,2019-10-10,
2019-10-01,primary-early-quarter,2019-11-14,Unemployment_L1,UNRATE,3.63333333333333,3,3,1,2019-07-01|2019-08-01|2019-09-01,2019-07-01|2019-08-01|2019-09-01,2019-08-02|2019-09-06|2019-10-04,3.7000000000000002|3.7000000000000002|3.5,2019-10-04,2019-10-04,
2019-10-01,primary-early-quarter,2019-11-14,InterestRate_L1,FEDFUNDS,2.19,3,3,1,2019-07-01|2019-08-01|2019-09-01,2019-07-01|2019-08-01|2019-09-01,2019-08-01|2019-09-03|2019-10-01,2.3999999999999999|2.1299999999999999|2.04,2019-10-01,2019-10-01,
2019-10-01,strict-quarter-start,2019-09-30,GDPGrowth_L1,GDPC1,NaN,2,1,0,2019-04-01|2019-07-01,2019-04-01,2019-09-26,19021.860000000001,2019-09-26,2019-10-30,Required observation not released by forecast origin
2019-10-01,strict-quarter-start,2019-09-30,Inflation_L1,CPIAUCSL,NaN,6,5,0,2019-04-01|2019-05-01|2019-06-01|2019-07-01|2019-08-01|2019-09-01,2019-04-01|2019-05-01|2019-06-01|2019-07-01|2019-08-01,2019-05-10|2019-06-12|2019-07-11|2019-08-13|2019-09-12,254.958|255.155|255.30500000000001|256.161|256.30000000000001,2019-09-12,2019-10-10,Required observation not released by forecast origin
2019-10-01,strict-quarter-start,2019-09-30,Unemployment_L1,UNRATE,NaN,3,2,0,2019-07-01|2019-08-01|2019-09-01,2019-07-01|2019-08-01,2019-08-02|2019-09-06,3.7000000000000002|3.7000000000000002,2019-09-06,2019-10-04,Required observation not released by forecast origin
2019-10-01,strict-quarter-start,2019-09-30,InterestRate_L1,FEDFUNDS,NaN,3,2,0,2019-07-01|2019-08-01|2019-09-01,2019-07-01|2019-08-01,2019-08-01|2019-09-03,2.3999999999999999|2.1299999999999999,2019-09-03,2019-10-01,Required observation not released by forecast origin
2020-01-01,primary-early-quarter,2020-02-14,GDPGrowth_L1,GDPC1,2.05848630080034,2,2,1,2019-07-01|2019-10-01,2019-07-01|2019-10-01,2019-12-20|2020-01-30,19121.112000000001|19219.767,2020-01-30,2020-01-30,
2020-01-01,primary-early-quarter,2020-02-14,Inflation_L1,CPIAUCSL,2.34585309604302,6,6,1,2019-07-01|2019-08-01|2019-09-01|2019-10-01|2019-11-01|2019-12-01,2019-07-01|2019-08-01|2019-09-01|2019-10-01|2019-11-01|2019-12-01,2020-02-11|2020-02-11|2020-02-11|2020-02-11|2020-02-11|2020-02-11,256.08699999999999|256.29399999999998|256.59300000000002|257.22899999999998|257.82400000000001|258.44400000000002,2020-02-11,2020-01-14,
2020-01-01,primary-early-quarter,2020-02-14,Unemployment_L1,UNRATE,3.53333333333333,3,3,1,2019-10-01|2019-11-01|2019-12-01,2019-10-01|2019-11-01|2019-12-01,2019-11-01|2019-12-06|2020-01-10,3.6000000000000001|3.5|3.5,2020-01-10,2020-01-10,
2020-01-01,primary-early-quarter,2020-02-14,InterestRate_L1,FEDFUNDS,1.64333333333333,3,3,1,2019-10-01|2019-11-01|2019-12-01,2019-10-01|2019-11-01|2019-12-01,2019-11-01|2019-12-02|2020-01-02,1.8300000000000001|1.55|1.55,2020-01-02,2020-01-02,
2020-01-01,strict-quarter-start,2019-12-31,GDPGrowth_L1,GDPC1,NaN,2,1,0,2019-07-01|2019-10-01,2019-07-01,2019-12-20,19121.112000000001,2019-12-20,2020-01-30,Required observation not released by forecast origin
2020-01-01,strict-quarter-start,2019-12-31,Inflation_L1,CPIAUCSL,NaN,6,5,0,2019-07-01|2019-08-01|2019-09-01|2019-10-01|2019-11-01|2019-12-01,2019-07-01|2019-08-01|2019-09-01|2019-10-01|2019-11-01,2019-08-13|2019-09-12|2019-10-10|2019-11-13|2019-12-11,256.161|256.30000000000001|256.358|257.27100000000002|257.93599999999998,2019-12-11,2020-01-14,Required observation not released by forecast origin
2020-01-01,strict-quarter-start,2019-12-31,Unemployment_L1,UNRATE,NaN,3,2,0,2019-10-01|2019-11-01|2019-12-01,2019-10-01|2019-11-01,2019-11-01|2019-12-06,3.6000000000000001|3.5,2019-12-06,2020-01-10,Required observation not released by forecast origin
2020-01-01,strict-quarter-start,2019-12-31,InterestRate_L1,FEDFUNDS,NaN,3,2,0,2019-10-01|2019-11-01|2019-12-01,2019-10-01|2019-11-01,2019-11-01|2019-12-02,1.8300000000000001|1.55,2019-12-02,2020-01-02,Required observation not released by forecast origin
2020-04-01,primary-early-quarter,2020-05-15,GDPGrowth_L1,GDPC1,-4.90126911821464,2,2,1,2019-10-01|2020-01-01,2019-10-01|2020-01-01,2020-03-26|2020-04-29,19221.970000000001|18987.877,2020-04-29,2020-04-29,
2020-04-01,primary-early-quarter,2020-05-15,Inflation_L1,CPIAUCSL,1.20104394058619,6,6,1,2019-10-01|2019-11-01|2019-12-01|2020-01-01|2020-02-01|2020-03-01,2019-10-01|2019-11-01|2019-12-01|2020-01-01|2020-02-01|2020-03-01,2020-02-11|2020-02-11|2020-02-11|2020-02-13|2020-03-11|2020-04-10,257.22899999999998|257.82400000000001|258.44400000000002|258.81999999999999|259.05000000000001|257.95299999999997,2020-04-10,2020-04-10,
2020-04-01,primary-early-quarter,2020-05-15,Unemployment_L1,UNRATE,3.83333333333333,3,3,1,2020-01-01|2020-02-01|2020-03-01,2020-01-01|2020-02-01|2020-03-01,2020-02-07|2020-03-06|2020-04-03,3.6000000000000001|3.5|4.4000000000000004,2020-04-03,2020-04-03,
2020-04-01,primary-early-quarter,2020-05-15,InterestRate_L1,FEDFUNDS,1.26,3,3,1,2020-01-01|2020-02-01|2020-03-01,2020-01-01|2020-02-01|2020-03-01,2020-02-03|2020-03-02|2020-04-01,1.55|1.5800000000000001|0.65000000000000002,2020-04-01,2020-04-01,
2020-04-01,strict-quarter-start,2020-03-31,GDPGrowth_L1,GDPC1,NaN,2,1,0,2019-10-01|2020-01-01,2019-10-01,2020-03-26,19221.970000000001,2020-03-26,2020-04-29,Required observation not released by forecast origin
2020-04-01,strict-quarter-start,2020-03-31,Inflation_L1,CPIAUCSL,NaN,6,5,0,2019-10-01|2019-11-01|2019-12-01|2020-01-01|2020-02-01|2020-03-01,2019-10-01|2019-11-01|2019-12-01|2020-01-01|2020-02-01,2020-02-11|2020-02-11|2020-02-11|2020-02-13|2020-03-11,257.22899999999998|257.82400000000001|258.44400000000002|258.81999999999999|259.05000000000001,2020-03-11,2020-04-10,Required observation not released by forecast origin
2020-04-01,strict-quarter-start,2020-03-31,Unemployment_L1,UNRATE,NaN,3,2,0,2020-01-01|2020-02-01|2020-03-01,2020-01-01|2020-02-01,2020-02-07|2020-03-06,3.6000000000000001|3.5,2020-03-06,2020-04-03,Required observation not released by forecast origin
2020-04-01,strict-quarter-start,2020-03-31,InterestRate_L1,FEDFUNDS,NaN,3,2,0,2020-01-01|2020-02-01|2020-03-01,2020-01-01|2020-02-01,2020-02-03|2020-03-02,1.55|1.5800000000000001,2020-03-02,2020-04-01,Required observation not released by forecast origin
2020-07-01,primary-early-quarter,2020-08-14,GDPGrowth_L1,GDPC1,-39.904779475676,2,2,1,2020-01-01|2020-04-01,2020-01-01|2020-04-01,2020-07-30|2020-07-30,19010.848000000002|17205.822,2020-07-30,2020-07-30,
2020-07-01,primary-early-quarter,2020-08-14,Inflation_L1,CPIAUCSL,-3.59371540352798,6,6,1,2020-01-01|2020-02-01|2020-03-01|2020-04-01|2020-05-01|2020-06-01,2020-01-01|2020-02-01|2020-03-01|2020-04-01|2020-05-01|2020-06-01,2020-02-13|2020-03-11|2020-04-10|2020-05-12|2020-06-10|2020-07-14,258.81999999999999|259.05000000000001|257.95299999999997|255.90199999999999|255.768|257.214,2020-07-14,2020-07-14,
2020-07-01,primary-early-quarter,2020-08-14,Unemployment_L1,UNRATE,13.0333333333333,3,3,1,2020-04-01|2020-05-01|2020-06-01,2020-04-01|2020-05-01|2020-06-01,2020-05-08|2020-06-05|2020-07-02,14.699999999999999|13.300000000000001|11.1,2020-07-02,2020-07-02,
2020-07-01,primary-early-quarter,2020-08-14,InterestRate_L1,FEDFUNDS,0.06,3,3,1,2020-04-01|2020-05-01|2020-06-01,2020-04-01|2020-05-01|2020-06-01,2020-05-01|2020-06-01|2020-07-01,0.050000000000000003|0.050000000000000003|0.080000000000000002,2020-07-01,2020-07-01,
2020-07-01,strict-quarter-start,2020-06-30,GDPGrowth_L1,GDPC1,NaN,2,1,0,2020-01-01|2020-04-01,2020-01-01,2020-06-25,18977.363000000001,2020-06-25,2020-07-30,Required observation not released by forecast origin
2020-07-01,strict-quarter-start,2020-06-30,Inflation_L1,CPIAUCSL,NaN,6,5,0,2020-01-01|2020-02-01|2020-03-01|2020-04-01|2020-05-01|2020-06-01,2020-01-01|2020-02-01|2020-03-01|2020-04-01|2020-05-01,2020-02-13|2020-03-11|2020-04-10|2020-05-12|2020-06-10,258.81999999999999|259.05000000000001|257.95299999999997|255.90199999999999|255.768,2020-06-10,2020-07-14,Required observation not released by forecast origin
2020-07-01,strict-quarter-start,2020-06-30,Unemployment_L1,UNRATE,NaN,3,2,0,2020-04-01|2020-05-01|2020-06-01,2020-04-01|2020-05-01,2020-05-08|2020-06-05,14.699999999999999|13.300000000000001,2020-06-05,2020-07-02,Required observation not released by forecast origin
2020-07-01,strict-quarter-start,2020-06-30,InterestRate_L1,FEDFUNDS,NaN,3,2,0,2020-04-01|2020-05-01|2020-06-01,2020-04-01|2020-05-01,2020-05-01|2020-06-01,0.050000000000000003|0.050000000000000003,2020-06-01,2020-07-01,Required observation not released by forecast origin
2020-10-01,primary-early-quarter,2020-11-14,GDPGrowth_L1,GDPC1,28.5793996128472,2,2,1,2020-04-01|2020-07-01,2020-04-01|2020-07-01,2020-09-30|2020-10-29,17302.510999999999|18583.984,2020-10-29,2020-10-29,
2020-10-01,primary-early-quarter,2020-11-14,Inflation_L1,CPIAUCSL,5.02960751927025,6,6,1,2020-04-01|2020-05-01|2020-06-01|2020-07-01|2020-08-01|2020-09-01,2020-04-01|2020-05-01|2020-06-01|2020-07-01|2020-08-01|2020-09-01,2020-05-12|2020-06-10|2020-07-14|2020-08-12|2020-09-11|2020-10-13,255.90199999999999|255.768|257.214|258.72300000000001|259.68099999999998|260.209,2020-10-13,2020-10-13,
2020-10-01,primary-early-quarter,2020-11-14,Unemployment_L1,UNRATE,8.83333333333333,3,3,1,2020-07-01|2020-08-01|2020-09-01,2020-07-01|2020-08-01|2020-09-01,2020-08-07|2020-09-04|2020-10-02,10.199999999999999|8.4000000000000004|7.9000000000000004,2020-10-02,2020-10-02,
2020-10-01,primary-early-quarter,2020-11-14,InterestRate_L1,FEDFUNDS,0.0933333333333333,3,3,1,2020-07-01|2020-08-01|2020-09-01,2020-07-01|2020-08-01|2020-09-01,2020-08-03|2020-09-01|2020-10-01,0.089999999999999997|0.10000000000000001|0.089999999999999997,2020-10-01,2020-10-01,
2020-10-01,strict-quarter-start,2020-09-30,GDPGrowth_L1,GDPC1,NaN,2,1,0,2020-04-01|2020-07-01,2020-04-01,2020-09-30,17302.510999999999,2020-09-30,2020-10-29,Required observation not released by forecast origin
2020-10-01,strict-quarter-start,2020-09-30,Inflation_L1,CPIAUCSL,NaN,6,5,0,2020-04-01|2020-05-01|2020-06-01|2020-07-01|2020-08-01|2020-09-01,2020-04-01|2020-05-01|2020-06-01|2020-07-01|2020-08-01,2020-05-12|2020-06-10|2020-07-14|2020-08-12|2020-09-11,255.90199999999999|255.768|257.214|258.72300000000001|259.68099999999998,2020-09-11,2020-10-13,Required observation not released by forecast origin
2020-10-01,strict-quarter-start,2020-09-30,Unemployment_L1,UNRATE,NaN,3,2,0,2020-07-01|2020-08-01|2020-09-01,2020-07-01|2020-08-01,2020-08-07|2020-09-04,10.199999999999999|8.4000000000000004,2020-09-04,2020-10-02,Required observation not released by forecast origin
2020-10-01,strict-quarter-start,2020-09-30,InterestRate_L1,FEDFUNDS,NaN,3,2,0,2020-07-01|2020-08-01|2020-09-01,2020-07-01|2020-08-01,2020-08-03|2020-09-01,0.089999999999999997|0.10000000000000001,2020-09-01,2020-10-01,Required observation not released by forecast origin
2021-01-01,primary-early-quarter,2021-02-14,GDPGrowth_L1,GDPC1,3.93410362440041,2,2,1,2020-07-01|2020-10-01,2020-07-01|2020-10-01,2020-12-22|2021-01-28,18596.521000000001|18780.325000000001,2021-01-28,2021-01-28,
2021-01-01,primary-early-quarter,2021-02-14,Inflation_L1,CPIAUCSL,2.40070461275715,6,6,1,2020-07-01|2020-08-01|2020-09-01|2020-10-01|2020-11-01|2020-12-01,2020-07-01|2020-08-01|2020-09-01|2020-10-01|2020-11-01|2020-12-01,2021-02-08|2021-02-08|2021-02-08|2021-02-08|2021-02-08|2021-02-08,258.60399999999998|259.51100000000002|260.149|260.46199999999999|260.92700000000002|261.56,2021-02-08,2021-01-13,
2021-01-01,primary-early-quarter,2021-02-14,Unemployment_L1,UNRATE,6.76666666666667,3,3,1,2020-10-01|2020-11-01|2020-12-01,2020-10-01|2020-11-01|2020-12-01,2020-11-06|2020-12-04|2021-01-08,6.9000000000000004|6.7000000000000002|6.7000000000000002,2021-01-08,2021-01-08,
2021-01-01,primary-early-quarter,2021-02-14,InterestRate_L1,FEDFUNDS,0.09,3,3,1,2020-10-01|2020-11-01|2020-12-01,2020-10-01|2020-11-01|2020-12-01,2020-11-02|2020-12-01|2021-01-04,0.089999999999999997|0.089999999999999997|0.089999999999999997,2021-01-04,2021-01-04,
2021-01-01,strict-quarter-start,2020-12-31,GDPGrowth_L1,GDPC1,NaN,2,1,0,2020-07-01|2020-10-01,2020-07-01,2020-12-22,18596.521000000001,2020-12-22,2021-01-28,Required observation not released by forecast origin
2021-01-01,strict-quarter-start,2020-12-31,Inflation_L1,CPIAUCSL,NaN,6,5,0,2020-07-01|2020-08-01|2020-09-01|2020-10-01|2020-11-01|2020-12-01,2020-07-01|2020-08-01|2020-09-01|2020-10-01|2020-11-01,2020-08-12|2020-09-11|2020-10-13|2020-11-12|2020-12-10,258.72300000000001|259.68099999999998|260.209|260.32499999999999|260.81700000000001,2020-12-10,2021-01-13,Required observation not released by forecast origin
2021-01-01,strict-quarter-start,2020-12-31,Unemployment_L1,UNRATE,NaN,3,2,0,2020-10-01|2020-11-01|2020-12-01,2020-10-01|2020-11-01,2020-11-06|2020-12-04,6.9000000000000004|6.7000000000000002,2020-12-04,2021-01-08,Required observation not released by forecast origin
2021-01-01,strict-quarter-start,2020-12-31,InterestRate_L1,FEDFUNDS,NaN,3,2,0,2020-10-01|2020-11-01|2020-12-01,2020-10-01|2020-11-01,2020-11-02|2020-12-01,0.089999999999999997|0.089999999999999997,2020-12-01,2021-01-04,Required observation not released by forecast origin
2021-04-01,primary-early-quarter,2021-05-15,GDPGrowth_L1,GDPC1,6.19075862671762,2,2,1,2020-10-01|2021-01-01,2020-10-01|2021-01-01,2021-03-25|2021-04-29,18794.425999999999|19087.567999999999,2021-04-29,2021-04-29,
2021-04-01,primary-early-quarter,2021-05-15,Inflation_L1,CPIAUCSL,3.6798141964738,6,6,1,2020-10-01|2020-11-01|2020-12-01|2021-01-01|2021-02-01|2021-03-01,2020-10-01|2020-11-01|2020-12-01|2021-01-01|2021-02-01|2021-03-01,2021-02-08|2021-02-08|2021-02-08|2021-02-10|2021-03-10|2021-04-13,260.46199999999999|260.92700000000002|261.56|262.23099999999999|263.161|264.79300000000001,2021-04-13,2021-04-13,
2021-04-01,primary-early-quarter,2021-05-15,Unemployment_L1,UNRATE,6.16666666666667,3,3,1,2021-01-01|2021-02-01|2021-03-01,2021-01-01|2021-02-01|2021-03-01,2021-02-05|2021-03-05|2021-04-02,6.2999999999999998|6.2000000000000002|6,2021-04-02,2021-04-02,
2021-04-01,primary-early-quarter,2021-05-15,InterestRate_L1,FEDFUNDS,0.08,3,3,1,2021-01-01|2021-02-01|2021-03-01,2021-01-01|2021-02-01|2021-03-01,2021-02-01|2021-03-01|2021-04-01,0.089999999999999997|0.080000000000000002|0.070000000000000007,2021-04-01,2021-04-01,
2021-04-01,strict-quarter-start,2021-03-31,GDPGrowth_L1,GDPC1,NaN,2,1,0,2020-10-01|2021-01-01,2020-10-01,2021-03-25,18794.425999999999,2021-03-25,2021-04-29,Required observation not released by forecast origin
2021-04-01,strict-quarter-start,2021-03-31,Inflation_L1,CPIAUCSL,NaN,6,5,0,2020-10-01|2020-11-01|2020-12-01|2021-01-01|2021-02-01|2021-03-01,2020-10-01|2020-11-01|2020-12-01|2021-01-01|2021-02-01,2021-02-08|2021-02-08|2021-02-08|2021-02-10|2021-03-10,260.46199999999999|260.92700000000002|261.56|262.23099999999999|263.161,2021-03-10,2021-04-13,Required observation not released by forecast origin
2021-04-01,strict-quarter-start,2021-03-31,Unemployment_L1,UNRATE,NaN,3,2,0,2021-01-01|2021-02-01|2021-03-01,2021-01-01|2021-02-01,2021-02-05|2021-03-05,6.2999999999999998|6.2000000000000002,2021-03-05,2021-04-02,Required observation not released by forecast origin
2021-04-01,strict-quarter-start,2021-03-31,InterestRate_L1,FEDFUNDS,NaN,3,2,0,2021-01-01|2021-02-01|2021-03-01,2021-01-01|2021-02-01,2021-02-01|2021-03-01,0.089999999999999997|0.080000000000000002,2021-03-01,2021-04-01,Required observation not released by forecast origin
2021-07-01,primary-early-quarter,2021-08-14,GDPGrowth_L1,GDPC1,6.30038184753898,2,2,1,2021-01-01|2021-04-01,2021-01-01|2021-04-01,2021-07-29|2021-07-29,19055.654999999999|19358.175999999999,2021-07-29,2021-07-29,
2021-07-01,primary-early-quarter,2021-08-14,Inflation_L1,CPIAUCSL,8.10726328095449,6,6,1,2021-01-01|2021-02-01|2021-03-01|2021-04-01|2021-05-01|2021-06-01,2021-01-01|2021-02-01|2021-03-01|2021-04-01|2021-05-01|2021-06-01,2021-02-10|2021-03-10|2021-04-13|2021-05-12|2021-06-10|2021-07-13,262.23099999999999|263.161|264.79300000000001|266.83199999999999|268.55099999999999|270.98099999999999,2021-07-13,2021-07-13,
2021-07-01,primary-early-quarter,2021-08-14,Unemployment_L1,UNRATE,5.93333333333333,3,3,1,2021-04-01|2021-05-01|2021-06-01,2021-04-01|2021-05-01|2021-06-01,2021-05-07|2021-06-04|2021-07-02,6.0999999999999996|5.7999999999999998|5.9000000000000004,2021-07-02,2021-07-02,
2021-07-01,primary-early-quarter,2021-08-14,InterestRate_L1,FEDFUNDS,0.07,3,3,1,2021-04-01|2021-05-01|2021-06-01,2021-04-01|2021-05-01|2021-06-01,2021-05-03|2021-06-01|2021-07-01,0.070000000000000007|0.059999999999999998|0.080000000000000002,2021-07-01,2021-07-01,
2021-07-01,strict-quarter-start,2021-06-30,GDPGrowth_L1,GDPC1,NaN,2,1,0,2021-01-01|2021-04-01,2021-01-01,2021-06-24,19086.375,2021-06-24,2021-07-29,Required observation not released by forecast origin
2021-07-01,strict-quarter-start,2021-06-30,Inflation_L1,CPIAUCSL,NaN,6,5,0,2021-01-01|2021-02-01|2021-03-01|2021-04-01|2021-05-01|2021-06-01,2021-01-01|2021-02-01|2021-03-01|2021-04-01|2021-05-01,2021-02-10|2021-03-10|2021-04-13|2021-05-12|2021-06-10,262.23099999999999|263.161|264.79300000000001|266.83199999999999|268.55099999999999,2021-06-10,2021-07-13,Required observation not released by forecast origin
2021-07-01,strict-quarter-start,2021-06-30,Unemployment_L1,UNRATE,NaN,3,2,0,2021-04-01|2021-05-01|2021-06-01,2021-04-01|2021-05-01,2021-05-07|2021-06-04,6.0999999999999996|5.7999999999999998,2021-06-04,2021-07-02,Required observation not released by forecast origin
2021-07-01,strict-quarter-start,2021-06-30,InterestRate_L1,FEDFUNDS,NaN,3,2,0,2021-04-01|2021-05-01|2021-06-01,2021-04-01|2021-05-01,2021-05-03|2021-06-01,0.070000000000000007|0.059999999999999998,2021-06-01,2021-07-01,Required observation not released by forecast origin
2021-10-01,primary-early-quarter,2021-11-14,GDPGrowth_L1,GDPC1,1.99590948113209,2,2,1,2021-04-01|2021-07-01,2021-04-01|2021-07-01,2021-09-30|2021-10-28,19368.310000000001|19465.195,2021-10-28,2021-10-28,
2021-10-01,primary-early-quarter,2021-11-14,Inflation_L1,CPIAUCSL,6.42216702375796,6,6,1,2021-04-01|2021-05-01|2021-06-01|2021-07-01|2021-08-01|2021-09-01,2021-04-01|2021-05-01|2021-06-01|2021-07-01|2021-08-01|2021-09-01,2021-05-12|2021-06-10|2021-07-13|2021-08-11|2021-09-14|2021-10-13,266.83199999999999|268.55099999999999|270.98099999999999|272.26499999999999|273.012|274.13799999999998,2021-10-13,2021-10-13,
2021-10-01,primary-early-quarter,2021-11-14,Unemployment_L1,UNRATE,5.13333333333333,3,3,1,2021-07-01|2021-08-01|2021-09-01,2021-07-01|2021-08-01|2021-09-01,2021-08-06|2021-09-03|2021-10-08,5.4000000000000004|5.2000000000000002|4.7999999999999998,2021-10-08,2021-10-08,
2021-10-01,primary-early-quarter,2021-11-14,InterestRate_L1,FEDFUNDS,0.09,3,3,1,2021-07-01|2021-08-01|2021-09-01,2021-07-01|2021-08-01|2021-09-01,2021-08-02|2021-09-01|2021-10-01,0.10000000000000001|0.089999999999999997|0.080000000000000002,2021-10-01,2021-10-01,
2021-10-01,strict-quarter-start,2021-09-30,GDPGrowth_L1,GDPC1,NaN,2,1,0,2021-04-01|2021-07-01,2021-04-01,2021-09-30,19368.310000000001,2021-09-30,2021-10-28,Required observation not released by forecast origin
2021-10-01,strict-quarter-start,2021-09-30,Inflation_L1,CPIAUCSL,NaN,6,5,0,2021-04-01|2021-05-01|2021-06-01|2021-07-01|2021-08-01|2021-09-01,2021-04-01|2021-05-01|2021-06-01|2021-07-01|2021-08-01,2021-05-12|2021-06-10|2021-07-13|2021-08-11|2021-09-14,266.83199999999999|268.55099999999999|270.98099999999999|272.26499999999999|273.012,2021-09-14,2021-10-13,Required observation not released by forecast origin
2021-10-01,strict-quarter-start,2021-09-30,Unemployment_L1,UNRATE,NaN,3,2,0,2021-07-01|2021-08-01|2021-09-01,2021-07-01|2021-08-01,2021-08-06|2021-09-03,5.4000000000000004|5.2000000000000002,2021-09-03,2021-10-08,Required observation not released by forecast origin
2021-10-01,strict-quarter-start,2021-09-30,InterestRate_L1,FEDFUNDS,NaN,3,2,0,2021-07-01|2021-08-01|2021-09-01,2021-07-01|2021-08-01,2021-08-02|2021-09-01,0.10000000000000001|0.089999999999999997,2021-09-01,2021-10-01,Required observation not released by forecast origin
2022-01-01,primary-early-quarter,2022-02-14,GDPGrowth_L1,GDPC1,6.66061376100163,2,2,1,2021-07-01|2021-10-01,2021-07-01|2021-10-01,2021-12-22|2022-01-27,19478.893|19805.962,2022-01-27,2022-01-27,
2022-01-01,primary-early-quarter,2022-02-14,Inflation_L1,CPIAUCSL,7.61476526198664,6,6,1,2021-07-01|2021-08-01|2021-09-01|2021-10-01|2021-11-01|2021-12-01,2021-07-01|2021-08-01|2021-09-01|2021-10-01|2021-11-01|2021-12-01,2022-02-08|2022-02-08|2022-02-08|2022-02-08|2022-02-08|2022-02-08,272.18400000000003|273.09199999999998|274.214|276.58999999999997|278.524|280.12599999999998,2022-02-08,2022-01-12,
2022-01-01,primary-early-quarter,2022-02-14,Unemployment_L1,UNRATE,4.23333333333333,3,3,1,2021-10-01|2021-11-01|2021-12-01,2021-10-01|2021-11-01|2021-12-01,2021-11-05|2021-12-03|2022-01-07,4.5999999999999996|4.2000000000000002|3.8999999999999999,2022-01-07,2022-01-07,
2022-01-01,primary-early-quarter,2022-02-14,InterestRate_L1,FEDFUNDS,0.08,3,3,1,2021-10-01|2021-11-01|2021-12-01,2021-10-01|2021-11-01|2021-12-01,2021-11-01|2021-12-01|2022-01-03,0.080000000000000002|0.080000000000000002|0.080000000000000002,2022-01-03,2022-01-03,
2022-01-01,strict-quarter-start,2021-12-31,GDPGrowth_L1,GDPC1,NaN,2,1,0,2021-07-01|2021-10-01,2021-07-01,2021-12-22,19478.893,2021-12-22,2022-01-27,Required observation not released by forecast origin
2022-01-01,strict-quarter-start,2021-12-31,Inflation_L1,CPIAUCSL,NaN,6,5,0,2021-07-01|2021-08-01|2021-09-01|2021-10-01|2021-11-01|2021-12-01,2021-07-01|2021-08-01|2021-09-01|2021-10-01|2021-11-01,2021-08-11|2021-09-14|2021-10-13|2021-11-10|2021-12-10,272.26499999999999|273.012|274.13799999999998|276.72399999999999|278.88,2021-12-10,2022-01-12,Required observation not released by forecast origin
2022-01-01,strict-quarter-start,2021-12-31,Unemployment_L1,UNRATE,NaN,3,2,0,2021-10-01|2021-11-01|2021-12-01,2021-10-01|2021-11-01,2021-11-05|2021-12-03,4.5999999999999996|4.2000000000000002,2021-12-03,2022-01-07,Required observation not released by forecast origin
2022-01-01,strict-quarter-start,2021-12-31,InterestRate_L1,FEDFUNDS,NaN,3,2,0,2021-10-01|2021-11-01|2021-12-01,2021-10-01|2021-11-01,2021-11-01|2021-12-01,0.080000000000000002|0.080000000000000002,2021-12-01,2022-01-03,Required observation not released by forecast origin
2022-04-01,primary-early-quarter,2022-05-15,GDPGrowth_L1,GDPC1,-1.42420201347165,2,2,1,2021-10-01|2022-01-01,2021-10-01|2022-01-01,2022-03-30|2022-04-28,19806.290000000001|19735.895,2022-04-28,2022-04-28,
2022-04-01,primary-early-quarter,2022-05-15,Inflation_L1,CPIAUCSL,8.80192146089401,6,6,1,2021-10-01|2021-11-01|2021-12-01|2022-01-01|2022-02-01|2022-03-01,2021-10-01|2021-11-01|2021-12-01|2022-01-01|2022-02-01|2022-03-01,2022-02-08|2022-02-08|2022-02-08|2022-02-10|2022-03-10|2022-04-12,276.58999999999997|278.524|280.12599999999998|281.93299999999999|284.18200000000002|287.70800000000003,2022-04-12,2022-04-12,
2022-04-01,primary-early-quarter,2022-05-15,Unemployment_L1,UNRATE,3.8,3,3,1,2022-01-01|2022-02-01|2022-03-01,2022-01-01|2022-02-01|2022-03-01,2022-02-04|2022-03-04|2022-04-01,4|3.7999999999999998|3.6000000000000001,2022-04-01,2022-04-01,
2022-04-01,primary-early-quarter,2022-05-15,InterestRate_L1,FEDFUNDS,0.12,3,3,1,2022-01-01|2022-02-01|2022-03-01,2022-01-01|2022-02-01|2022-03-01,2022-02-01|2022-03-01|2022-04-01,0.080000000000000002|0.080000000000000002|0.20000000000000001,2022-04-01,2022-04-01,
2022-04-01,strict-quarter-start,2022-03-31,GDPGrowth_L1,GDPC1,NaN,2,1,0,2021-10-01|2022-01-01,2021-10-01,2022-03-30,19806.290000000001,2022-03-30,2022-04-28,Required observation not released by forecast origin
2022-04-01,strict-quarter-start,2022-03-31,Inflation_L1,CPIAUCSL,NaN,6,5,0,2021-10-01|2021-11-01|2021-12-01|2022-01-01|2022-02-01|2022-03-01,2021-10-01|2021-11-01|2021-12-01|2022-01-01|2022-02-01,2022-02-08|2022-02-08|2022-02-08|2022-02-10|2022-03-10,276.58999999999997|278.524|280.12599999999998|281.93299999999999|284.18200000000002,2022-03-10,2022-04-12,Required observation not released by forecast origin
2022-04-01,strict-quarter-start,2022-03-31,Unemployment_L1,UNRATE,NaN,3,2,0,2022-01-01|2022-02-01|2022-03-01,2022-01-01|2022-02-01,2022-02-04|2022-03-04,4|3.7999999999999998,2022-03-04,2022-04-01,Required observation not released by forecast origin
2022-04-01,strict-quarter-start,2022-03-31,InterestRate_L1,FEDFUNDS,NaN,3,2,0,2022-01-01|2022-02-01|2022-03-01,2022-01-01|2022-02-01,2022-02-01|2022-03-01,0.080000000000000002|0.080000000000000002,2022-03-01,2022-04-01,Required observation not released by forecast origin
2022-07-01,primary-early-quarter,2022-08-14,GDPGrowth_L1,GDPC1,-0.938573773165339,2,2,1,2022-01-01|2022-04-01,2022-01-01|2022-04-01,2022-06-29|2022-07-28,19727.918000000001|19681.682000000001,2022-07-28,2022-07-28,
2022-07-01,primary-early-quarter,2022-08-14,Inflation_L1,CPIAUCSL,10.0125045667167,6,6,1,2022-01-01|2022-02-01|2022-03-01|2022-04-01|2022-05-01|2022-06-01,2022-01-01|2022-02-01|2022-03-01|2022-04-01|2022-05-01|2022-06-01,2022-02-10|2022-03-10|2022-04-12|2022-05-11|2022-06-10|2022-07-13,281.93299999999999|284.18200000000002|287.70800000000003|288.66300000000001|291.47399999999999|295.32799999999997,2022-07-13,2022-07-13,
2022-07-01,primary-early-quarter,2022-08-14,Unemployment_L1,UNRATE,3.6,3,3,1,2022-04-01|2022-05-01|2022-06-01,2022-04-01|2022-05-01|2022-06-01,2022-05-06|2022-06-03|2022-07-08,3.6000000000000001|3.6000000000000001|3.6000000000000001,2022-07-08,2022-07-08,
2022-07-01,primary-early-quarter,2022-08-14,InterestRate_L1,FEDFUNDS,0.77,3,3,1,2022-04-01|2022-05-01|2022-06-01,2022-04-01|2022-05-01|2022-06-01,2022-05-02|2022-06-01|2022-07-01,0.33000000000000002|0.77000000000000002|1.21,2022-07-01,2022-07-01,
2022-07-01,strict-quarter-start,2022-06-30,GDPGrowth_L1,GDPC1,NaN,2,1,0,2022-01-01|2022-04-01,2022-01-01,2022-06-29,19727.918000000001,2022-06-29,2022-07-28,Required observation not released by forecast origin
2022-07-01,strict-quarter-start,2022-06-30,Inflation_L1,CPIAUCSL,NaN,6,5,0,2022-01-01|2022-02-01|2022-03-01|2022-04-01|2022-05-01|2022-06-01,2022-01-01|2022-02-01|2022-03-01|2022-04-01|2022-05-01,2022-02-10|2022-03-10|2022-04-12|2022-05-11|2022-06-10,281.93299999999999|284.18200000000002|287.70800000000003|288.66300000000001|291.47399999999999,2022-06-10,2022-07-13,Required observation not released by forecast origin
2022-07-01,strict-quarter-start,2022-06-30,Unemployment_L1,UNRATE,NaN,3,2,0,2022-04-01|2022-05-01|2022-06-01,2022-04-01|2022-05-01,2022-05-06|2022-06-03,3.6000000000000001|3.6000000000000001,2022-06-03,2022-07-08,Required observation not released by forecast origin
2022-07-01,strict-quarter-start,2022-06-30,InterestRate_L1,FEDFUNDS,NaN,3,2,0,2022-04-01|2022-05-01|2022-06-01,2022-04-01|2022-05-01,2022-05-02|2022-06-01,0.33000000000000002|0.77000000000000002,2022-06-01,2022-07-01,Required observation not released by forecast origin
2022-10-01,primary-early-quarter,2022-11-14,GDPGrowth_L1,GDPC1,2.53426757171185,2,2,1,2022-04-01|2022-07-01,2022-04-01|2022-07-01,2022-09-29|2022-10-27,19895.271000000001|20021.721000000001,2022-10-27,2022-10-27,
2022-10-01,primary-early-quarter,2022-11-14,Inflation_L1,CPIAUCSL,5.52984020787798,6,6,1,2022-04-01|2022-05-01|2022-06-01|2022-07-01|2022-08-01|2022-09-01,2022-04-01|2022-05-01|2022-06-01|2022-07-01|2022-08-01|2022-09-01,2022-05-11|2022-06-10|2022-07-13|2022-08-10|2022-09-13|2022-10-13,288.66300000000001|291.47399999999999|295.32799999999997|295.27100000000002|295.62|296.76100000000002,2022-10-13,2022-10-13,
2022-10-01,primary-early-quarter,2022-11-14,Unemployment_L1,UNRATE,3.56666666666667,3,3,1,2022-07-01|2022-08-01|2022-09-01,2022-07-01|2022-08-01|2022-09-01,2022-08-05|2022-09-02|2022-10-07,3.5|3.7000000000000002|3.5,2022-10-07,2022-10-07,
2022-10-01,primary-early-quarter,2022-11-14,InterestRate_L1,FEDFUNDS,2.19,3,3,1,2022-07-01|2022-08-01|2022-09-01,2022-07-01|2022-08-01|2022-09-01,2022-08-01|2022-09-01|2022-10-03,1.6799999999999999|2.3300000000000001|2.5600000000000001,2022-10-03,2022-10-03,
2022-10-01,strict-quarter-start,2022-09-30,GDPGrowth_L1,GDPC1,NaN,2,1,0,2022-04-01|2022-07-01,2022-04-01,2022-09-29,19895.271000000001,2022-09-29,2022-10-27,Required observation not released by forecast origin
2022-10-01,strict-quarter-start,2022-09-30,Inflation_L1,CPIAUCSL,NaN,6,5,0,2022-04-01|2022-05-01|2022-06-01|2022-07-01|2022-08-01|2022-09-01,2022-04-01|2022-05-01|2022-06-01|2022-07-01|2022-08-01,2022-05-11|2022-06-10|2022-07-13|2022-08-10|2022-09-13,288.66300000000001|291.47399999999999|295.32799999999997|295.27100000000002|295.62,2022-09-13,2022-10-13,Required observation not released by forecast origin
2022-10-01,strict-quarter-start,2022-09-30,Unemployment_L1,UNRATE,NaN,3,2,0,2022-07-01|2022-08-01|2022-09-01,2022-07-01|2022-08-01,2022-08-05|2022-09-02,3.5|3.7000000000000002,2022-09-02,2022-10-07,Required observation not released by forecast origin
2022-10-01,strict-quarter-start,2022-09-30,InterestRate_L1,FEDFUNDS,NaN,3,2,0,2022-07-01|2022-08-01|2022-09-01,2022-07-01|2022-08-01,2022-08-01|2022-09-01,1.6799999999999999|2.3300000000000001,2022-09-01,2022-10-03,Required observation not released by forecast origin
2023-01-01,primary-early-quarter,2023-02-14,GDPGrowth_L1,GDPC1,2.85055987981499,2,2,1,2022-07-01|2022-10-01,2022-07-01|2022-10-01,2022-12-22|2023-01-26,20054.663|20198.091,2023-01-26,2023-01-26,
2023-01-01,primary-early-quarter,2023-02-14,Inflation_L1,CPIAUCSL,4.07980363656909,6,6,1,2022-07-01|2022-08-01|2022-09-01|2022-10-01|2022-11-01|2022-12-01,2022-07-01|2022-08-01|2022-09-01|2022-10-01|2022-11-01|2022-12-01,2023-02-10|2023-02-10|2023-02-10|2023-02-10|2023-02-10|2023-02-10,294.62799999999999|295.31999999999999|296.53899999999999|297.98700000000002|298.59800000000001|298.99000000000001,2023-02-10,2023-01-12,
2023-01-01,primary-early-quarter,2023-02-14,Unemployment_L1,UNRATE,3.6,3,3,1,2022-10-01|2022-11-01|2022-12-01,2022-10-01|2022-11-01|2022-12-01,2022-11-04|2023-01-06|2023-01-06,3.7000000000000002|3.6000000000000001|3.5,2023-01-06,2023-01-06,
2023-01-01,primary-early-quarter,2023-02-14,InterestRate_L1,FEDFUNDS,3.65333333333333,3,3,1,2022-10-01|2022-11-01|2022-12-01,2022-10-01|2022-11-01|2022-12-01,2022-11-01|2022-12-01|2023-01-03,3.0800000000000001|3.7799999999999998|4.0999999999999996,2023-01-03,2023-01-03,
2023-01-01,strict-quarter-start,2022-12-31,GDPGrowth_L1,GDPC1,NaN,2,1,0,2022-07-01|2022-10-01,2022-07-01,2022-12-22,20054.663,2022-12-22,2023-01-26,Required observation not released by forecast origin
2023-01-01,strict-quarter-start,2022-12-31,Inflation_L1,CPIAUCSL,NaN,6,5,0,2022-07-01|2022-08-01|2022-09-01|2022-10-01|2022-11-01|2022-12-01,2022-07-01|2022-08-01|2022-09-01|2022-10-01|2022-11-01,2022-08-10|2022-09-13|2022-10-13|2022-11-10|2022-12-13,295.27100000000002|295.62|296.76100000000002|298.06200000000001|298.34899999999999,2022-12-13,2023-01-12,Required observation not released by forecast origin
2023-01-01,strict-quarter-start,2022-12-31,Unemployment_L1,UNRATE,NaN,3,2,0,2022-10-01|2022-11-01|2022-12-01,2022-10-01|2022-11-01,2022-11-04|2022-12-02,3.7000000000000002|3.7000000000000002,2022-12-02,2023-01-06,Required observation not released by forecast origin
2023-01-01,strict-quarter-start,2022-12-31,InterestRate_L1,FEDFUNDS,NaN,3,2,0,2022-10-01|2022-11-01|2022-12-01,2022-10-01|2022-11-01,2022-11-01|2022-12-01,3.0800000000000001|3.7799999999999998,2022-12-01,2023-01-03,Required observation not released by forecast origin
2023-04-01,primary-early-quarter,2023-05-15,GDPGrowth_L1,GDPC1,1.05668847840172,2,2,1,2022-10-01|2023-01-01,2022-10-01|2023-01-01,2023-03-30|2023-04-27,20182.491000000002|20235.878000000001,2023-04-27,2023-04-27,
2023-04-01,primary-early-quarter,2023-05-15,Inflation_L1,CPIAUCSL,3.74181628317551,6,6,1,2022-10-01|2022-11-01|2022-12-01|2023-01-01|2023-02-01|2023-03-01,2022-10-01|2022-11-01|2022-12-01|2023-01-01|2023-02-01|2023-03-01,2023-02-10|2023-02-10|2023-02-10|2023-02-14|2023-03-14|2023-04-12,297.98700000000002|298.59800000000001|298.99000000000001|300.536|301.64800000000002|301.80799999999999,2023-04-12,2023-04-12,
2023-04-01,primary-early-quarter,2023-05-15,Unemployment_L1,UNRATE,3.5,3,3,1,2023-01-01|2023-02-01|2023-03-01,2023-01-01|2023-02-01|2023-03-01,2023-02-03|2023-03-10|2023-04-07,3.3999999999999999|3.6000000000000001|3.5,2023-04-07,2023-04-07,
2023-04-01,primary-early-quarter,2023-05-15,InterestRate_L1,FEDFUNDS,4.51666666666667,3,3,1,2023-01-01|2023-02-01|2023-03-01,2023-01-01|2023-02-01|2023-03-01,2023-02-01|2023-03-01|2023-04-03,4.3300000000000001|4.5700000000000003|4.6500000000000004,2023-04-03,2023-04-03,
2023-04-01,strict-quarter-start,2023-03-31,GDPGrowth_L1,GDPC1,NaN,2,1,0,2022-10-01|2023-01-01,2022-10-01,2023-03-30,20182.491000000002,2023-03-30,2023-04-27,Required observation not released by forecast origin
2023-04-01,strict-quarter-start,2023-03-31,Inflation_L1,CPIAUCSL,NaN,6,5,0,2022-10-01|2022-11-01|2022-12-01|2023-01-01|2023-02-01|2023-03-01,2022-10-01|2022-11-01|2022-12-01|2023-01-01|2023-02-01,2023-02-10|2023-02-10|2023-02-10|2023-02-14|2023-03-14,297.98700000000002|298.59800000000001|298.99000000000001|300.536|301.64800000000002,2023-03-14,2023-04-12,Required observation not released by forecast origin
2023-04-01,strict-quarter-start,2023-03-31,Unemployment_L1,UNRATE,NaN,3,2,0,2023-01-01|2023-02-01|2023-03-01,2023-01-01|2023-02-01,2023-02-03|2023-03-10,3.3999999999999999|3.6000000000000001,2023-03-10,2023-04-07,Required observation not released by forecast origin
2023-04-01,strict-quarter-start,2023-03-31,InterestRate_L1,FEDFUNDS,NaN,3,2,0,2023-01-01|2023-02-01|2023-03-01,2023-01-01|2023-02-01,2023-02-01|2023-03-01,4.3300000000000001|4.5700000000000003,2023-03-01,2023-04-03,Required observation not released by forecast origin
2023-07-01,primary-early-quarter,2023-08-14,GDPGrowth_L1,GDPC1,2.38560351748345,2,2,1,2023-01-01|2023-04-01,2023-01-01|2023-04-01,2023-06-29|2023-07-27,20282.759999999998|20404.088,2023-07-27,2023-07-27,
2023-07-01,primary-early-quarter,2023-08-14,Inflation_L1,CPIAUCSL,2.67293151106209,6,6,1,2023-01-01|2023-02-01|2023-03-01|2023-04-01|2023-05-01|2023-06-01,2023-01-01|2023-02-01|2023-03-01|2023-04-01|2023-05-01|2023-06-01,2023-02-14|2023-03-14|2023-04-12|2023-05-10|2023-06-13|2023-07-12,300.536|301.64800000000002|301.80799999999999|302.91800000000001|303.29399999999998|303.84100000000001,2023-07-12,2023-07-12,
2023-07-01,primary-early-quarter,2023-08-14,Unemployment_L1,UNRATE,3.56666666666667,3,3,1,2023-04-01|2023-05-01|2023-06-01,2023-04-01|2023-05-01|2023-06-01,2023-05-05|2023-06-02|2023-07-07,3.3999999999999999|3.7000000000000002|3.6000000000000001,2023-07-07,2023-07-07,
2023-07-01,primary-early-quarter,2023-08-14,InterestRate_L1,FEDFUNDS,4.99,3,3,1,2023-04-01|2023-05-01|2023-06-01,2023-04-01|2023-05-01|2023-06-01,2023-05-01|2023-06-01|2023-07-03,4.8300000000000001|5.0599999999999996|5.0800000000000001,2023-07-03,2023-07-03,
2023-07-01,strict-quarter-start,2023-06-30,GDPGrowth_L1,GDPC1,NaN,2,1,0,2023-01-01|2023-04-01,2023-01-01,2023-06-29,20282.759999999998,2023-06-29,2023-07-27,Required observation not released by forecast origin
2023-07-01,strict-quarter-start,2023-06-30,Inflation_L1,CPIAUCSL,NaN,6,5,0,2023-01-01|2023-02-01|2023-03-01|2023-04-01|2023-05-01|2023-06-01,2023-01-01|2023-02-01|2023-03-01|2023-04-01|2023-05-01,2023-02-14|2023-03-14|2023-04-12|2023-05-10|2023-06-13,300.536|301.64800000000002|301.80799999999999|302.91800000000001|303.29399999999998,2023-06-13,2023-07-12,Required observation not released by forecast origin
2023-07-01,strict-quarter-start,2023-06-30,Unemployment_L1,UNRATE,NaN,3,2,0,2023-04-01|2023-05-01|2023-06-01,2023-04-01|2023-05-01,2023-05-05|2023-06-02,3.3999999999999999|3.7000000000000002,2023-06-02,2023-07-07,Required observation not released by forecast origin
2023-07-01,strict-quarter-start,2023-06-30,InterestRate_L1,FEDFUNDS,NaN,3,2,0,2023-04-01|2023-05-01|2023-06-01,2023-04-01|2023-05-01,2023-05-01|2023-06-01,4.8300000000000001|5.0599999999999996,2023-06-01,2023-07-03,Required observation not released by forecast origin
2023-10-01,primary-early-quarter,2023-11-14,GDPGrowth_L1,GDPC1,4.76276385913365,2,2,1,2023-04-01|2023-07-01,2023-04-01|2023-07-01,2023-09-28|2023-10-26,22225.349999999999|22491.566999999999,2023-10-26,2023-10-26,
2023-10-01,primary-early-quarter,2023-11-14,Inflation_L1,CPIAUCSL,3.52051966487672,6,6,1,2023-04-01|2023-05-01|2023-06-01|2023-07-01|2023-08-01|2023-09-01,2023-04-01|2023-05-01|2023-06-01|2023-07-01|2023-08-01|2023-09-01,2023-05-10|2023-06-13|2023-07-12|2023-08-10|2023-09-13|2023-10-12,302.91800000000001|303.29399999999998|303.84100000000001|304.34800000000001|306.26900000000001|307.48099999999999,2023-10-12,2023-10-12,
2023-10-01,primary-early-quarter,2023-11-14,Unemployment_L1,UNRATE,3.7,3,3,1,2023-07-01|2023-08-01|2023-09-01,2023-07-01|2023-08-01|2023-09-01,2023-08-04|2023-09-01|2023-10-06,3.5|3.7999999999999998|3.7999999999999998,2023-10-06,2023-10-06,
2023-10-01,primary-early-quarter,2023-11-14,InterestRate_L1,FEDFUNDS,5.26,3,3,1,2023-07-01|2023-08-01|2023-09-01,2023-07-01|2023-08-01|2023-09-01,2023-08-01|2023-09-01|2023-10-02,5.1200000000000001|5.3300000000000001|5.3300000000000001,2023-10-02,2023-10-02,
2023-10-01,strict-quarter-start,2023-09-30,GDPGrowth_L1,GDPC1,NaN,2,1,0,2023-04-01|2023-07-01,2023-04-01,2023-09-28,22225.349999999999,2023-09-28,2023-10-26,Required observation not released by forecast origin
2023-10-01,strict-quarter-start,2023-09-30,Inflation_L1,CPIAUCSL,NaN,6,5,0,2023-04-01|2023-05-01|2023-06-01|2023-07-01|2023-08-01|2023-09-01,2023-04-01|2023-05-01|2023-06-01|2023-07-01|2023-08-01,2023-05-10|2023-06-13|2023-07-12|2023-08-10|2023-09-13,302.91800000000001|303.29399999999998|303.84100000000001|304.34800000000001|306.26900000000001,2023-09-13,2023-10-12,Required observation not released by forecast origin
2023-10-01,strict-quarter-start,2023-09-30,Unemployment_L1,UNRATE,NaN,3,2,0,2023-07-01|2023-08-01|2023-09-01,2023-07-01|2023-08-01,2023-08-04|2023-09-01,3.5|3.7999999999999998,2023-09-01,2023-10-06,Required observation not released by forecast origin
2023-10-01,strict-quarter-start,2023-09-30,InterestRate_L1,FEDFUNDS,NaN,3,2,0,2023-07-01|2023-08-01|2023-09-01,2023-07-01|2023-08-01,2023-08-01|2023-09-01,5.1200000000000001|5.3300000000000001,2023-09-01,2023-10-02,Required observation not released by forecast origin
2024-01-01,primary-early-quarter,2024-02-14,GDPGrowth_L1,GDPC1,3.2268142583691,2,2,1,2023-07-01|2023-10-01,2023-07-01|2023-10-01,2023-12-21|2024-01-25,22490.691999999999|22672.859,2024-01-25,2024-01-25,
2024-01-01,primary-early-quarter,2024-02-14,Inflation_L1,CPIAUCSL,2.68954552151764,6,6,1,2023-07-01|2023-08-01|2023-09-01|2023-10-01|2023-11-01|2023-12-01,2023-07-01|2023-08-01|2023-09-01|2023-10-01|2023-11-01|2023-12-01,2024-02-09|2024-02-09|2024-02-09|2024-02-09|2024-02-09|2024-02-09,304.62799999999999|306.18700000000001|307.28800000000001|307.53100000000001|308.024|308.74200000000002,2024-02-09,2024-01-11,
2024-01-01,primary-early-quarter,2024-02-14,Unemployment_L1,UNRATE,3.73333333333333,3,3,1,2023-10-01|2023-11-01|2023-12-01,2023-10-01|2023-11-01|2023-12-01,2024-01-05|2023-12-08|2024-01-05,3.7999999999999998|3.7000000000000002|3.7000000000000002,2024-01-05,2024-01-05,
2024-01-01,primary-early-quarter,2024-02-14,InterestRate_L1,FEDFUNDS,5.33,3,3,1,2023-10-01|2023-11-01|2023-12-01,2023-10-01|2023-11-01|2023-12-01,2023-11-01|2023-12-01|2024-01-02,5.3300000000000001|5.3300000000000001|5.3300000000000001,2024-01-02,2024-01-02,
2024-01-01,strict-quarter-start,2023-12-31,GDPGrowth_L1,GDPC1,NaN,2,1,0,2023-07-01|2023-10-01,2023-07-01,2023-12-21,22490.691999999999,2023-12-21,2024-01-25,Required observation not released by forecast origin
2024-01-01,strict-quarter-start,2023-12-31,Inflation_L1,CPIAUCSL,NaN,6,5,0,2023-07-01|2023-08-01|2023-09-01|2023-10-01|2023-11-01|2023-12-01,2023-07-01|2023-08-01|2023-09-01|2023-10-01|2023-11-01,2023-08-10|2023-09-13|2023-10-12|2023-11-14|2023-12-12,304.34800000000001|306.26900000000001|307.48099999999999|307.61900000000003|307.91699999999997,2023-12-12,2024-01-11,Required observation not released by forecast origin
2024-01-01,strict-quarter-start,2023-12-31,Unemployment_L1,UNRATE,NaN,3,2,0,2023-10-01|2023-11-01|2023-12-01,2023-10-01|2023-11-01,2023-11-03|2023-12-08,3.8999999999999999|3.7000000000000002,2023-12-08,2024-01-05,Required observation not released by forecast origin
2024-01-01,strict-quarter-start,2023-12-31,InterestRate_L1,FEDFUNDS,NaN,3,2,0,2023-10-01|2023-11-01|2023-12-01,2023-10-01|2023-11-01,2023-11-01|2023-12-01,5.3300000000000001|5.3300000000000001,2023-12-01,2024-01-02,Required observation not released by forecast origin
2024-04-01,primary-early-quarter,2024-05-15,GDPGrowth_L1,GDPC1,1.57737858736364,2,2,1,2023-10-01|2024-01-01,2023-10-01|2024-01-01,2024-03-28|2024-04-25,22679.255000000001|22768.866000000002,2024-04-25,2024-04-25,
2024-04-01,primary-early-quarter,2024-05-15,Inflation_L1,CPIAUCSL,3.7354102308518,6,6,1,2023-10-01|2023-11-01|2023-12-01|2024-01-01|2024-02-01|2024-03-01,2023-10-01|2023-11-01|2023-12-01|2024-01-01|2024-02-01|2024-03-01,2024-02-09|2024-02-09|2024-02-09|2024-02-13|2024-03-12|2024-04-10,307.53100000000001|308.024|308.74200000000002|309.685|311.05399999999997|312.23000000000002,2024-04-10,2024-04-10,
2024-04-01,primary-early-quarter,2024-05-15,Unemployment_L1,UNRATE,3.8,3,3,1,2024-01-01|2024-02-01|2024-03-01,2024-01-01|2024-02-01|2024-03-01,2024-02-02|2024-03-08|2024-04-05,3.7000000000000002|3.8999999999999999|3.7999999999999998,2024-04-05,2024-04-05,
2024-04-01,primary-early-quarter,2024-05-15,InterestRate_L1,FEDFUNDS,5.33,3,3,1,2024-01-01|2024-02-01|2024-03-01,2024-01-01|2024-02-01|2024-03-01,2024-02-01|2024-03-01|2024-04-01,5.3300000000000001|5.3300000000000001|5.3300000000000001,2024-04-01,2024-04-01,
2024-04-01,strict-quarter-start,2024-03-31,GDPGrowth_L1,GDPC1,NaN,2,1,0,2023-10-01|2024-01-01,2023-10-01,2024-03-28,22679.255000000001,2024-03-28,2024-04-25,Required observation not released by forecast origin
2024-04-01,strict-quarter-start,2024-03-31,Inflation_L1,CPIAUCSL,NaN,6,5,0,2023-10-01|2023-11-01|2023-12-01|2024-01-01|2024-02-01|2024-03-01,2023-10-01|2023-11-01|2023-12-01|2024-01-01|2024-02-01,2024-02-09|2024-02-09|2024-02-09|2024-02-13|2024-03-12,307.53100000000001|308.024|308.74200000000002|309.685|311.05399999999997,2024-03-12,2024-04-10,Required observation not released by forecast origin
2024-04-01,strict-quarter-start,2024-03-31,Unemployment_L1,UNRATE,NaN,3,2,0,2024-01-01|2024-02-01|2024-03-01,2024-01-01|2024-02-01,2024-02-02|2024-03-08,3.7000000000000002|3.8999999999999999,2024-03-08,2024-04-05,Required observation not released by forecast origin
2024-04-01,strict-quarter-start,2024-03-31,InterestRate_L1,FEDFUNDS,NaN,3,2,0,2024-01-01|2024-02-01|2024-03-01,2024-01-01|2024-02-01,2024-02-01|2024-03-01,5.3300000000000001|5.3300000000000001,2024-03-01,2024-04-01,Required observation not released by forecast origin
2024-07-01,primary-early-quarter,2024-08-14,GDPGrowth_L1,GDPC1,2.80203926667765,2,2,1,2024-01-01|2024-04-01,2024-01-01|2024-04-01,2024-06-27|2024-07-25,22758.752|22918.739000000001,2024-07-25,2024-07-25,
2024-07-01,primary-early-quarter,2024-08-14,Inflation_L1,CPIAUCSL,2.78224839309009,6,6,1,2024-01-01|2024-02-01|2024-03-01|2024-04-01|2024-05-01|2024-06-01,2024-01-01|2024-02-01|2024-03-01|2024-04-01|2024-05-01|2024-06-01,2024-02-13|2024-03-12|2024-04-10|2024-05-15|2024-06-12|2024-07-11,309.685|311.05399999999997|312.23000000000002|313.20699999999999|313.22500000000002|313.04899999999998,2024-07-11,2024-07-11,
2024-07-01,primary-early-quarter,2024-08-14,Unemployment_L1,UNRATE,4,3,3,1,2024-04-01|2024-05-01|2024-06-01,2024-04-01|2024-05-01|2024-06-01,2024-05-03|2024-06-07|2024-07-05,3.8999999999999999|4|4.0999999999999996,2024-07-05,2024-07-05,
2024-07-01,primary-early-quarter,2024-08-14,InterestRate_L1,FEDFUNDS,5.33,3,3,1,2024-04-01|2024-05-01|2024-06-01,2024-04-01|2024-05-01|2024-06-01,2024-05-01|2024-06-03|2024-07-01,5.3300000000000001|5.3300000000000001|5.3300000000000001,2024-07-01,2024-07-01,
2024-07-01,strict-quarter-start,2024-06-30,GDPGrowth_L1,GDPC1,NaN,2,1,0,2024-01-01|2024-04-01,2024-01-01,2024-06-27,22758.752,2024-06-27,2024-07-25,Required observation not released by forecast origin
2024-07-01,strict-quarter-start,2024-06-30,Inflation_L1,CPIAUCSL,NaN,6,5,0,2024-01-01|2024-02-01|2024-03-01|2024-04-01|2024-05-01|2024-06-01,2024-01-01|2024-02-01|2024-03-01|2024-04-01|2024-05-01,2024-02-13|2024-03-12|2024-04-10|2024-05-15|2024-06-12,309.685|311.05399999999997|312.23000000000002|313.20699999999999|313.22500000000002,2024-06-12,2024-07-11,Required observation not released by forecast origin
2024-07-01,strict-quarter-start,2024-06-30,Unemployment_L1,UNRATE,NaN,3,2,0,2024-04-01|2024-05-01|2024-06-01,2024-04-01|2024-05-01,2024-05-03|2024-06-07,3.8999999999999999|4,2024-06-07,2024-07-05,Required observation not released by forecast origin
2024-07-01,strict-quarter-start,2024-06-30,InterestRate_L1,FEDFUNDS,NaN,3,2,0,2024-04-01|2024-05-01|2024-06-01,2024-04-01|2024-05-01,2024-05-01|2024-06-03,5.3300000000000001|5.3300000000000001,2024-06-03,2024-07-01,Required observation not released by forecast origin
2024-10-01,primary-early-quarter,2024-11-14,GDPGrowth_L1,GDPC1,2.78639124801721,2,2,1,2024-04-01|2024-07-01,2024-04-01|2024-07-01,2024-09-26|2024-10-30,23223.905999999999|23386.248,2024-10-30,2024-10-30,
2024-10-01,primary-early-quarter,2024-11-14,Inflation_L1,CPIAUCSL,1.21584387982088,6,6,1,2024-04-01|2024-05-01|2024-06-01|2024-07-01|2024-08-01|2024-09-01,2024-04-01|2024-05-01|2024-06-01|2024-07-01|2024-08-01|2024-09-01,2024-05-15|2024-06-12|2024-07-11|2024-08-14|2024-09-11|2024-10-10,313.20699999999999|313.22500000000002|313.04899999999998|313.53399999999999|314.12099999999998|314.68599999999998,2024-10-10,2024-10-10,
2024-10-01,primary-early-quarter,2024-11-14,Unemployment_L1,UNRATE,4.2,3,3,1,2024-07-01|2024-08-01|2024-09-01,2024-07-01|2024-08-01|2024-09-01,2024-08-02|2024-09-06|2024-10-04,4.2999999999999998|4.2000000000000002|4.0999999999999996,2024-10-04,2024-10-04,
2024-10-01,primary-early-quarter,2024-11-14,InterestRate_L1,FEDFUNDS,5.26333333333333,3,3,1,2024-07-01|2024-08-01|2024-09-01,2024-07-01|2024-08-01|2024-09-01,2024-08-01|2024-09-03|2024-10-01,5.3300000000000001|5.3300000000000001|5.1299999999999999,2024-10-01,2024-10-01,
2024-10-01,strict-quarter-start,2024-09-30,GDPGrowth_L1,GDPC1,NaN,2,1,0,2024-04-01|2024-07-01,2024-04-01,2024-09-26,23223.905999999999,2024-09-26,2024-10-30,Required observation not released by forecast origin
2024-10-01,strict-quarter-start,2024-09-30,Inflation_L1,CPIAUCSL,NaN,6,5,0,2024-04-01|2024-05-01|2024-06-01|2024-07-01|2024-08-01|2024-09-01,2024-04-01|2024-05-01|2024-06-01|2024-07-01|2024-08-01,2024-05-15|2024-06-12|2024-07-11|2024-08-14|2024-09-11,313.20699999999999|313.22500000000002|313.04899999999998|313.53399999999999|314.12099999999998,2024-09-11,2024-10-10,Required observation not released by forecast origin
2024-10-01,strict-quarter-start,2024-09-30,Unemployment_L1,UNRATE,NaN,3,2,0,2024-07-01|2024-08-01|2024-09-01,2024-07-01|2024-08-01,2024-08-02|2024-09-06,4.2999999999999998|4.2000000000000002,2024-09-06,2024-10-04,Required observation not released by forecast origin
2024-10-01,strict-quarter-start,2024-09-30,InterestRate_L1,FEDFUNDS,NaN,3,2,0,2024-07-01|2024-08-01|2024-09-01,2024-07-01|2024-08-01,2024-08-01|2024-09-03,5.3300000000000001|5.3300000000000001,2024-09-03,2024-10-01,Required observation not released by forecast origin
2025-01-01,primary-early-quarter,2025-02-14,GDPGrowth_L1,GDPC1,2.22649885600482,2,2,1,2024-07-01|2024-10-01,2024-07-01|2024-10-01,2024-12-19|2025-01-30,23400.294000000002|23530.909,2025-01-30,2025-01-30,
2025-01-01,primary-early-quarter,2025-02-14,Inflation_L1,CPIAUCSL,2.988338378341,6,6,1,2024-07-01|2024-08-01|2024-09-01|2024-10-01|2024-11-01|2024-12-01,2024-07-01|2024-08-01|2024-09-01|2024-10-01|2024-11-01|2024-12-01,2025-02-12|2025-02-12|2025-02-12|2025-02-12|2025-02-12|2025-02-12,313.56599999999997|314.13099999999997|314.851|315.56400000000002|316.44900000000001|317.60300000000001,2025-02-12,2025-01-15,
2025-01-01,primary-early-quarter,2025-02-14,Unemployment_L1,UNRATE,4.13333333333333,3,3,1,2024-10-01|2024-11-01|2024-12-01,2024-10-01|2024-11-01|2024-12-01,2024-11-01|2024-12-06|2025-01-10,4.0999999999999996|4.2000000000000002|4.0999999999999996,2025-01-10,2025-01-10,
2025-01-01,primary-early-quarter,2025-02-14,InterestRate_L1,FEDFUNDS,4.65,3,3,1,2024-10-01|2024-11-01|2024-12-01,2024-10-01|2024-11-01|2024-12-01,2024-11-01|2024-12-02|2025-01-02,4.8300000000000001|4.6399999999999997|4.4800000000000004,2025-01-02,2025-01-02,
2025-01-01,strict-quarter-start,2024-12-31,GDPGrowth_L1,GDPC1,NaN,2,1,0,2024-07-01|2024-10-01,2024-07-01,2024-12-19,23400.294000000002,2024-12-19,2025-01-30,Required observation not released by forecast origin
2025-01-01,strict-quarter-start,2024-12-31,Inflation_L1,CPIAUCSL,NaN,6,5,0,2024-07-01|2024-08-01|2024-09-01|2024-10-01|2024-11-01|2024-12-01,2024-07-01|2024-08-01|2024-09-01|2024-10-01|2024-11-01,2024-08-14|2024-09-11|2024-10-10|2024-11-13|2024-12-11,313.53399999999999|314.12099999999998|314.68599999999998|315.45400000000001|316.44099999999997,2024-12-11,2025-01-15,Required observation not released by forecast origin
2025-01-01,strict-quarter-start,2024-12-31,Unemployment_L1,UNRATE,NaN,3,2,0,2024-10-01|2024-11-01|2024-12-01,2024-10-01|2024-11-01,2024-11-01|2024-12-06,4.0999999999999996|4.2000000000000002,2024-12-06,2025-01-10,Required observation not released by forecast origin
2025-01-01,strict-quarter-start,2024-12-31,InterestRate_L1,FEDFUNDS,NaN,3,2,0,2024-10-01|2024-11-01|2024-12-01,2024-10-01|2024-11-01,2024-11-01|2024-12-02,4.8300000000000001|4.6399999999999997,2024-12-02,2025-01-02,Required observation not released by forecast origin
2025-04-01,primary-early-quarter,2025-05-15,GDPGrowth_L1,GDPC1,-0.276431557460234,2,2,1,2024-10-01|2025-01-01,2024-10-01|2025-01-01,2025-03-27|2025-04-30,23542.348999999998|23526.084999999999,2025-04-30,2025-04-30,
2025-04-01,primary-early-quarter,2025-05-15,Inflation_L1,CPIAUCSL,3.71473227816374,6,6,1,2024-10-01|2024-11-01|2024-12-01|2025-01-01|2025-02-01|2025-03-01,2024-10-01|2024-11-01|2024-12-01|2025-01-01|2025-02-01|2025-03-01,2025-02-12|2025-02-12|2025-02-12|2025-02-12|2025-03-12|2025-04-10,315.56400000000002|316.44900000000001|317.60300000000001|319.08600000000001|319.77499999999998|319.61500000000001,2025-04-10,2025-04-10,
2025-04-01,primary-early-quarter,2025-05-15,Unemployment_L1,UNRATE,4.1,3,3,1,2025-01-01|2025-02-01|2025-03-01,2025-01-01|2025-02-01|2025-03-01,2025-02-07|2025-03-07|2025-04-04,4|4.0999999999999996|4.2000000000000002,2025-04-04,2025-04-04,
2025-04-01,primary-early-quarter,2025-05-15,InterestRate_L1,FEDFUNDS,4.33,3,3,1,2025-01-01|2025-02-01|2025-03-01,2025-01-01|2025-02-01|2025-03-01,2025-02-03|2025-03-03|2025-04-01,4.3300000000000001|4.3300000000000001|4.3300000000000001,2025-04-01,2025-04-01,
2025-04-01,strict-quarter-start,2025-03-31,GDPGrowth_L1,GDPC1,NaN,2,1,0,2024-10-01|2025-01-01,2024-10-01,2025-03-27,23542.348999999998,2025-03-27,2025-04-30,Required observation not released by forecast origin
2025-04-01,strict-quarter-start,2025-03-31,Inflation_L1,CPIAUCSL,NaN,6,5,0,2024-10-01|2024-11-01|2024-12-01|2025-01-01|2025-02-01|2025-03-01,2024-10-01|2024-11-01|2024-12-01|2025-01-01|2025-02-01,2025-02-12|2025-02-12|2025-02-12|2025-02-12|2025-03-12,315.56400000000002|316.44900000000001|317.60300000000001|319.08600000000001|319.77499999999998,2025-03-12,2025-04-10,Required observation not released by forecast origin
2025-04-01,strict-quarter-start,2025-03-31,Unemployment_L1,UNRATE,NaN,3,2,0,2025-01-01|2025-02-01|2025-03-01,2025-01-01|2025-02-01,2025-02-07|2025-03-07,4|4.0999999999999996,2025-03-07,2025-04-04,Required observation not released by forecast origin
2025-04-01,strict-quarter-start,2025-03-31,InterestRate_L1,FEDFUNDS,NaN,3,2,0,2025-01-01|2025-02-01|2025-03-01,2025-01-01|2025-02-01,2025-02-03|2025-03-03,4.3300000000000001|4.3300000000000001,2025-03-03,2025-04-01,Required observation not released by forecast origin
2025-07-01,primary-early-quarter,2025-08-14,GDPGrowth_L1,GDPC1,2.92505198326611,2,2,1,2025-01-01|2025-04-01,2025-01-01|2025-04-01,2025-06-26|2025-07-30,23512.717000000001|23685.287,2025-07-30,2025-07-30,
2025-07-01,primary-early-quarter,2025-08-14,Inflation_L1,CPIAUCSL,1.63467227213566,6,6,1,2025-01-01|2025-02-01|2025-03-01|2025-04-01|2025-05-01|2025-06-01,2025-01-01|2025-02-01|2025-03-01|2025-04-01|2025-05-01|2025-06-01,2025-02-12|2025-03-12|2025-04-10|2025-05-13|2025-06-11|2025-07-15,319.08600000000001|319.77499999999998|319.61500000000001|320.32100000000003|320.57999999999998|321.5,2025-07-15,2025-07-15,
2025-07-01,primary-early-quarter,2025-08-14,Unemployment_L1,UNRATE,4.16666666666667,3,3,1,2025-04-01|2025-05-01|2025-06-01,2025-04-01|2025-05-01|2025-06-01,2025-05-02|2025-06-06|2025-07-03,4.2000000000000002|4.2000000000000002|4.0999999999999996,2025-07-03,2025-07-03,
2025-07-01,primary-early-quarter,2025-08-14,InterestRate_L1,FEDFUNDS,4.33,3,3,1,2025-04-01|2025-05-01|2025-06-01,2025-04-01|2025-05-01|2025-06-01,2025-05-01|2025-06-02|2025-07-01,4.3300000000000001|4.3300000000000001|4.3300000000000001,2025-07-01,2025-07-01,
2025-07-01,strict-quarter-start,2025-06-30,GDPGrowth_L1,GDPC1,NaN,2,1,0,2025-01-01|2025-04-01,2025-01-01,2025-06-26,23512.717000000001,2025-06-26,2025-07-30,Required observation not released by forecast origin
2025-07-01,strict-quarter-start,2025-06-30,Inflation_L1,CPIAUCSL,NaN,6,5,0,2025-01-01|2025-02-01|2025-03-01|2025-04-01|2025-05-01|2025-06-01,2025-01-01|2025-02-01|2025-03-01|2025-04-01|2025-05-01,2025-02-12|2025-03-12|2025-04-10|2025-05-13|2025-06-11,319.08600000000001|319.77499999999998|319.61500000000001|320.32100000000003|320.57999999999998,2025-06-11,2025-07-15,Required observation not released by forecast origin
2025-07-01,strict-quarter-start,2025-06-30,Unemployment_L1,UNRATE,NaN,3,2,0,2025-04-01|2025-05-01|2025-06-01,2025-04-01|2025-05-01,2025-05-02|2025-06-06,4.2000000000000002|4.2000000000000002,2025-06-06,2025-07-03,Required observation not released by forecast origin
2025-07-01,strict-quarter-start,2025-06-30,InterestRate_L1,FEDFUNDS,NaN,3,2,0,2025-04-01|2025-05-01|2025-06-01,2025-04-01|2025-05-01,2025-05-01|2025-06-02,4.3300000000000001|4.3300000000000001,2025-06-02,2025-07-01,Required observation not released by forecast origin
2025-10-01,primary-early-quarter,2025-11-14,GDPGrowth_L1,GDPC1,NaN,2,1,0,2025-04-01|2025-07-01,2025-04-01,2025-09-25,23770.975999999999,2025-09-25,2025-12-23,Required observation not released by forecast origin
2025-10-01,primary-early-quarter,2025-11-14,Inflation_L1,CPIAUCSL,3.08986070125275,6,6,1,2025-04-01|2025-05-01|2025-06-01|2025-07-01|2025-08-01|2025-09-01,2025-04-01|2025-05-01|2025-06-01|2025-07-01|2025-08-01|2025-09-01,2025-05-13|2025-06-11|2025-07-15|2025-08-12|2025-09-11|2025-10-24,320.32100000000003|320.57999999999998|321.5|322.13200000000001|323.36399999999998|324.36799999999999,2025-10-24,2025-10-24,
2025-10-01,primary-early-quarter,2025-11-14,Unemployment_L1,UNRATE,NaN,3,2,0,2025-07-01|2025-08-01|2025-09-01,2025-07-01|2025-08-01,2025-08-01|2025-09-05,4.2000000000000002|4.2999999999999998,2025-09-05,2025-11-20,Required observation not released by forecast origin
2025-10-01,primary-early-quarter,2025-11-14,InterestRate_L1,FEDFUNDS,4.29333333333333,3,3,1,2025-07-01|2025-08-01|2025-09-01,2025-07-01|2025-08-01|2025-09-01,2025-08-01|2025-09-02|2025-10-01,4.3300000000000001|4.3300000000000001|4.2199999999999998,2025-10-01,2025-10-01,
2025-10-01,strict-quarter-start,2025-09-30,GDPGrowth_L1,GDPC1,NaN,2,1,0,2025-04-01|2025-07-01,2025-04-01,2025-09-25,23770.975999999999,2025-09-25,2025-12-23,Required observation not released by forecast origin
2025-10-01,strict-quarter-start,2025-09-30,Inflation_L1,CPIAUCSL,NaN,6,5,0,2025-04-01|2025-05-01|2025-06-01|2025-07-01|2025-08-01|2025-09-01,2025-04-01|2025-05-01|2025-06-01|2025-07-01|2025-08-01,2025-05-13|2025-06-11|2025-07-15|2025-08-12|2025-09-11,320.32100000000003|320.57999999999998|321.5|322.13200000000001|323.36399999999998,2025-09-11,2025-10-24,Required observation not released by forecast origin
2025-10-01,strict-quarter-start,2025-09-30,Unemployment_L1,UNRATE,NaN,3,2,0,2025-07-01|2025-08-01|2025-09-01,2025-07-01|2025-08-01,2025-08-01|2025-09-05,4.2000000000000002|4.2999999999999998,2025-09-05,2025-11-20,Required observation not released by forecast origin
2025-10-01,strict-quarter-start,2025-09-30,InterestRate_L1,FEDFUNDS,NaN,3,2,0,2025-07-01|2025-08-01|2025-09-01,2025-07-01|2025-08-01,2025-08-01|2025-09-02,4.3300000000000001|4.3300000000000001,2025-09-02,2025-10-01,Required observation not released by forecast origin
2026-01-01,primary-early-quarter,2026-02-14,GDPGrowth_L1,GDPC1,NaN,2,1,0,2025-07-01|2025-10-01,2025-07-01,2026-01-22,24026.833999999999,2026-01-22,2026-02-20,Required observation not released by forecast origin
2026-01-01,primary-early-quarter,2026-02-14,Inflation_L1,CPIAUCSL,NaN,6,5,0,2025-07-01|2025-08-01|2025-09-01|2025-10-01|2025-11-01|2025-12-01,2025-07-01|2025-08-01|2025-09-01|2025-11-01|2025-12-01,2026-02-13|2026-02-13|2026-02-13|2026-02-13|2026-02-13,322.16899999999998|323.291|324.245|325.06299999999999|326.03100000000001,2026-02-13,NaT,Required observation absent from cache
2026-01-01,primary-early-quarter,2026-02-14,Unemployment_L1,UNRATE,NaN,3,2,0,2025-10-01|2025-11-01|2025-12-01,2025-11-01|2025-12-01,2026-01-09|2026-01-09,4.5|4.4000000000000004,2026-01-09,NaT,Required observation absent from cache
2026-01-01,primary-early-quarter,2026-02-14,InterestRate_L1,FEDFUNDS,3.89666666666667,3,3,1,2025-10-01|2025-11-01|2025-12-01,2025-10-01|2025-11-01|2025-12-01,2025-11-03|2025-12-01|2026-01-02,4.0899999999999999|3.8799999999999999|3.7200000000000002,2026-01-02,2026-01-02,
2026-01-01,strict-quarter-start,2025-12-31,GDPGrowth_L1,GDPC1,NaN,2,1,0,2025-07-01|2025-10-01,2025-07-01,2025-12-23,24024.956999999999,2025-12-23,2026-02-20,Required observation not released by forecast origin
2026-01-01,strict-quarter-start,2025-12-31,Inflation_L1,CPIAUCSL,NaN,6,4,0,2025-07-01|2025-08-01|2025-09-01|2025-10-01|2025-11-01|2025-12-01,2025-07-01|2025-08-01|2025-09-01|2025-11-01,2025-08-12|2025-09-11|2025-10-24|2025-12-18,322.13200000000001|323.36399999999998|324.36799999999999|325.03100000000001,2025-12-18,NaT,Required observation absent from cache
2026-01-01,strict-quarter-start,2025-12-31,Unemployment_L1,UNRATE,NaN,3,1,0,2025-10-01|2025-11-01|2025-12-01,2025-11-01,2025-12-16,4.5999999999999996,2025-12-16,NaT,Required observation absent from cache
2026-01-01,strict-quarter-start,2025-12-31,InterestRate_L1,FEDFUNDS,NaN,3,2,0,2025-10-01|2025-11-01|2025-12-01,2025-10-01|2025-11-01,2025-11-03|2025-12-01,4.0899999999999999|3.8799999999999999,2025-12-01,2026-01-02,Required observation not released by forecast origin
2026-04-01,primary-early-quarter,2026-05-15,GDPGrowth_L1,GDPC1,1.97018553460231,2,2,1,2025-10-01|2026-01-01,2025-10-01|2026-01-01,2026-04-09|2026-04-30,24055.749|24174.526999999998,2026-04-30,2026-04-30,
2026-04-01,primary-early-quarter,2026-05-15,Inflation_L1,CPIAUCSL,NaN,6,5,0,2025-10-01|2025-11-01|2025-12-01|2026-01-01|2026-02-01|2026-03-01,2025-11-01|2025-12-01|2026-01-01|2026-02-01|2026-03-01,2026-02-13|2026-02-13|2026-02-13|2026-03-11|2026-04-10,325.06299999999999|326.03100000000001|326.58800000000002|327.45999999999998|330.29300000000001,2026-04-10,NaT,Required observation absent from cache
2026-04-01,primary-early-quarter,2026-05-15,Unemployment_L1,UNRATE,4.33333333333333,3,3,1,2026-01-01|2026-02-01|2026-03-01,2026-01-01|2026-02-01|2026-03-01,2026-02-11|2026-03-06|2026-04-03,4.2999999999999998|4.4000000000000004|4.2999999999999998,2026-04-03,2026-04-03,
2026-04-01,primary-early-quarter,2026-05-15,InterestRate_L1,FEDFUNDS,3.64,3,3,1,2026-01-01|2026-02-01|2026-03-01,2026-01-01|2026-02-01|2026-03-01,2026-02-02|2026-03-02|2026-04-01,3.6400000000000001|3.6400000000000001|3.6400000000000001,2026-04-01,2026-04-01,
2026-04-01,strict-quarter-start,2026-03-31,GDPGrowth_L1,GDPC1,NaN,2,1,0,2025-10-01|2026-01-01,2025-10-01,2026-03-13,24065.955999999998,2026-03-13,2026-04-30,Required observation not released by forecast origin
2026-04-01,strict-quarter-start,2026-03-31,Inflation_L1,CPIAUCSL,NaN,6,4,0,2025-10-01|2025-11-01|2025-12-01|2026-01-01|2026-02-01|2026-03-01,2025-11-01|2025-12-01|2026-01-01|2026-02-01,2026-02-13|2026-02-13|2026-02-13|2026-03-11,325.06299999999999|326.03100000000001|326.58800000000002|327.45999999999998,2026-03-11,NaT,Required observation absent from cache
2026-04-01,strict-quarter-start,2026-03-31,Unemployment_L1,UNRATE,NaN,3,2,0,2026-01-01|2026-02-01|2026-03-01,2026-01-01|2026-02-01,2026-02-11|2026-03-06,4.2999999999999998|4.4000000000000004,2026-03-06,2026-04-03,Required observation not released by forecast origin
2026-04-01,strict-quarter-start,2026-03-31,InterestRate_L1,FEDFUNDS,NaN,3,2,0,2026-01-01|2026-02-01|2026-03-01,2026-01-01|2026-02-01,2026-02-02|2026-03-02,3.6400000000000001|3.6400000000000001,2026-03-02,2026-04-01,Required observation not released by forecast origin
